Timestamp,Source,Joint,PositionX,PositionY,PositionZ,RotationX,RotationY,RotationZ,RotationW,PinchAmount,TrackingSource
2026-08-25T18:00:57.905Z,right,endEffector,0.2090666,0.02617219,0.5225537,0.6808695,0.02156044,-0.7211818,0.1258918,NULL,HEADSET
2026-08-25T18:00:57.905Z,right,base,0.08816278,-0.6131665,0.7232763,0.0888618,0.9253898,0.00234177,0.3684452,NULL,HEADSET
2026-08-25T18:00:57.905Z,right,shoulder_pan_joint,0,8.9159,0,0,-0.7144142,0,0.6997231,NULL,HEADSET
2026-08-25T18:00:57.905Z,right,shoulder_lift_joint,NULL,NULL,NULL,0,0,-0.612639,0.7903629,NULL,HEADSET
2026-08-25T18:00:57.905Z,right,elbow_joint,-42.5,0,0,0,0,-0.5422931,0.8401894,NULL,HEADSET
2026-08-25T18:00:57.905Z,right,wrist_1_joint,-39.225,0,-10.915,0,0,0.9940932,0.1085301,NULL,HEADSET
2026-08-25T18:00:57.905Z,right,wrist_2_joint,0,-9.465002,0,0,0.4445758,0,0.8957412,NULL,HEADSET
2026-08-25T18:00:57.905Z,right,wrist_3_joint,0,0,-8.23,0,0,-0.2622826,0.9649912,NULL,HEADSET
2026-08-25T18:00:57.905Z,right,gripper,NULL,NULL,NULL,0,0,0,1,0.412258,HEADSET
2026-08-25T18:00:57.931Z,right,endEffector,0.2093739,0.02632147,0.5227108,0.6808584,0.02093033,-0.7212188,0.1258473,NULL,HEADSET
2026-08-25T18:00:57.931Z,right,base,0.0880661,-0.6127669,0.7236705,0.08937606,0.9254832,0.001647073,0.3680898,NULL,HEADSET
2026-08-25T18:00:57.931Z,right,shoulder_pan_joint,0,8.9159,0,0,-0.7144142,0,0.6997231,NULL,HEADSET
2026-08-25T18:00:57.931Z,right,shoulder_lift_joint,NULL,NULL,NULL,0,0,-0.612639,0.7903629,NULL,HEADSET
2026-08-25T18:00:57.931Z,right,elbow_joint,-42.5,0,0,0,0,-0.5422931,0.8401894,NULL,HEADSET
2026-08-25T18:00:57.931Z,right,wrist_1_joint,-39.225,0,-10.915,0,0,0.9940932,0.1085301,NULL,HEADSET
2026-08-25T18:00:57.931Z,right,wrist_2_joint,0,-9.465002,0,0,0.4445758,0,0.8957412,NULL,HEADSET
2026-08-25T18:00:57.931Z,right,wrist_3_joint,0,0,-8.23,0,0,-0.2622826,0.9649912,NULL,HEADSET
2026-08-25T18:00:57.931Z,right,gripper,NULL,NULL,NULL,0,0,0,1,0.4118183,HEADSET
2026-08-25T18:00:57.944Z,right,endEffector,0.2101,0.02662602,0.5224878,0.6806346,0.02123012,-0.7214894,0.1254548,NULL,HEADSET
2026-08-25T18:00:57.944Z,right,base,0.08920011,-0.6123646,0.7238352,0.08933139,0.925719,0.001214643,0.367509,NULL,HEADSET
2026-08-25T18:00:57.944Z,right,shoulder_pan_joint,0,8.9159,0,0,-0.7144142,0,0.6997231,NULL,HEADSET
2026-08-25T18:00:57.944Z,right,shoulder_lift_joint,NULL,NULL,NULL,0,0,-0.612639,0.7903629,NULL,HEADSET
2026-08-25T18:00:57.944Z,right,elbow_joint,-42.5,0,0,0,0,-0.5422931,0.8401894,NULL,HEADSET
2026-08-25T18:00:57.944Z,right,wrist_1_joint,-39.225,0,-10.915,0,0,0.9940932,0.1085301,NULL,HEADSET
2026-08-25T18:00:57.944Z,right,wrist_2_joint,0,-9.465002,0,0,0.4445758,0,0.8957412,NULL,HEADSET
2026-08-25T18:00:57.944Z,right,wrist_3_joint,0,0,-8.23,0,0,-0.2622826,0.9649912,NULL,HEADSET
2026-08-25T18:00:57.944Z,right,gripper,NULL,NULL,NULL,0,0,0,1,0.411406,HEADSET
2026-08-25T18:00:57.965Z,right,endEffector,0.2100148,0.02692979,0.5223273,0.6810709,0.02130735,-0.7209297,0.1262884,NULL,HEADSET
2026-08-25T18:00:57.965Z,right,base,0.0899747,-0.6121514,0.7238853,0.08885949,0.9257883,0.001210727,0.3674489,NULL,HEADSET
2026-08-25T18:00:57.965Z,right,shoulder_pan_joint,0,8.9159,0,0,-0.7144142,0,0.6997231,NULL,HEADSET
2026-08-25T18:00:57.965Z,right,shoulder_lift_joint,NULL,NULL,NULL,0,0,-0.612639,0.7903629,NULL,HEADSET
2026-08-25T18:00:57.965Z,right,elbow_joint,-42.5,0,0,0,0,-0.5422931,0.8401894,NULL,HEADSET
2026-08-25T18:00:57.965Z,right,wrist_1_joint,-39.225,0,-10.915,0,0,0.9940932,0.1085301,NULL,HEADSET
2026-08-25T18:00:57.965Z,right,wrist_2_joint,0,-9.465002,0,0,0.4445758,0,0.8957412,NULL,HEADSET
2026-08-25T18:00:57.965Z,right,wrist_3_joint,0,0,-8.23,0,0,-0.2622826,0.9649912,NULL,HEADSET
2026-08-25T18:00:57.965Z,right,gripper,NULL,NULL,NULL,0,0,0,1,0.4114063,HEADSET
2026-08-25T18:00:57.985Z,right,endEffector,0.2096946,0.02736366,0.5226759,0.6815501,0.02122339,-0.720337,0.1270972,NULL,HEADSET
2026-08-25T18:00:57.985Z,right,base,0.09029827,-0.6118147,0.7241229,0.08861493,0.9256935,0.001154999,0.3677467,NULL,HEADSET
2026-08-25T18:00:57.985Z,right,shoulder_pan_joint,0,8.9159,0,0,-0.7144142,0,0.6997231,NULL,HEADSET
2026-08-25T18:00:57.985Z,right,shoulder_lift_joint,NULL,NULL,NULL,0,0,-0.612639,0.7903629,NULL,HEADSET
2026-08-25T18:00:57.985Z,right,elbow_joint,-42.5,0,0,0,0,-0.5422931,0.8401894,NULL,HEADSET
2026-08-25T18:00:57.985Z,right,wrist_1_joint,-39.225,0,-10.915,0,0,0.9940932,0.1085301,NULL,HEADSET
2026-08-25T18:00:57.985Z,right,wrist_2_joint,0,-9.465002,0,0,0.4445758,0,0.8957412,NULL,HEADSET
2026-08-25T18:00:57.985Z,right,wrist_3_joint,0,0,-8.23,0,0,-0.2622826,0.9649912,NULL,HEADSET
2026-08-25T18:00:57.985Z,right,gripper,NULL,NULL,NULL,0,0,0,1,0.4105947,HEADSET
2026-08-25T18:00:58.009Z,right,endEffector,0.20988,0.0271364,0.5226579,0.6814623,0.0210136,-0.7204978,0.1266904,NULL,HEADSET
2026-08-25T18:00:58.009Z,right,base,0.09024534,-0.6119821,0.7240687,0.08906654,0.9257089,0.0009821272,0.3675996,NULL,HEADSET
2026-08-25T18:00:58.009Z,right,shoulder_pan_joint,0,8.9159,0,0,-0.7144142,0,0.6997231,NULL,HEADSET
2026-08-25T18:00:58.009Z,right,shoulder_lift_joint,NULL,NULL,NULL,0,0,-0.612639,0.7903629,NULL,HEADSET
2026-08-25T18:00:58.009Z,right,elbow_joint,-42.5,0,0,0,0,-0.5422931,0.8401894,NULL,HEADSET
2026-08-25T18:00:58.009Z,right,wrist_1_joint,-39.225,0,-10.915,0,0,0.9940932,0.1085301,NULL,HEADSET
2026-08-25T18:00:58.009Z,right,wrist_2_joint,0,-9.465002,0,0,0.4445758,0,0.8957412,NULL,HEADSET
2026-08-25T18:00:58.009Z,right,wrist_3_joint,0,0,-8.23,0,0,-0.2622826,0.9649912,NULL,HEADSET
2026-08-25T18:00:58.009Z,right,gripper,NULL,NULL,NULL,0,0,0,1,0.4100135,HEADSET
2026-08-25T18:00:58.027Z,right,endEffector,0.2102925,0.02703273,0.5223364,0.6810511,0.02095711,-0.7210878,0.1255495,NULL,HEADSET
2026-08-25T18:00:58.027Z,right,base,0.09065509,-0.6119625,0.724013,0.08976445,0.9259004,0.0004971735,0.3669477,NULL,HEADSET
2026-08-25T18:00:58.027Z,right,shoulder_pan_joint,0,8.9159,0,0,-0.7144142,0,0.6997231,NULL,HEADSET
2026-08-25T18:00:58.027Z,right,shoulder_lift_joint,NULL,NULL,NULL,0,0,-0.612639,0.7903629,NULL,HEADSET
2026-08-25T18:00:58.027Z,right,elbow_joint,-42.5,0,0,0,0,-0.5422931,0.8401894,NULL,HEADSET
2026-08-25T18:00:58.027Z,right,wrist_1_joint,-39.225,0,-10.915,0,0,0.9940932,0.1085301,NULL,HEADSET
2026-08-25T18:00:58.027Z,right,wrist_2_joint,0,-9.465002,0,0,0.4445758,0,0.8957412,NULL,HEADSET
2026-08-25T18:00:58.027Z,right,wrist_3_joint,0,0,-8.23,0,0,-0.2622826,0.9649912,NULL,HEADSET
2026-08-25T18:00:58.027Z,right,gripper,NULL,NULL,NULL,0,0,0,1,0.4097715,HEADSET
2026-08-25T18:00:58.050Z,right,endEffector,0.2104771,0.02731567,0.5223668,0.6809977,0.02096723,-0.7211263,0.1256165,NULL,HEADSET
2026-08-25T18:00:58.050Z,right,base,0.09126008,-0.6116664,0.7242244,0.08957801,0.9260072,0.0003293762,0.3667239,NULL,HEADSET
2026-08-25T18:00:58.050Z,right,shoulder_pan_joint,0,8.9159,0,0,-0.7144142,0,0.6997231,NULL,HEADSET
2026-08-25T18:00:58.050Z,right,shoulder_lift_joint,NULL,NULL,NULL,0,0,-0.612639,0.7903629,NULL,HEADSET
2026-08-25T18:00:58.050Z,right,elbow_joint,-42.5,0,0,0,0,-0.5422931,0.8401894,NULL,HEADSET
2026-08-25T18:00:58.050Z,right,wrist_1_joint,-39.225,0,-10.915,0,0,0.9940932,0.1085301,NULL,HEADSET
2026-08-25T18:00:58.050Z,right,wrist_2_joint,0,-9.465002,0,0,0.4445758,0,0.8957412,NULL,HEADSET
2026-08-25T18:00:58.050Z,right,wrist_3_joint,0,0,-8.23,0,0,-0.2622826,0.9649912,NULL,HEADSET
2026-08-25T18:00:58.050Z,right,gripper,NULL,NULL,NULL,0,0,0,1,0.4097716,HEADSET
2026-08-25T18:00:58.067Z,right,endEffector,0.210325,0.02734928,0.5222749,0.6809325,0.02155149,-0.7211046,0.1259956,NULL,HEADSET
2026-08-25T18:00:58.067Z,right,base,0.09257075,-0.6118734,0.7239577,0.08918161,0.9261428,0.0005773176,0.3664779,NULL,HEADSET
2026-08-25T18:00:58.067Z,right,shoulder_pan_joint,0,8.9159,0,0,-0.7144142,0,0.6997231,NULL,HEADSET
2026-08-25T18:00:58.067Z,right,shoulder_lift_joint,NULL,NULL,NULL,0,0,-0.612639,0.7903629,NULL,HEADSET
2026-08-25T18:00:58.067Z,right,elbow_joint,-42.5,0,0,0,0,-0.5422931,0.8401894,NULL,HEADSET
2026-08-25T18:00:58.067Z,right,wrist_1_joint,-39.225,0,-10.915,0,0,0.9940932,0.1085301,NULL,HEADSET
2026-08-25T18:00:58.067Z,right,wrist_2_joint,0,-9.465002,0,0,0.4445758,0,0.8957412,NULL,HEADSET
2026-08-25T18:00:58.067Z,right,wrist_3_joint,0,0,-8.23,0,0,-0.2622826,0.9649912,NULL,HEADSET
2026-08-25T18:00:58.067Z,right,gripper,NULL,NULL,NULL,0,0,0,1,0.409811,HEADSET
2026-08-25T18:00:58.090Z,right,endEffector,0.2102298,0.0268675,0.5224389,0.6807462,0.02196006,-0.7212685,0.1259928,NULL,HEADSET
2026-08-25T18:00:58.090Z,right,base,0.09294468,-0.6125634,0.7233934,0.08933678,0.9261919,0.000955482,0.3663151,NULL,HEADSET
2026-08-25T18:00:58.090Z,right,shoulder_pan_joint,0,8.9159,0,0,-0.7144142,0,0.6997231,NULL,HEADSET
2026-08-25T18:00:58.090Z,right,shoulder_lift_joint,NULL,NULL,NULL,0,0,-0.612639,0.7903629,NULL,HEADSET
2026-08-25T18:00:58.090Z,right,elbow_joint,-42.5,0,0,0,0,-0.5422931,0.8401894,NULL,HEADSET
2026-08-25T18:00:58.090Z,right,wrist_1_joint,-39.225,0,-10.915,0,0,0.9940932,0.1085301,NULL,HEADSET
2026-08-25T18:00:58.090Z,right,wrist_2_joint,0,-9.465002,0,0,0.4445758,0,0.8957412,NULL,HEADSET
2026-08-25T18:00:58.090Z,right,wrist_3_joint,0,0,-8.23,0,0,-0.2622826,0.9649912,NULL,HEADSET
2026-08-25T18:00:58.090Z,right,gripper,NULL,NULL,NULL,0,0,0,1,0.4094331,HEADSET
2026-08-25T18:00:58.110Z,right,endEffector,0.2096642,0.0262475,0.5227596,0.6803316,0.02334148,-0.7217452,0.1252515,NULL,HEADSET
2026-08-25T18:00:58.110Z,right,base,0.09375548,-0.6136364,0.7222935,0.08941908,0.9262653,0.001766493,0.3661063,NULL,HEADSET
2026-08-25T18:00:58.110Z,right,shoulder_pan_joint,0,8.9159,0,0,-0.7144142,0,0.6997231,NULL,HEADSET
2026-08-25T18:00:58.110Z,right,shoulder_lift_joint,NULL,NULL,NULL,0,0,-0.612639,0.7903629,NULL,HEADSET
2026-08-25T18:00:58.110Z,right,elbow_joint,-42.5,0,0,0,0,-0.5422931,0.8401894,NULL,HEADSET
2026-08-25T18:00:58.110Z,right,wrist_1_joint,-39.225,0,-10.915,0,0,0.9940932,0.1085301,NULL,HEADSET
2026-08-25T18:00:58.110Z,right,wrist_2_joint,0,-9.465002,0,0,0.4445758,0,0.8957412,NULL,HEADSET
2026-08-25T18:00:58.110Z,right,wrist_3_joint,0,0,-8.23,0,0,-0.2622826,0.9649912,NULL,HEADSET
2026-08-25T18:00:58.110Z,right,gripper,NULL,NULL,NULL,0,0,0,1,0.4092112,HEADSET
2026-08-25T18:00:58.133Z,right,endEffector,0.2091057,0.02635257,0.5227086,0.6803983,0.02350124,-0.7215939,0.12573,NULL,HEADSET
2026-08-25T18:00:58.133Z,right,base,0.09409809,-0.6136172,0.722271,0.08926671,0.9262846,0.001832747,0.3660943,NULL,HEADSET
2026-08-25T18:00:58.133Z,right,shoulder_pan_joint,0,8.9159,0,0,-0.7144142,0,0.6997231,NULL,HEADSET
2026-08-25T18:00:58.133Z,right,shoulder_lift_joint,NULL,NULL,NULL,0,0,-0.612639,0.7903629,NULL,HEADSET
2026-08-25T18:00:58.133Z,right,elbow_joint,-42.5,0,0,0,0,-0.5422931,0.8401894,NULL,HEADSET
2026-08-25T18:00:58.133Z,right,wrist_1_joint,-39.225,0,-10.915,0,0,0.9940932,0.1085301,NULL,HEADSET
2026-08-25T18:00:58.133Z,right,wrist_2_joint,0,-9.465002,0,0,0.4445758,0,0.8957412,NULL,HEADSET
2026-08-25T18:00:58.133Z,right,wrist_3_joint,0,0,-8.23,0,0,-0.2622826,0.9649912,NULL,HEADSET
2026-08-25T18:00:58.133Z,right,gripper,NULL,NULL,NULL,0,0,0,1,0.4095463,HEADSET
2026-08-25T18:00:58.151Z,right,endEffector,0.2089543,0.02638611,0.5232451,0.6806546,0.02398581,-0.7213323,0.1257526,NULL,HEADSET
2026-08-25T18:00:58.151Z,right,base,0.09483668,-0.6135992,0.7222852,0.08906689,0.9263457,0.001818549,0.3659883,NULL,HEADSET
2026-08-25T18:00:58.151Z,right,shoulder_pan_joint,0,8.9159,0,0,-0.7137533,0,0.7003971,NULL,HEADSET
2026-08-25T18:00:58.151Z,right,shoulder_lift_joint,NULL,NULL,NULL,0,0,-0.612769,0.7902622,NULL,HEADSET
2026-08-25T18:00:58.151Z,right,elbow_joint,-42.5,0,0,0,0,-0.5418991,0.8404436,NULL,HEADSET
2026-08-25T18:00:58.151Z,right,wrist_1_joint,-39.225,0,-10.915,0,0,0.9940882,0.1085762,NULL,HEADSET
2026-08-25T18:00:58.151Z,right,wrist_2_joint,0,-9.465002,0,0,0.4439438,0,0.8960546,NULL,HEADSET
2026-08-25T18:00:58.151Z,right,wrist_3_joint,0,0,-8.23,0,0,-0.2625185,0.964927,NULL,HEADSET
2026-08-25T18:00:58.151Z,right,gripper,NULL,NULL,NULL,0,0,0,1,0.410191,HEADSET
2026-08-25T18:00:58.173Z,right,endEffector,0.2087786,0.02592243,0.523674,0.6811764,0.02380094,-0.7207341,0.1263907,NULL,HEADSET
2026-08-25T18:00:58.173Z,right,base,0.09505305,-0.6141337,0.7220268,0.08913276,0.9263672,0.001964698,0.3659171,NULL,HEADSET
2026-08-25T18:00:58.173Z,right,shoulder_pan_joint,0,8.9159,0,0,-0.7131561,0,0.7010053,NULL,HEADSET
2026-08-25T18:00:58.173Z,right,shoulder_lift_joint,NULL,NULL,NULL,0,0,-0.6128171,0.7902247,NULL,HEADSET
2026-08-25T18:00:58.173Z,right,elbow_joint,-42.5,0,0,0,0,-0.5415974,0.8406381,NULL,HEADSET
2026-08-25T18:00:58.173Z,right,wrist_1_joint,-39.225,0,-10.915,0,0,0.994081,0.108642,NULL,HEADSET
2026-08-25T18:00:58.173Z,right,wrist_2_joint,0,-9.465002,0,0,0.443387,0,0.8963303,NULL,HEADSET
2026-08-25T18:00:58.173Z,right,wrist_3_joint,0,0,-8.23,0,0,-0.2627315,0.964869,NULL,HEADSET
2026-08-25T18:00:58.173Z,right,gripper,NULL,NULL,NULL,0,0,0,1,0.4101903,HEADSET
2026-08-25T18:00:58.194Z,right,endEffector,0.208743,0.02526202,0.5239005,0.6811633,0.02437557,-0.720751,0.1262559,NULL,HEADSET
2026-08-25T18:00:58.194Z,right,base,0.09578836,-0.6150841,0.7211185,0.08910442,0.9264398,0.002605606,0.3657362,NULL,HEADSET
2026-08-25T18:00:58.194Z,right,shoulder_pan_joint,0,8.9159,0,0,-0.7128835,0,0.7012825,NULL,HEADSET
2026-08-25T18:00:58.194Z,right,shoulder_lift_joint,NULL,NULL,NULL,0,0,-0.6128142,0.7902271,NULL,HEADSET
2026-08-25T18:00:58.194Z,right,elbow_joint,-42.5,0,0,0,0,-0.5414761,0.8407162,NULL,HEADSET
2026-08-25T18:00:58.194Z,right,wrist_1_joint,-39.225,0,-10.915,0,0,0.9940766,0.1086823,NULL,HEADSET
2026-08-25T18:00:58.194Z,right,wrist_2_joint,0,-9.465002,0,0,0.4431378,0,0.8964536,NULL,HEADSET
2026-08-25T18:00:58.194Z,right,wrist_3_joint,0,0,-8.23,0,0,-0.2628291,0.9648424,NULL,HEADSET
2026-08-25T18:00:58.194Z,right,gripper,NULL,NULL,NULL,0,0,0,1,0.4088265,HEADSET
2026-08-25T18:00:58.217Z,right,endEffector,0.2084138,0.02535675,0.5238141,0.6812176,0.02443422,-0.7207053,0.1262121,NULL,HEADSET
2026-08-25T18:00:58.217Z,right,base,0.09571403,-0.6150144,0.7210855,0.08907568,0.9263903,0.002625768,0.3658683,NULL,HEADSET
2026-08-25T18:00:58.217Z,right,shoulder_pan_joint,0,8.9159,0,0,-0.7126241,0,0.7015461,NULL,HEADSET
2026-08-25T18:00:58.217Z,right,shoulder_lift_joint,NULL,NULL,NULL,0,0,-0.6127893,0.7902464,NULL,HEADSET
2026-08-25T18:00:58.217Z,right,elbow_joint,-42.5,0,0,0,0,-0.5413787,0.8407788,NULL,HEADSET
2026-08-25T18:00:58.217Z,right,wrist_1_joint,-39.225,0,-10.915,0,0,0.9940715,0.108728,NULL,HEADSET
2026-08-25T18:00:58.217Z,right,wrist_2_joint,0,-9.465002,0,0,0.4429051,0,0.8965685,NULL,HEADSET
2026-08-25T18:00:58.217Z,right,wrist_3_joint,0,0,-8.23,0,0,-0.2629217,0.9648172,NULL,HEADSET
2026-08-25T18:00:58.217Z,right,gripper,NULL,NULL,NULL,0,0,0,1,0.4084475,HEADSET
2026-08-25T18:00:58.233Z,right,endEffector,0.2073855,0.0254708,0.5227872,0.6807983,0.02493496,-0.7211163,0.1260294,NULL,HEADSET
2026-08-25T18:00:58.233Z,right,base,0.09562242,-0.6149909,0.7212608,0.08912474,0.9263759,0.002347497,0.365895,NULL,HEADSET
2026-08-25T18:00:58.233Z,right,shoulder_pan_joint,0,8.9159,0,0,-0.7123578,0,0.7018165,NULL,HEADSET
2026-08-25T18:00:58.233Z,right,shoulder_lift_joint,NULL,NULL,NULL,0,0,-0.6127649,0.7902653,NULL,HEADSET
2026-08-25T18:00:58.233Z,right,elbow_joint,-42.5,0,0,0,0,-0.5412901,0.8408359,NULL,HEADSET
2026-08-25T18:00:58.233Z,right,wrist_1_joint,-39.225,0,-10.915,0,0,0.9940671,0.1087683,NULL,HEADSET
2026-08-25T18:00:58.233Z,right,wrist_2_joint,0,-9.465002,0,0,0.4426673,0,0.896686,NULL,HEADSET
2026-08-25T18:00:58.233Z,right,wrist_3_joint,0,0,-8.23,0,0,-0.2630144,0.964792,NULL,HEADSET
2026-08-25T18:00:58.233Z,right,gripper,NULL,NULL,NULL,0,0,0,1,0.4084272,HEADSET
2026-08-25T18:00:58.257Z,right,endEffector,0.2069641,0.02498712,0.522895,0.6811446,0.02522995,-0.7208195,0.1257968,NULL,HEADSET
2026-08-25T18:00:58.257Z,right,base,0.0954186,-0.6156316,0.7209299,0.08908873,0.9262832,0.002662899,0.3661361,NULL,HEADSET
2026-08-25T18:00:58.257Z,right,shoulder_pan_joint,0,8.9159,0,0,-0.7110047,0,0.7031872,NULL,HEADSET
2026-08-25T18:00:58.257Z,right,shoulder_lift_joint,NULL,NULL,NULL,0,0,-0.6127607,0.7902685,NULL,HEADSET
2026-08-25T18:00:58.257Z,right,elbow_joint,-42.5,0,0,0,0,-0.5409535,0.8410525,NULL,HEADSET
2026-08-25T18:00:58.257Z,right,wrist_1_joint,-39.225,0,-10.915,0,0,0.9940611,0.1088231,NULL,HEADSET
2026-08-25T18:00:58.257Z,right,wrist_2_joint,0,-9.465002,0,0,0.4414557,0,0.8972831,NULL,HEADSET
2026-08-25T18:00:58.257Z,right,wrist_3_joint,0,0,-8.23,0,0,-0.263445,0.9646744,NULL,HEADSET
2026-08-25T18:00:58.257Z,right,gripper,NULL,NULL,NULL,0,0,0,1,0.4084381,HEADSET
2026-08-25T18:00:58.276Z,right,endEffector,0.2061453,0.02413899,0.5235361,0.6816056,0.02668894,-0.7203938,0.1254364,NULL,HEADSET
2026-08-25T18:00:58.276Z,right,base,0.09539285,-0.6170774,0.7196572,0.08885915,0.9260853,0.0039031,0.366681,NULL,HEADSET
2026-08-25T18:00:58.276Z,right,shoulder_pan_joint,0,8.9159,0,0,-0.7107003,0,0.703495,NULL,HEADSET
2026-08-25T18:00:58.276Z,right,shoulder_lift_joint,NULL,NULL,NULL,0,0,-0.6127566,0.7902718,NULL,HEADSET
2026-08-25T18:00:58.276Z,right,elbow_joint,-42.5,0,0,0,0,-0.5408821,0.8410984,NULL,HEADSET
2026-08-25T18:00:58.276Z,right,wrist_1_joint,-39.225,0,-10.915,0,0,0.9940598,0.1088355,NULL,HEADSET
2026-08-25T18:00:58.276Z,right,wrist_2_joint,0,-9.465002,0,0,0.4411841,0,0.8974166,NULL,HEADSET
2026-08-25T18:00:58.276Z,right,wrist_3_joint,0,0,-8.23,0,0,-0.2635416,0.9646481,NULL,HEADSET
2026-08-25T18:00:58.276Z,right,gripper,NULL,NULL,NULL,0,0,0,1,0.4077674,HEADSET
2026-08-25T18:00:58.299Z,right,endEffector,0.2058107,0.02395778,0.5238857,0.6818753,0.02693523,-0.720099,0.1256108,NULL,HEADSET
2026-08-25T18:00:58.299Z,right,base,0.09517819,-0.6174122,0.7192385,0.08896022,0.9259974,0.00424104,0.3668746,NULL,HEADSET
2026-08-25T18:00:58.299Z,right,shoulder_pan_joint,0,8.9159,0,0,-0.7104204,0,0.7037776,NULL,HEADSET
2026-08-25T18:00:58.299Z,right,shoulder_lift_joint,NULL,NULL,NULL,0,0,-0.6127321,0.7902907,NULL,HEADSET
2026-08-25T18:00:58.299Z,right,elbow_joint,-42.5,0,0,0,0,-0.5408244,0.8411356,NULL,HEADSET
2026-08-25T18:00:58.299Z,right,wrist_1_joint,-39.225,0,-10.915,0,0,0.9940572,0.1088585,NULL,HEADSET
2026-08-25T18:00:58.299Z,right,wrist_2_joint,0,-9.465002,0,0,0.4409381,0,0.8975375,NULL,HEADSET
2026-08-25T18:00:58.299Z,right,wrist_3_joint,0,0,-8.23,0,0,-0.2636317,0.9646235,NULL,HEADSET
2026-08-25T18:00:58.299Z,right,gripper,NULL,NULL,NULL,0,0,0,1,0.4076725,HEADSET
2026-08-25T18:00:58.319Z,right,endEffector,0.2057468,0.02378324,0.5241368,0.6823033,0.02682743,-0.7196842,0.1256872,NULL,HEADSET
2026-08-25T18:00:58.319Z,right,base,0.0953328,-0.6176324,0.718983,0.0889953,0.9259824,0.004341832,0.3669028,NULL,HEADSET
2026-08-25T18:00:58.319Z,right,shoulder_pan_joint,0,8.9159,0,0,-0.7104204,0,0.7037776,NULL,HEADSET
2026-08-25T18:00:58.319Z,right,shoulder_lift_joint,NULL,NULL,NULL,0,0,-0.6127321,0.7902907,NULL,HEADSET
2026-08-25T18:00:58.319Z,right,elbow_joint,-42.5,0,0,0,0,-0.5408244,0.8411356,NULL,HEADSET
2026-08-25T18:00:58.319Z,right,wrist_1_joint,-39.225,0,-10.915,0,0,0.9940572,0.1088585,NULL,HEADSET
2026-08-25T18:00:58.319Z,right,wrist_2_joint,0,-9.465002,0,0,0.4409381,0,0.8975375,NULL,HEADSET
2026-08-25T18:00:58.319Z,right,wrist_3_joint,0,0,-8.23,0,0,-0.2636317,0.9646235,NULL,HEADSET
2026-08-25T18:00:58.319Z,right,gripper,NULL,NULL,NULL,0,0,0,1,0.4074697,HEADSET
2026-08-25T18:00:58.342Z,right,endEffector,0.2058071,0.02374699,0.5240897,0.6822201,0.02716534,-0.7197421,0.125734,NULL,HEADSET
2026-08-25T18:00:58.342Z,right,base,0.09581181,-0.6177238,0.7188247,0.08885089,0.9260492,0.00437749,0.3667686,NULL,HEADSET
2026-08-25T18:00:58.342Z,right,shoulder_pan_joint,0,8.9159,0,0,-0.7101642,0,0.7040361,NULL,HEADSET
2026-08-25T18:00:58.342Z,right,shoulder_lift_joint,NULL,NULL,NULL,0,0,-0.6126768,0.7903336,NULL,HEADSET
2026-08-25T18:00:58.342Z,right,elbow_joint,-42.5,0,0,0,0,-0.5407904,0.8411574,NULL,HEADSET
2026-08-25T18:00:58.342Z,right,wrist_1_joint,-39.225,0,-10.915,0,0,0.9940533,0.1088946,NULL,HEADSET
2026-08-25T18:00:58.342Z,right,wrist_2_joint,0,-9.465002,0,0,0.4407189,0,0.8976452,NULL,HEADSET
2026-08-25T18:00:58.342Z,right,wrist_3_joint,0,0,-8.23,0,0,-0.2637154,0.9646006,NULL,HEADSET
2026-08-25T18:00:58.342Z,right,gripper,NULL,NULL,NULL,0,0,0,1,0.4074626,HEADSET
2026-08-25T18:00:58.358Z,right,endEffector,0.2054449,0.02348558,0.5244353,0.6828715,0.02838249,-0.7189953,0.126201,NULL,HEADSET
2026-08-25T18:00:58.358Z,right,base,0.09687489,-0.6183836,0.7180331,0.08821329,0.9260598,0.00518896,0.3668852,NULL,HEADSET
2026-08-25T18:00:58.358Z,right,shoulder_pan_joint,0,8.9159,0,0,-0.7099188,0,0.7042835,NULL,HEADSET
2026-08-25T18:00:58.358Z,right,shoulder_lift_joint,NULL,NULL,NULL,0,0,-0.6126163,0.7903805,NULL,HEADSET
2026-08-25T18:00:58.358Z,right,elbow_joint,-42.5,0,0,0,0,-0.5407632,0.8411749,NULL,HEADSET
2026-08-25T18:00:58.358Z,right,wrist_1_joint,-39.225,0,-10.915,0,0,0.9940492,0.1089323,NULL,HEADSET
2026-08-25T18:00:58.358Z,right,wrist_2_joint,0,-9.465002,0,0,0.4405105,0,0.8977475,NULL,HEADSET
2026-08-25T18:00:58.358Z,right,wrist_3_joint,0,0,-8.23,0,0,-0.2637956,0.9645786,NULL,HEADSET
2026-08-25T18:00:58.358Z,right,gripper,NULL,NULL,NULL,0,0,0,1,0.4083361,HEADSET
2026-08-25T18:00:58.380Z,right,endEffector,0.2053877,0.02335817,0.5245743,0.6827941,0.02878799,-0.7190166,0.1264077,NULL,HEADSET
2026-08-25T18:00:58.380Z,right,base,0.0971514,-0.6186435,0.717608,0.08817827,0.926061,0.00548239,0.3668864,NULL,HEADSET
2026-08-25T18:00:58.380Z,right,shoulder_pan_joint,0,8.9159,0,0,-0.7096883,0,0.7045159,NULL,HEADSET
2026-08-25T18:00:58.380Z,right,shoulder_lift_joint,NULL,NULL,NULL,0,0,-0.6125355,0.7904431,NULL,HEADSET
2026-08-25T18:00:58.380Z,right,elbow_joint,-42.5,0,0,0,0,-0.5407541,0.8411808,NULL,HEADSET
2026-08-25T18:00:58.380Z,right,wrist_1_joint,-39.225,0,-10.915,0,0,0.9940442,0.1089772,NULL,HEADSET
2026-08-25T18:00:58.380Z,right,wrist_2_joint,0,-9.465002,0,0,0.4403195,0,0.8978412,NULL,HEADSET
2026-08-25T18:00:58.380Z,right,wrist_3_joint,0,0,-8.23,0,0,-0.2638712,0.9645579,NULL,HEADSET
2026-08-25T18:00:58.380Z,right,gripper,NULL,NULL,NULL,0,0,0,1,0.4083359,HEADSET
2026-08-25T18:00:58.400Z,right,endEffector,0.2054774,0.02331557,0.5245506,0.6822259,0.02898588,-0.719614,0.1260295,NULL,HEADSET
2026-08-25T18:00:58.400Z,right,base,0.09709299,-0.6184656,0.7174658,0.08872986,0.9261176,0.005105175,0.3666159,NULL,HEADSET
2026-08-25T18:00:58.400Z,right,shoulder_pan_joint,0,8.9159,0,0,-0.7094713,0,0.7047344,NULL,HEADSET
2026-08-25T18:00:58.400Z,right,shoulder_lift_joint,NULL,NULL,NULL,0,0,-0.6124474,0.7905114,NULL,HEADSET
2026-08-25T18:00:58.400Z,right,elbow_joint,-42.5,0,0,0,0,-0.5407535,0.8411811,NULL,HEADSET
2026-08-25T18:00:58.400Z,right,wrist_1_joint,-39.225,0,-10.915,0,0,0.9940391,0.1090246,NULL,HEADSET
2026-08-25T18:00:58.400Z,right,wrist_2_joint,0,-9.465002,0,0,0.440142,0,0.8979282,NULL,HEADSET
2026-08-25T18:00:58.400Z,right,wrist_3_joint,0,0,-8.23,0,0,-0.2639426,0.9645384,NULL,HEADSET
2026-08-25T18:00:58.400Z,right,gripper,NULL,NULL,NULL,0,0,0,1,0.4084287,HEADSET
2026-08-25T18:00:58.424Z,right,endEffector,0.2055145,0.02396668,0.5245346,0.6821229,0.02894726,-0.7196507,0.1263859,NULL,HEADSET
2026-08-25T18:00:58.424Z,right,base,0.09755111,-0.6176153,0.7179713,0.08846951,0.9261945,0.004633396,0.366491,NULL,HEADSET
2026-08-25T18:00:58.424Z,right,shoulder_pan_joint,0,8.9159,0,0,-0.7090375,0,0.7051708,NULL,HEADSET
2026-08-25T18:00:58.424Z,right,shoulder_lift_joint,NULL,NULL,NULL,0,0,-0.6122227,0.7906855,NULL,HEADSET
2026-08-25T18:00:58.424Z,right,elbow_joint,-42.5,0,0,0,0,-0.5408024,0.8411497,NULL,HEADSET
2026-08-25T18:00:58.424Z,right,wrist_1_joint,-39.225,0,-10.915,0,0,0.9940402,0.1090144,NULL,HEADSET
2026-08-25T18:00:58.424Z,right,wrist_2_joint,0,-9.465002,0,0,0.4398168,0,0.8980875,NULL,HEADSET
2026-08-25T18:00:58.424Z,right,wrist_3_joint,0,0,-8.23,0,0,-0.264114,0.9644915,NULL,HEADSET
2026-08-25T18:00:58.424Z,right,gripper,NULL,NULL,NULL,0,0,0,1,0.4087107,HEADSET
2026-08-25T18:00:58.442Z,right,endEffector,0.2056121,0.02492831,0.5248065,0.681487,0.02802839,-0.7202297,0.1267254,NULL,HEADSET
2026-08-25T18:00:58.442Z,right,base,0.09778351,-0.6159648,0.7192134,0.08856735,0.9262918,0.003349604,0.3662352,NULL,HEADSET
2026-08-25T18:00:58.442Z,right,shoulder_pan_joint,0,8.9159,0,0,-0.7086341,0,0.7055761,NULL,HEADSET
2026-08-25T18:00:58.442Z,right,shoulder_lift_joint,NULL,NULL,NULL,0,0,-0.611976,0.7908763,NULL,HEADSET
2026-08-25T18:00:58.442Z,right,elbow_joint,-42.5,0,0,0,0,-0.5408756,0.8411026,NULL,HEADSET
2026-08-25T18:00:58.442Z,right,wrist_1_joint,-39.225,0,-10.915,0,0,0.994054,0.1088883,NULL,HEADSET
2026-08-25T18:00:58.442Z,right,wrist_2_joint,0,-9.465002,0,0,0.4395257,0,0.89823,NULL,HEADSET
2026-08-25T18:00:58.442Z,right,wrist_3_joint,0,0,-8.23,0,0,-0.264311,0.9644375,NULL,HEADSET
2026-08-25T18:00:58.442Z,right,gripper,NULL,NULL,NULL,0,0,0,1,0.4089208,HEADSET
2026-08-25T18:00:58.467Z,right,endEffector,0.2058185,0.02523413,0.5260623,0.6814671,0.02757893,-0.720248,0.1268265,NULL,HEADSET
2026-08-25T18:00:58.467Z,right,base,0.09837782,-0.6152329,0.7197558,0.08862594,0.926444,0.002673027,0.3658413,NULL,HEADSET
2026-08-25T18:00:58.467Z,right,shoulder_pan_joint,0,8.9159,0,0,-0.7082494,0,0.7059624,NULL,HEADSET
2026-08-25T18:00:58.467Z,right,shoulder_lift_joint,NULL,NULL,NULL,0,0,-0.6116811,0.7911044,NULL,HEADSET
2026-08-25T18:00:58.467Z,right,elbow_joint,-42.5,0,0,0,0,-0.5410176,0.8410113,NULL,HEADSET
2026-08-25T18:00:58.467Z,right,wrist_1_joint,-39.225,0,-10.915,0,0,0.9940668,0.1087709,NULL,HEADSET
2026-08-25T18:00:58.467Z,right,wrist_2_joint,0,-9.465002,0,0,0.4392711,0,0.8983545,NULL,HEADSET
2026-08-25T18:00:58.467Z,right,wrist_3_joint,0,0,-8.23,0,0,-0.2644954,0.964387,NULL,HEADSET
2026-08-25T18:00:58.467Z,right,gripper,NULL,NULL,NULL,0,0,0,1,0.4088795,HEADSET
2026-08-25T18:00:58.484Z,right,endEffector,0.2070556,0.02548162,0.5278162,0.6811104,0.02741513,-0.7205333,0.1271575,NULL,HEADSET
2026-08-25T18:00:58.484Z,right,base,0.1005605,-0.6145561,0.7199514,0.08852174,0.926904,0.002048461,0.3647035,NULL,HEADSET
2026-08-25T18:00:58.484Z,right,shoulder_pan_joint,0,8.9159,0,0,-0.7076751,0,0.706538,NULL,HEADSET
2026-08-25T18:00:58.484Z,right,shoulder_lift_joint,NULL,NULL,NULL,0,0,-0.6107401,0.7918311,NULL,HEADSET
2026-08-25T18:00:58.484Z,right,elbow_joint,-42.5,0,0,0,0,-0.5415676,0.8406572,NULL,HEADSET
2026-08-25T18:00:58.484Z,right,wrist_1_joint,-39.225,0,-10.915,0,0,0.9940642,0.108795,NULL,HEADSET
2026-08-25T18:00:58.484Z,right,wrist_2_joint,0,-9.465002,0,0,0.4389331,0,0.8985198,NULL,HEADSET
2026-08-25T18:00:58.484Z,right,wrist_3_joint,0,0,-8.23,0,0,-0.2647916,0.9643057,NULL,HEADSET
2026-08-25T18:00:58.484Z,right,gripper,NULL,NULL,NULL,0,0,0,1,0.4089057,HEADSET
2026-08-25T18:00:58.506Z,right,endEffector,0.2075558,0.0254907,0.5286046,0.6804982,0.02775979,-0.7210326,0.1275291,NULL,HEADSET
2026-08-25T18:00:58.506Z,right,base,0.102192,-0.6144498,0.7196634,0.08826905,0.9272052,0.00209053,0.3639983,NULL,HEADSET
2026-08-25T18:00:58.506Z,right,shoulder_pan_joint,0,8.9159,0,0,-0.7077077,0,0.7065054,NULL,HEADSET
2026-08-25T18:00:58.506Z,right,shoulder_lift_joint,NULL,NULL,NULL,0,0,-0.6090028,0.7931681,NULL,HEADSET
2026-08-25T18:00:58.506Z,right,elbow_joint,-42.5,0,0,0,0,-0.5426539,0.8399564,NULL,HEADSET
2026-08-25T18:00:58.506Z,right,wrist_1_joint,-39.225,0,-10.915,0,0,0.9940583,0.1088496,NULL,HEADSET
2026-08-25T18:00:58.506Z,right,wrist_2_joint,0,-9.465002,0,0,0.4390994,0,0.8984385,NULL,HEADSET
2026-08-25T18:00:58.506Z,right,wrist_3_joint,0,0,-8.23,0,0,-0.2651005,0.9642208,NULL,HEADSET
2026-08-25T18:00:58.506Z,right,gripper,NULL,NULL,NULL,0,0,0,1,0.4088346,HEADSET
2026-08-25T18:00:58.526Z,right,endEffector,0.2085868,0.02608769,0.5289677,0.6795226,0.02796284,-0.721953,0.1274793,NULL,HEADSET
2026-08-25T18:00:58.526Z,right,base,0.1045604,-0.6133164,0.7197859,0.08810749,0.9276746,0.001561586,0.3628424,NULL,HEADSET
2026-08-25T18:00:58.526Z,right,shoulder_pan_joint,0,8.9159,0,0,-0.7078503,0,0.7063625,NULL,HEADSET
2026-08-25T18:00:58.526Z,right,shoulder_lift_joint,NULL,NULL,NULL,0,0,-0.6080712,0.7938825,NULL,HEADSET
2026-08-25T18:00:58.526Z,right,elbow_joint,-42.5,0,0,0,0,-0.5432748,0.8395549,NULL,HEADSET
2026-08-25T18:00:58.526Z,right,wrist_1_joint,-39.225,0,-10.915,0,0,0.9940269,0.1091355,NULL,HEADSET
2026-08-25T18:00:58.526Z,right,wrist_2_joint,0,-9.465002,0,0,0.4393726,0,0.8983049,NULL,HEADSET
2026-08-25T18:00:58.526Z,right,wrist_3_joint,0,0,-8.23,0,0,-0.2651256,0.9642139,NULL,HEADSET
2026-08-25T18:00:58.526Z,right,gripper,NULL,NULL,NULL,0,0,0,1,0.4090021,HEADSET
2026-08-25T18:00:58.548Z,right,endEffector,0.2091493,0.02602459,0.5289974,0.6788346,0.02745948,-0.7225888,0.1276518,NULL,HEADSET
2026-08-25T18:00:58.548Z,right,base,0.1053147,-0.6127365,0.7200431,0.08849887,0.9279366,0.0008782521,0.3620785,NULL,HEADSET
2026-08-25T18:00:58.548Z,right,shoulder_pan_joint,0,8.9159,0,0,-0.7080384,0,0.7061739,NULL,HEADSET
2026-08-25T18:00:58.548Z,right,shoulder_lift_joint,NULL,NULL,NULL,0,0,-0.6068712,0.7948002,NULL,HEADSET
2026-08-25T18:00:58.548Z,right,elbow_joint,-42.5,0,0,0,0,-0.5442011,0.8389549,NULL,HEADSET
2026-08-25T18:00:58.548Z,right,wrist_1_joint,-39.225,0,-10.915,0,0,0.9939783,0.109577,NULL,HEADSET
2026-08-25T18:00:58.548Z,right,wrist_2_joint,0,-9.465002,0,0,0.4397795,0,0.8981058,NULL,HEADSET
2026-08-25T18:00:58.548Z,right,wrist_3_joint,0,0,-8.23,0,0,-0.2650689,0.9642295,NULL,HEADSET
2026-08-25T18:00:58.548Z,right,gripper,NULL,NULL,NULL,0,0,0,1,0.4093322,HEADSET
2026-08-25T18:00:58.569Z,right,endEffector,0.209796,0.02600656,0.5287564,0.6771283,0.02697104,-0.724059,0.1284839,NULL,HEADSET
2026-08-25T18:00:58.569Z,right,base,0.1075841,-0.6116484,0.7206117,0.08844508,0.9284546,-0.000146647,0.3607623,NULL,HEADSET
2026-08-25T18:00:58.569Z,right,shoulder_pan_joint,0,8.9159,0,0,-0.7081288,0,0.7060834,NULL,HEADSET
2026-08-25T18:00:58.569Z,right,shoulder_lift_joint,NULL,NULL,NULL,0,0,-0.6061286,0.7953666,NULL,HEADSET
2026-08-25T18:00:58.569Z,right,elbow_joint,-42.5,0,0,0,0,-0.5448318,0.8385454,NULL,HEADSET
2026-08-25T18:00:58.569Z,right,wrist_1_joint,-39.225,0,-10.915,0,0,0.9939768,0.1095903,NULL,HEADSET
2026-08-25T18:00:58.569Z,right,wrist_2_joint,0,-9.465002,0,0,0.4399424,0,0.898026,NULL,HEADSET
2026-08-25T18:00:58.569Z,right,wrist_3_joint,0,0,-8.23,0,0,-0.2651119,0.9642177,NULL,HEADSET
2026-08-25T18:00:58.569Z,right,gripper,NULL,NULL,NULL,0,0,0,1,0.4101878,HEADSET
2026-08-25T18:00:58.593Z,right,endEffector,0.209765,0.02593471,0.5288396,0.6767673,0.02718644,-0.7243406,0.128754,NULL,HEADSET
2026-08-25T18:00:58.593Z,right,base,0.1090742,-0.6111081,0.7208706,0.0881483,0.9287268,-0.0004805168,0.3601335,NULL,HEADSET
2026-08-25T18:00:58.593Z,right,shoulder_pan_joint,0,8.9159,0,0,-0.7080469,0,0.7061654,NULL,HEADSET
2026-08-25T18:00:58.593Z,right,shoulder_lift_joint,NULL,NULL,NULL,0,0,-0.6048357,0.7963503,NULL,HEADSET
2026-08-25T18:00:58.593Z,right,elbow_joint,-42.5,0,0,0,0,-0.5461629,0.837679,NULL,HEADSET
2026-08-25T18:00:58.593Z,right,wrist_1_joint,-39.225,0,-10.915,0,0,0.9939834,0.1095304,NULL,HEADSET
2026-08-25T18:00:58.593Z,right,wrist_2_joint,0,-9.465002,0,0,0.4400982,0,0.8979496,NULL,HEADSET
2026-08-25T18:00:58.593Z,right,wrist_3_joint,0,0,-8.23,0,0,-0.2651984,0.9641939,NULL,HEADSET
2026-08-25T18:00:58.593Z,right,gripper,NULL,NULL,NULL,0,0,0,1,0.4106875,HEADSET
2026-08-25T18:00:58.607Z,right,endEffector,0.2104922,0.02556987,0.528697,0.6753376,0.02733058,-0.725641,0.1289086,NULL,HEADSET
2026-08-25T18:00:58.607Z,right,base,0.1122433,-0.6105106,0.7208148,0.08807434,0.9293675,-0.0009434987,0.3584942,NULL,HEADSET
2026-08-25T18:00:58.607Z,right,shoulder_pan_joint,0,8.9159,0,0,-0.7078923,0,0.7063204,NULL,HEADSET
2026-08-25T18:00:58.607Z,right,shoulder_lift_joint,NULL,NULL,NULL,0,0,-0.6037921,0.7971418,NULL,HEADSET
2026-08-25T18:00:58.607Z,right,elbow_joint,-42.5,0,0,0,0,-0.5473138,0.8369275,NULL,HEADSET
2026-08-25T18:00:58.607Z,right,wrist_1_joint,-39.225,0,-10.915,0,0,0.9940158,0.1092368,NULL,HEADSET
2026-08-25T18:00:58.607Z,right,wrist_2_joint,0,-9.465002,0,0,0.4400767,0,0.8979602,NULL,HEADSET
2026-08-25T18:00:58.607Z,right,wrist_3_joint,0,0,-8.23,0,0,-0.2653388,0.9641553,NULL,HEADSET
2026-08-25T18:00:58.607Z,right,gripper,NULL,NULL,NULL,0,0,0,1,0.4103249,HEADSET
2026-08-25T18:00:58.632Z,right,endEffector,0.2106515,0.02525512,0.5286052,0.6747946,0.02737527,-0.7261508,0.1288709,NULL,HEADSET
2026-08-25T18:00:58.632Z,right,base,0.1137238,-0.6103483,0.7207653,0.08815157,0.929704,-0.001217029,0.3576007,NULL,HEADSET
2026-08-25T18:00:58.632Z,right,shoulder_pan_joint,0,8.9159,0,0,-0.7073147,0,0.7068987,NULL,HEADSET
2026-08-25T18:00:58.632Z,right,shoulder_lift_joint,NULL,NULL,NULL,0,0,-0.6019153,0.79856,NULL,HEADSET
2026-08-25T18:00:58.632Z,right,elbow_joint,-42.5,0,0,0,0,-0.549616,0.8354174,NULL,HEADSET
2026-08-25T18:00:58.632Z,right,wrist_1_joint,-39.225,0,-10.915,0,0,0.9940884,0.1085744,NULL,HEADSET
2026-08-25T18:00:58.632Z,right,wrist_2_joint,0,-9.465002,0,0,0.4397742,0,0.8981084,NULL,HEADSET
2026-08-25T18:00:58.632Z,right,wrist_3_joint,0,0,-8.23,0,0,-0.2656203,0.9640777,NULL,HEADSET
2026-08-25T18:00:58.632Z,right,gripper,NULL,NULL,NULL,0,0,0,1,0.4108083,HEADSET
2026-08-25T18:00:58.650Z,right,endEffector,0.2105018,0.02502942,0.5289859,0.6738021,0.02728701,-0.7269956,0.1293189,NULL,HEADSET
2026-08-25T18:00:58.650Z,right,base,0.1168002,-0.6095135,0.7210994,0.08803548,0.9303687,-0.001980459,0.3558931,NULL,HEADSET
2026-08-25T18:00:58.650Z,right,shoulder_pan_joint,0,8.9159,0,0,-0.706911,0,0.7073025,NULL,HEADSET
2026-08-25T18:00:58.650Z,right,shoulder_lift_joint,NULL,NULL,NULL,0,0,-0.6009266,0.7993042,NULL,HEADSET
2026-08-25T18:00:58.650Z,right,elbow_joint,-42.5,0,0,0,0,-0.5508659,0.8345938,NULL,HEADSET
2026-08-25T18:00:58.650Z,right,wrist_1_joint,-39.225,0,-10.915,0,0,0.9941354,0.1081427,NULL,HEADSET
2026-08-25T18:00:58.650Z,right,wrist_2_joint,0,-9.465002,0,0,0.4394692,0,0.8982577,NULL,HEADSET
2026-08-25T18:00:58.650Z,right,wrist_3_joint,0,0,-8.23,0,0,-0.2658129,0.9640246,NULL,HEADSET
2026-08-25T18:00:58.650Z,right,gripper,NULL,NULL,NULL,0,0,0,1,0.4109465,HEADSET
2026-08-25T18:00:58.672Z,right,endEffector,0.2103261,0.02512756,0.5297709,0.673517,0.02739283,-0.7272001,0.1296324,NULL,HEADSET
2026-08-25T18:00:58.672Z,right,base,0.1185483,-0.6089725,0.7211624,0.08780758,0.9307102,-0.002257296,0.3550538,NULL,HEADSET
2026-08-25T18:00:58.672Z,right,shoulder_pan_joint,0,8.9159,0,0,-0.7056435,0,0.708567,NULL,HEADSET
2026-08-25T18:00:58.672Z,right,shoulder_lift_joint,NULL,NULL,NULL,0,0,-0.5984225,0.8011807,NULL,HEADSET
2026-08-25T18:00:58.672Z,right,elbow_joint,-42.5,0,0,0,0,-0.5540762,0.8324659,NULL,HEADSET
2026-08-25T18:00:58.672Z,right,wrist_1_joint,-39.225,0,-10.915,0,0,0.9942568,0.1070208,NULL,HEADSET
2026-08-25T18:00:58.672Z,right,wrist_2_joint,0,-9.465002,0,0,0.4383435,0,0.8988075,NULL,HEADSET
2026-08-25T18:00:58.672Z,right,wrist_3_joint,0,0,-8.23,0,0,-0.2663983,0.9638631,NULL,HEADSET
2026-08-25T18:00:58.672Z,right,gripper,NULL,NULL,NULL,0,0,0,1,0.4113923,HEADSET
2026-08-25T18:00:58.690Z,right,endEffector,0.2103238,0.0250398,0.5292859,0.6732042,0.02786655,-0.7273713,0.1301945,NULL,HEADSET
2026-08-25T18:00:58.690Z,right,base,0.1224536,-0.6084693,0.7211577,0.08693206,0.9313429,-0.00238804,0.3536066,NULL,HEADSET
2026-08-25T18:00:58.690Z,right,shoulder_pan_joint,0,8.9159,0,0,-0.7049413,0,0.7092657,NULL,HEADSET
2026-08-25T18:00:58.690Z,right,shoulder_lift_joint,NULL,NULL,NULL,0,0,-0.5965529,0.8025737,NULL,HEADSET
2026-08-25T18:00:58.690Z,right,elbow_joint,-42.5,0,0,0,0,-0.5562923,0.8309867,NULL,HEADSET
2026-08-25T18:00:58.690Z,right,wrist_1_joint,-39.225,0,-10.915,0,0,0.9943436,0.1062117,NULL,HEADSET
2026-08-25T18:00:58.690Z,right,wrist_2_joint,0,-9.465002,0,0,0.4375566,0,0.8991909,NULL,HEADSET
2026-08-25T18:00:58.690Z,right,wrist_3_joint,0,0,-8.23,0,0,-0.2668785,0.9637302,NULL,HEADSET
2026-08-25T18:00:58.690Z,right,gripper,NULL,NULL,NULL,0,0,0,1,0.4116697,HEADSET
2026-08-25T18:00:58.715Z,right,endEffector,0.2090715,0.02459142,0.5289782,0.673135,0.02851893,-0.7273898,0.1303077,NULL,HEADSET
2026-08-25T18:00:58.715Z,right,base,0.1240755,-0.6086406,0.7208019,0.08665682,0.931584,-0.002151489,0.35304,NULL,HEADSET
2026-08-25T18:00:58.715Z,right,shoulder_pan_joint,0,8.9159,0,0,-0.7037774,0,0.7104205,NULL,HEADSET
2026-08-25T18:00:58.715Z,right,shoulder_lift_joint,NULL,NULL,NULL,0,0,-0.5948017,0.8038725,NULL,HEADSET
2026-08-25T18:00:58.715Z,right,elbow_joint,-42.5,0,0,0,0,-0.5585572,0.829466,NULL,HEADSET
2026-08-25T18:00:58.715Z,right,wrist_1_joint,-39.225,0,-10.915,0,0,0.9944515,0.1051959,NULL,HEADSET
2026-08-25T18:00:58.715Z,right,wrist_2_joint,0,-9.465002,0,0,0.4361382,0,0.8998797,NULL,HEADSET
2026-08-25T18:00:58.715Z,right,wrist_3_joint,0,0,-8.23,0,0,-0.2675041,0.9635568,NULL,HEADSET
2026-08-25T18:00:58.715Z,right,gripper,NULL,NULL,NULL,0,0,0,1,0.4113017,HEADSET
2026-08-25T18:00:58.732Z,right,endEffector,0.207719,0.02369753,0.5282621,0.6729397,0.02935677,-0.7276332,0.1297713,NULL,HEADSET
2026-08-25T18:00:58.732Z,right,base,0.1264776,-0.609202,0.7199004,0.08705842,0.932079,-0.001971748,0.3516329,NULL,HEADSET
2026-08-25T18:00:58.732Z,right,shoulder_pan_joint,0,8.9159,0,0,-0.7021838,0,0.7119957,NULL,HEADSET
2026-08-25T18:00:58.732Z,right,shoulder_lift_joint,NULL,NULL,NULL,0,0,-0.5932497,0.8050185,NULL,HEADSET
2026-08-25T18:00:58.732Z,right,elbow_joint,-42.5,0,0,0,0,-0.5606946,0.8280227,NULL,HEADSET
2026-08-25T18:00:58.732Z,right,wrist_1_joint,-39.225,0,-10.915,0,0,0.9945785,0.1039891,NULL,HEADSET
2026-08-25T18:00:58.732Z,right,wrist_2_joint,0,-9.465002,0,0,0.434244,0,0.9007953,NULL,HEADSET
2026-08-25T18:00:58.732Z,right,wrist_3_joint,0,0,-8.23,0,0,-0.2682899,0.9633383,NULL,HEADSET
2026-08-25T18:00:58.732Z,right,gripper,NULL,NULL,NULL,0,0,0,1,0.410981,HEADSET
2026-08-25T18:00:58.758Z,right,endEffector,0.2068187,0.02335745,0.5279549,0.6729342,0.02965827,-0.7276189,0.1298101,NULL,HEADSET
2026-08-25T18:00:58.758Z,right,base,0.1279935,-0.6091915,0.719795,0.08695264,0.9323498,-0.002052707,0.35094,NULL,HEADSET
2026-08-25T18:00:58.758Z,right,shoulder_pan_joint,0,8.9159,0,0,-0.6992275,0,0.7148993,NULL,HEADSET
2026-08-25T18:00:58.758Z,right,shoulder_lift_joint,NULL,NULL,NULL,0,0,-0.5913338,0.8064269,NULL,HEADSET
2026-08-25T18:00:58.758Z,right,elbow_joint,-42.5,0,0,0,0,-0.5634919,0.8261216,NULL,HEADSET
2026-08-25T18:00:58.758Z,right,wrist_1_joint,-39.225,0,-10.915,0,0,0.9947801,0.1020427,NULL,HEADSET
2026-08-25T18:00:58.758Z,right,wrist_2_joint,0,-9.465002,0,0,0.4308022,0,0.9024464,NULL,HEADSET
2026-08-25T18:00:58.758Z,right,wrist_3_joint,0,0,-8.23,0,0,-0.2696449,0.9629598,NULL,HEADSET
2026-08-25T18:00:58.758Z,right,gripper,NULL,NULL,NULL,0,0,0,1,0.411257,HEADSET
2026-08-25T18:00:58.776Z,right,endEffector,0.2041793,0.02314865,0.5271409,0.6728892,0.03127434,-0.7273092,0.1313898,NULL,HEADSET
2026-08-25T18:00:58.776Z,right,base,0.132307,-0.6090329,0.7195207,0.08547024,0.9329108,-0.001608297,0.3498138,NULL,HEADSET
2026-08-25T18:00:58.776Z,right,shoulder_pan_joint,0,8.9159,0,0,-0.6967462,0,0.7173178,NULL,HEADSET
2026-08-25T18:00:58.776Z,right,shoulder_lift_joint,NULL,NULL,NULL,0,0,-0.5898402,0.80752,NULL,HEADSET
2026-08-25T18:00:58.776Z,right,elbow_joint,-42.5,0,0,0,0,-0.5656876,0.8246197,NULL,HEADSET
2026-08-25T18:00:58.776Z,right,wrist_1_joint,-39.225,0,-10.915,0,0,0.9949648,0.1002252,NULL,HEADSET
2026-08-25T18:00:58.776Z,right,wrist_2_joint,0,-9.465002,0,0,0.4277285,0,0.9039072,NULL,HEADSET
2026-08-25T18:00:58.776Z,right,wrist_3_joint,0,0,-8.23,0,0,-0.2709617,0.9625902,NULL,HEADSET
2026-08-25T18:00:58.776Z,right,gripper,NULL,NULL,NULL,0,0,0,1,0.4112245,HEADSET
2026-08-25T18:00:58.801Z,right,endEffector,0.2028476,0.02269715,0.5266941,0.6727725,0.03238352,-0.7272757,0.1319035,NULL,HEADSET
2026-08-25T18:00:58.801Z,right,base,0.1346209,-0.6092889,0.719053,0.08472595,0.9331642,-0.001029134,0.349321,NULL,HEADSET
2026-08-25T18:00:58.801Z,right,shoulder_pan_joint,0,8.9159,0,0,-0.6927583,0,0.7211699,NULL,HEADSET
2026-08-25T18:00:58.801Z,right,shoulder_lift_joint,NULL,NULL,NULL,0,0,-0.5881153,0.8087772,NULL,HEADSET
2026-08-25T18:00:58.801Z,right,elbow_joint,-42.5,0,0,0,0,-0.5684732,0.8227018,NULL,HEADSET
2026-08-25T18:00:58.801Z,right,wrist_1_joint,-39.225,0,-10.915,0,0,0.9952165,0.09769396,NULL,HEADSET
2026-08-25T18:00:58.801Z,right,wrist_2_joint,0,-9.465002,0,0,0.4230898,0,0.9060878,NULL,HEADSET
2026-08-25T18:00:58.801Z,right,wrist_3_joint,0,0,-8.23,0,0,-0.2729512,0.9620279,NULL,HEADSET
2026-08-25T18:00:58.801Z,right,gripper,NULL,NULL,NULL,0,0,0,1,0.4127449,HEADSET
2026-08-25T18:00:58.818Z,right,endEffector,0.2021675,0.02128532,0.5274982,0.6734677,0.03366477,-0.7266237,0.1316286,NULL,HEADSET
2026-08-25T18:00:58.818Z,right,base,0.137843,-0.6104502,0.7178538,0.0845784,0.9336352,-0.0002615787,0.3480977,NULL,HEADSET
2026-08-25T18:00:58.818Z,right,shoulder_pan_joint,0,8.9159,0,0,-0.6890897,0,0.7246761,NULL,HEADSET
2026-08-25T18:00:58.818Z,right,shoulder_lift_joint,NULL,NULL,NULL,0,0,-0.5866417,0.8098466,NULL,HEADSET
2026-08-25T18:00:58.818Z,right,elbow_joint,-42.5,0,0,0,0,-0.5709419,0.8209905,NULL,HEADSET
2026-08-25T18:00:58.818Z,right,wrist_1_joint,-39.225,0,-10.915,0,0,0.9954712,0.09506339,NULL,HEADSET
2026-08-25T18:00:58.818Z,right,wrist_2_joint,0,-9.465002,0,0,0.4186894,0,0.9081295,NULL,HEADSET
2026-08-25T18:00:58.818Z,right,wrist_3_joint,0,0,-8.23,0,0,-0.2750436,0.9614318,NULL,HEADSET
2026-08-25T18:00:58.818Z,right,gripper,NULL,NULL,NULL,0,0,0,1,0.4136094,HEADSET
2026-08-25T18:00:58.841Z,right,endEffector,0.2013305,0.02050276,0.5294869,0.6737572,0.0336527,-0.7263514,0.1316524,NULL,HEADSET
2026-08-25T18:00:58.841Z,right,base,0.138697,-0.610899,0.7174138,0.08489628,0.9337985,-0.0001416504,0.3475817,NULL,HEADSET
2026-08-25T18:00:58.841Z,right,shoulder_pan_joint,0,8.9159,0,0,-0.6859834,0,0.7276172,NULL,HEADSET
2026-08-25T18:00:58.841Z,right,shoulder_lift_joint,NULL,NULL,NULL,0,0,-0.5847064,0.811245,NULL,HEADSET
2026-08-25T18:00:58.841Z,right,elbow_joint,-42.5,0,0,0,0,-0.5736275,0.8191164,NULL,HEADSET
2026-08-25T18:00:58.841Z,right,wrist_1_joint,-39.225,0,-10.915,0,0,0.9957132,0.09249479,NULL,HEADSET
2026-08-25T18:00:58.841Z,right,wrist_2_joint,0,-9.465002,0,0,0.4145709,0,0.910017,NULL,HEADSET
2026-08-25T18:00:58.841Z,right,wrist_3_joint,0,0,-8.23,0,0,-0.2771808,0.9608178,NULL,HEADSET
2026-08-25T18:00:58.841Z,right,gripper,NULL,NULL,NULL,0,0,0,1,0.4145062,HEADSET
2026-08-25T18:00:58.858Z,right,endEffector,0.1994932,0.01974432,0.5315352,0.6738831,0.0341698,-0.7261807,0.131816,NULL,HEADSET
2026-08-25T18:00:58.858Z,right,base,0.1408817,-0.6108992,0.7172174,0.08484263,0.9341283,-0.0002451148,0.3467071,NULL,HEADSET
2026-08-25T18:00:58.858Z,right,shoulder_pan_joint,0,8.9159,0,0,-0.6842304,0,0.7292659,NULL,HEADSET
2026-08-25T18:00:58.858Z,right,shoulder_lift_joint,NULL,NULL,NULL,0,0,-0.5825782,0.8127746,NULL,HEADSET
2026-08-25T18:00:58.858Z,right,elbow_joint,-42.5,0,0,0,0,-0.5759906,0.8174563,NULL,HEADSET
2026-08-25T18:00:58.858Z,right,wrist_1_joint,-39.225,0,-10.915,0,0,0.9958858,0.09061647,NULL,HEADSET
2026-08-25T18:00:58.858Z,right,wrist_2_joint,0,-9.465002,0,0,0.4118674,0,0.9112439,NULL,HEADSET
2026-08-25T18:00:58.858Z,right,wrist_3_joint,0,0,-8.23,0,0,-0.2790098,0.9602882,NULL,HEADSET
2026-08-25T18:00:58.858Z,right,gripper,NULL,NULL,NULL,0,0,0,1,0.4133404,HEADSET
2026-08-25T18:00:58.882Z,right,endEffector,0.1984374,0.01928663,0.5320358,0.6739542,0.03441631,-0.7261069,0.1317959,NULL,HEADSET
2026-08-25T18:00:58.882Z,right,base,0.1419303,-0.6109466,0.7171971,0.08475676,0.9342414,-0.000264789,0.3464237,NULL,HEADSET
2026-08-25T18:00:58.882Z,right,shoulder_pan_joint,0,8.9159,0,0,-0.682152,0,0.7312105,NULL,HEADSET
2026-08-25T18:00:58.882Z,right,shoulder_lift_joint,NULL,NULL,NULL,0,0,-0.5796114,0.8148931,NULL,HEADSET
2026-08-25T18:00:58.882Z,right,elbow_joint,-42.5,0,0,0,0,-0.5791161,0.8152451,NULL,HEADSET
2026-08-25T18:00:58.882Z,right,wrist_1_joint,-39.225,0,-10.915,0,0,0.9960684,0.08858802,NULL,HEADSET
2026-08-25T18:00:58.882Z,right,wrist_2_joint,0,-9.465002,0,0,0.4088495,0,0.9126018,NULL,HEADSET
2026-08-25T18:00:58.882Z,right,wrist_3_joint,0,0,-8.23,0,0,-0.2811019,0.9596779,NULL,HEADSET
2026-08-25T18:00:58.882Z,right,gripper,NULL,NULL,NULL,0,0,0,1,0.4133405,HEADSET
2026-08-25T18:00:58.902Z,right,endEffector,0.1963148,0.01773304,0.533657,0.6754727,0.03573992,-0.7248596,0.1305284,NULL,HEADSET
2026-08-25T18:00:58.902Z,right,base,0.1443153,-0.6114708,0.7165967,0.08456594,0.9345251,0.0001369445,0.345704,NULL,HEADSET
2026-08-25T18:00:58.902Z,right,shoulder_pan_joint,0,8.9159,0,0,-0.6801824,0,0.7330429,NULL,HEADSET
2026-08-25T18:00:58.902Z,right,shoulder_lift_joint,NULL,NULL,NULL,0,0,-0.5771225,0.8166576,NULL,HEADSET
2026-08-25T18:00:58.902Z,right,elbow_joint,-42.5,0,0,0,0,-0.5817893,0.8133396,NULL,HEADSET
2026-08-25T18:00:58.902Z,right,wrist_1_joint,-39.225,0,-10.915,0,0,0.9962516,0.08650213,NULL,HEADSET
2026-08-25T18:00:58.902Z,right,wrist_2_joint,0,-9.465002,0,0,0.4059426,0,0.9138986,NULL,HEADSET
2026-08-25T18:00:58.902Z,right,wrist_3_joint,0,0,-8.23,0,0,-0.283155,0.9590742,NULL,HEADSET
2026-08-25T18:00:58.902Z,right,gripper,NULL,NULL,NULL,0,0,0,1,0.4127616,HEADSET
2026-08-25T18:00:58.924Z,right,endEffector,0.1951312,0.01718955,0.5346862,0.6761387,0.0359789,-0.7241876,0.1307463,NULL,HEADSET
2026-08-25T18:00:58.924Z,right,base,0.1453719,-0.6115066,0.7163948,0.08453065,0.934666,0.0001907777,0.345332,NULL,HEADSET
2026-08-25T18:00:58.924Z,right,shoulder_pan_joint,0,8.9159,0,0,-0.6778831,0,0.7351696,NULL,HEADSET
2026-08-25T18:00:58.924Z,right,shoulder_lift_joint,NULL,NULL,NULL,0,0,-0.5741541,0.8187473,NULL,HEADSET
2026-08-25T18:00:58.924Z,right,elbow_joint,-42.5,0,0,0,0,-0.5851289,0.8109403,NULL,HEADSET
2026-08-25T18:00:58.924Z,right,wrist_1_joint,-39.225,0,-10.915,0,0,0.9964507,0.08417919,NULL,HEADSET
2026-08-25T18:00:58.924Z,right,wrist_2_joint,0,-9.465002,0,0,0.4024908,0,0.915424,NULL,HEADSET
2026-08-25T18:00:58.924Z,right,wrist_3_joint,0,0,-8.23,0,0,-0.2850781,0.9585043,NULL,HEADSET
2026-08-25T18:00:58.924Z,right,gripper,NULL,NULL,NULL,0,0,0,1,0.412829,HEADSET
2026-08-25T18:00:58.940Z,right,endEffector,0.1933643,0.01688204,0.535946,0.6767171,0.03579413,-0.7234564,0.1318468,NULL,HEADSET
2026-08-25T18:00:58.940Z,right,base,0.1470626,-0.6110515,0.7167162,0.08434331,0.9348392,-5.898159E-05,0.3449082,NULL,HEADSET
2026-08-25T18:00:58.940Z,right,shoulder_pan_joint,0,8.9159,0,0,-0.6759584,0,0.7369398,NULL,HEADSET
2026-08-25T18:00:58.940Z,right,shoulder_lift_joint,NULL,NULL,NULL,0,0,-0.5713937,0.8206761,NULL,HEADSET
2026-08-25T18:00:58.940Z,right,elbow_joint,-42.5,0,0,0,0,-0.5881165,0.8087763,NULL,HEADSET
2026-08-25T18:00:58.940Z,right,wrist_1_joint,-39.225,0,-10.915,0,0,0.9966405,0.08190107,NULL,HEADSET
2026-08-25T18:00:58.940Z,right,wrist_2_joint,0,-9.465002,0,0,0.3993124,0,0.9168149,NULL,HEADSET
2026-08-25T18:00:58.940Z,right,wrist_3_joint,0,0,-8.23,0,0,-0.2870643,0.9579113,NULL,HEADSET
2026-08-25T18:00:58.940Z,right,gripper,NULL,NULL,NULL,0,0,0,1,0.4139819,HEADSET
2026-08-25T18:00:58.965Z,right,endEffector,0.1926155,0.01685816,0.5354726,0.6768681,0.03616791,-0.7231829,0.1324693,NULL,HEADSET
2026-08-25T18:00:58.965Z,right,base,0.1484888,-0.6110098,0.7166262,0.08414164,0.9350055,-4.843622E-05,0.3445067,NULL,HEADSET
2026-08-25T18:00:58.965Z,right,shoulder_pan_joint,0,8.9159,0,0,-0.6736749,0,0.7390279,NULL,HEADSET
2026-08-25T18:00:58.965Z,right,shoulder_lift_joint,NULL,NULL,NULL,0,0,-0.5686364,0.822589,NULL,HEADSET
2026-08-25T18:00:58.965Z,right,elbow_joint,-42.5,0,0,0,0,-0.591127,0.8065785,NULL,HEADSET
2026-08-25T18:00:58.965Z,right,wrist_1_joint,-39.225,0,-10.915,0,0,0.9968304,0.07955612,NULL,HEADSET
2026-08-25T18:00:58.965Z,right,wrist_2_joint,0,-9.465002,0,0,0.3958537,0,0.9183136,NULL,HEADSET
2026-08-25T18:00:58.965Z,right,wrist_3_joint,0,0,-8.23,0,0,-0.289355,0.9572219,NULL,HEADSET
2026-08-25T18:00:58.965Z,right,gripper,NULL,NULL,NULL,0,0,0,1,0.4142103,HEADSET
2026-08-25T18:00:58.984Z,right,endEffector,0.189384,0.01708908,0.5342891,0.6772031,0.03761794,-0.7225193,0.133966,NULL,HEADSET
2026-08-25T18:00:58.984Z,right,base,0.1517204,-0.6106625,0.7165177,0.08326668,0.9353666,9.399373E-05,0.3437384,NULL,HEADSET
2026-08-25T18:00:58.984Z,right,shoulder_pan_joint,0,8.9159,0,0,-0.6716582,0,0.7408612,NULL,HEADSET
2026-08-25T18:00:58.984Z,right,shoulder_lift_joint,NULL,NULL,NULL,0,0,-0.5670205,0.8237036,NULL,HEADSET
2026-08-25T18:00:58.984Z,right,elbow_joint,-42.5,0,0,0,0,-0.5929884,0.805211,NULL,HEADSET
2026-08-25T18:00:58.984Z,right,wrist_1_joint,-39.225,0,-10.915,0,0,0.9969885,0.07755046,NULL,HEADSET
2026-08-25T18:00:58.984Z,right,wrist_2_joint,0,-9.465002,0,0,0.3929404,0,0.9195639,NULL,HEADSET
2026-08-25T18:00:58.984Z,right,wrist_3_joint,0,0,-8.23,0,0,-0.2912924,0.9566341,NULL,HEADSET
2026-08-25T18:00:58.984Z,right,gripper,NULL,NULL,NULL,0,0,0,1,0.4138255,HEADSET
2026-08-25T18:00:59.005Z,right,endEffector,0.1880993,0.01729017,0.5344491,0.6773783,0.03810332,-0.7222244,0.134533,NULL,HEADSET
2026-08-25T18:00:59.005Z,right,base,0.1527404,-0.6103663,0.7165488,0.08295485,0.9354373,0.000137127,0.3436214,NULL,HEADSET
2026-08-25T18:00:59.005Z,right,shoulder_pan_joint,0,8.9159,0,0,-0.6667905,0,0.7452452,NULL,HEADSET
2026-08-25T18:00:59.005Z,right,shoulder_lift_joint,NULL,NULL,NULL,0,0,-0.5653365,0.8248604,NULL,HEADSET
2026-08-25T18:00:59.005Z,right,elbow_joint,-42.5,0,0,0,0,-0.5954501,0.8033923,NULL,HEADSET
2026-08-25T18:00:59.005Z,right,wrist_1_joint,-39.225,0,-10.915,0,0,0.9972479,0.07413949,NULL,HEADSET
2026-08-25T18:00:59.005Z,right,wrist_2_joint,0,-9.465002,0,0,0.3871556,0,0.9220144,NULL,HEADSET
2026-08-25T18:00:59.005Z,right,wrist_3_joint,0,0,-8.23,0,0,-0.2945109,0.9556481,NULL,HEADSET
2026-08-25T18:00:59.005Z,right,gripper,NULL,NULL,NULL,0,0,0,1,0.413679,HEADSET
2026-08-25T18:00:59.024Z,right,endEffector,0.1867871,0.01827653,0.5362597,0.6786829,0.03779827,-0.7207673,0.1358512,NULL,HEADSET
2026-08-25T18:00:59.024Z,right,base,0.1537136,-0.6089376,0.7176117,0.08257709,0.9354068,-0.000549173,0.3437949,NULL,HEADSET
2026-08-25T18:00:59.024Z,right,shoulder_pan_joint,0,8.9159,0,0,-0.6627818,0,0.7488126,NULL,HEADSET
2026-08-25T18:00:59.024Z,right,shoulder_lift_joint,NULL,NULL,NULL,0,0,-0.5638252,0.8258941,NULL,HEADSET
2026-08-25T18:00:59.024Z,right,elbow_joint,-42.5,0,0,0,0,-0.5974964,0.8018715,NULL,HEADSET
2026-08-25T18:00:59.024Z,right,wrist_1_joint,-39.225,0,-10.915,0,0,0.9974892,0.07081982,NULL,HEADSET
2026-08-25T18:00:59.024Z,right,wrist_2_joint,0,-9.465002,0,0,0.3821919,0,0.924083,NULL,HEADSET
2026-08-25T18:00:59.024Z,right,wrist_3_joint,0,0,-8.23,0,0,-0.2977233,0.9546522,NULL,HEADSET
2026-08-25T18:00:59.024Z,right,gripper,NULL,NULL,NULL,0,0,0,1,0.4145097,HEADSET
2026-08-25T18:00:59.048Z,right,endEffector,0.1851718,0.01870452,0.536796,0.6791191,0.0372831,-0.7202727,0.1364352,NULL,HEADSET
2026-08-25T18:00:59.048Z,right,base,0.1538233,-0.6081466,0.7184426,0.08259475,0.9353578,-0.001196899,0.3439223,NULL,HEADSET
2026-08-25T18:00:59.048Z,right,shoulder_pan_joint,0,8.9159,0,0,-0.6597475,0,0.7514873,NULL,HEADSET
2026-08-25T18:00:59.048Z,right,shoulder_lift_joint,NULL,NULL,NULL,0,0,-0.5618473,0.8272409,NULL,HEADSET
2026-08-25T18:00:59.048Z,right,elbow_joint,-42.5,0,0,0,0,-0.5995494,0.8003377,NULL,HEADSET
2026-08-25T18:00:59.048Z,right,wrist_1_joint,-39.225,0,-10.915,0,0,0.9976993,0.06779516,NULL,HEADSET
2026-08-25T18:00:59.048Z,right,wrist_2_joint,0,-9.465002,0,0,0.3780307,0,0.9257931,NULL,HEADSET
2026-08-25T18:00:59.048Z,right,wrist_3_joint,0,0,-8.23,0,0,-0.3009739,0.9536324,NULL,HEADSET
2026-08-25T18:00:59.048Z,right,gripper,NULL,NULL,NULL,0,0,0,1,0.4146566,HEADSET
2026-08-25T18:00:59.065Z,right,endEffector,0.1826952,0.01836597,0.5361733,0.6805857,0.03681204,-0.7188798,0.1366006,NULL,HEADSET
2026-08-25T18:00:59.065Z,right,base,0.1544663,-0.6080998,0.7188636,0.08276325,0.93531,-0.001541701,0.3440101,NULL,HEADSET
2026-08-25T18:00:59.065Z,right,shoulder_pan_joint,0,8.9159,0,0,-0.6573814,0,0.753558,NULL,HEADSET
2026-08-25T18:00:59.065Z,right,shoulder_lift_joint,NULL,NULL,NULL,0,0,-0.5604196,0.8282088,NULL,HEADSET
2026-08-25T18:00:59.065Z,right,elbow_joint,-42.5,0,0,0,0,-0.601043,0.7992166,NULL,HEADSET
2026-08-25T18:00:59.065Z,right,wrist_1_joint,-39.225,0,-10.915,0,0,0.9978565,0.06544066,NULL,HEADSET
2026-08-25T18:00:59.065Z,right,wrist_2_joint,0,-9.465002,0,0,0.3748712,0,0.9270769,NULL,HEADSET
2026-08-25T18:00:59.065Z,right,wrist_3_joint,0,0,-8.23,0,0,-0.3035457,0.9528169,NULL,HEADSET
2026-08-25T18:00:59.065Z,right,gripper,NULL,NULL,NULL,0,0,0,1,0.4142504,HEADSET
2026-08-25T18:00:59.090Z,right,endEffector,0.1810509,0.01805545,0.5358916,0.6812394,0.03699968,-0.7183365,0.1361497,NULL,HEADSET
2026-08-25T18:00:59.090Z,right,base,0.1546598,-0.6082706,0.7188726,0.08300114,0.9352498,-0.001518382,0.3441167,NULL,HEADSET
2026-08-25T18:00:59.090Z,right,shoulder_pan_joint,0,8.9159,0,0,-0.6531086,0,0.7572643,NULL,HEADSET
2026-08-25T18:00:59.090Z,right,shoulder_lift_joint,NULL,NULL,NULL,0,0,-0.5589373,0.82921,NULL,HEADSET
2026-08-25T18:00:59.090Z,right,elbow_joint,-42.5,0,0,0,0,-0.6030681,0.7976897,NULL,HEADSET
2026-08-25T18:00:59.090Z,right,wrist_1_joint,-39.225,0,-10.915,0,0,0.9980835,0.06188098,NULL,HEADSET
2026-08-25T18:00:59.090Z,right,wrist_2_joint,0,-9.465002,0,0,0.3695325,0,0.9292178,NULL,HEADSET
2026-08-25T18:00:59.090Z,right,wrist_3_joint,0,0,-8.23,0,0,-0.3072188,0.9516389,NULL,HEADSET
2026-08-25T18:00:59.090Z,right,gripper,NULL,NULL,NULL,0,0,0,1,0.4125779,HEADSET
2026-08-25T18:00:59.108Z,right,endEffector,0.1799899,0.01813547,0.5362346,0.682681,0.03643965,-0.7170876,0.1356622,NULL,HEADSET
2026-08-25T18:00:59.108Z,right,base,0.1554802,-0.6079255,0.7192198,0.08361219,0.9352822,-0.002052635,0.3438781,NULL,HEADSET
2026-08-25T18:00:59.108Z,right,shoulder_pan_joint,0,8.9159,0,0,-0.6493922,0,0.7604536,NULL,HEADSET
2026-08-25T18:00:59.108Z,right,shoulder_lift_joint,NULL,NULL,NULL,0,0,-0.5578568,0.8299372,NULL,HEADSET
2026-08-25T18:00:59.108Z,right,elbow_joint,-42.5,0,0,0,0,-0.6047001,0.7964532,NULL,HEADSET
2026-08-25T18:00:59.108Z,right,wrist_1_joint,-39.225,0,-10.915,0,0,0.9982831,0.05857373,NULL,HEADSET
2026-08-25T18:00:59.108Z,right,wrist_2_joint,0,-9.465002,0,0,0.3648961,0,0.9310482,NULL,HEADSET
2026-08-25T18:00:59.108Z,right,wrist_3_joint,0,0,-8.23,0,0,-0.3104605,0.9505863,NULL,HEADSET
2026-08-25T18:00:59.108Z,right,gripper,NULL,NULL,NULL,0,0,0,1,0.4128979,HEADSET
2026-08-25T18:00:59.131Z,right,endEffector,0.1798941,0.0180841,0.5369432,0.683829,0.0361852,-0.7158712,0.1363709,NULL,HEADSET
2026-08-25T18:00:59.131Z,right,base,0.1562704,-0.607913,0.719272,0.08390459,0.9353769,-0.002285515,0.3435475,NULL,HEADSET
2026-08-25T18:00:59.131Z,right,shoulder_pan_joint,0,8.9159,0,0,-0.6452711,0,0.7639537,NULL,HEADSET
2026-08-25T18:00:59.131Z,right,shoulder_lift_joint,NULL,NULL,NULL,0,0,-0.5564843,0.8308582,NULL,HEADSET
2026-08-25T18:00:59.131Z,right,elbow_joint,-42.5,0,0,0,0,-0.6065924,0.795013,NULL,HEADSET
2026-08-25T18:00:59.131Z,right,wrist_1_joint,-39.225,0,-10.915,0,0,0.9984988,0.05477401,NULL,HEADSET
2026-08-25T18:00:59.131Z,right,wrist_2_joint,0,-9.465002,0,0,0.3595544,0,0.9331241,NULL,HEADSET
2026-08-25T18:00:59.131Z,right,wrist_3_joint,0,0,-8.23,0,0,-0.3142167,0.9493513,NULL,HEADSET
2026-08-25T18:00:59.131Z,right,gripper,NULL,NULL,NULL,0,0,0,1,0.4128979,HEADSET
2026-08-25T18:00:59.150Z,right,endEffector,0.1789829,0.01811526,0.5379943,0.6854194,0.03526429,-0.7141008,0.1379007,NULL,HEADSET
2026-08-25T18:00:59.150Z,right,base,0.1581866,-0.6078352,0.719278,0.08448044,0.9356407,-0.002800366,0.3426831,NULL,HEADSET
2026-08-25T18:00:59.150Z,right,shoulder_pan_joint,0,8.9159,0,0,-0.6437921,0,0.7652005,NULL,HEADSET
2026-08-25T18:00:59.150Z,right,shoulder_lift_joint,NULL,NULL,NULL,0,0,-0.5557615,0.8313418,NULL,HEADSET
2026-08-25T18:00:59.150Z,right,elbow_joint,-42.5,0,0,0,0,-0.6074033,0.7943937,NULL,HEADSET
2026-08-25T18:00:59.150Z,right,wrist_1_joint,-39.225,0,-10.915,0,0,0.9985863,0.05315457,NULL,HEADSET
2026-08-25T18:00:59.150Z,right,wrist_2_joint,0,-9.465002,0,0,0.357437,0,0.9339373,NULL,HEADSET
2026-08-25T18:00:59.150Z,right,wrist_3_joint,0,0,-8.23,0,0,-0.3159348,0.9487809,NULL,HEADSET
2026-08-25T18:00:59.150Z,right,gripper,NULL,NULL,NULL,0,0,0,1,0.4128114,HEADSET
2026-08-25T18:00:59.172Z,right,endEffector,0.1785186,0.01799295,0.5377291,0.6856841,0.03555986,-0.7139949,0.1370558,NULL,HEADSET
2026-08-25T18:00:59.172Z,right,base,0.1591556,-0.6080706,0.7192016,0.08465406,0.935756,-0.002772075,0.3423258,NULL,HEADSET
2026-08-25T18:00:59.172Z,right,shoulder_pan_joint,0,8.9159,0,0,-0.6398835,0,0.768472,NULL,HEADSET
2026-08-25T18:00:59.172Z,right,shoulder_lift_joint,NULL,NULL,NULL,0,0,-0.5537144,0.8327067,NULL,HEADSET
2026-08-25T18:00:59.172Z,right,elbow_joint,-42.5,0,0,0,0,-0.6094957,0.7927895,NULL,HEADSET
2026-08-25T18:00:59.172Z,right,wrist_1_joint,-39.225,0,-10.915,0,0,0.9987782,0.04941817,NULL,HEADSET
2026-08-25T18:00:59.172Z,right,wrist_2_joint,0,-9.465002,0,0,0.351991,0,0.9360034,NULL,HEADSET
2026-08-25T18:00:59.172Z,right,wrist_3_joint,0,0,-8.23,0,0,-0.320423,0.9472746,NULL,HEADSET
2026-08-25T18:00:59.172Z,right,gripper,NULL,NULL,NULL,0,0,0,1,0.4127069,HEADSET
2026-08-25T18:00:59.195Z,right,endEffector,0.1763226,0.01869168,0.5350289,0.6861783,0.03520054,-0.713634,0.1365537,NULL,HEADSET
2026-08-25T18:00:59.195Z,right,base,0.161121,-0.6076975,0.7192752,0.08507714,0.9359873,-0.00320628,0.3415838,NULL,HEADSET
2026-08-25T18:00:59.195Z,right,shoulder_pan_joint,0,8.9159,0,0,-0.6370602,0,0.7708141,NULL,HEADSET
2026-08-25T18:00:59.195Z,right,shoulder_lift_joint,NULL,NULL,NULL,0,0,-0.5524845,0.8335233,NULL,HEADSET
2026-08-25T18:00:59.195Z,right,elbow_joint,-42.5,0,0,0,0,-0.6108385,0.7917553,NULL,HEADSET
2026-08-25T18:00:59.195Z,right,wrist_1_joint,-39.225,0,-10.915,0,0,0.9989222,0.04641568,NULL,HEADSET
2026-08-25T18:00:59.195Z,right,wrist_2_joint,0,-9.465002,0,0,0.3480243,0,0.9374855,NULL,HEADSET
2026-08-25T18:00:59.195Z,right,wrist_3_joint,0,0,-8.23,0,0,-0.3237339,0.9461482,NULL,HEADSET
2026-08-25T18:00:59.195Z,right,gripper,NULL,NULL,NULL,0,0,0,1,0.4122789,HEADSET
2026-08-25T18:00:59.228Z,right,endEffector,0.1736458,0.01970722,0.5321181,0.6857683,0.03385847,-0.7140718,0.1366644,NULL,HEADSET
2026-08-25T18:00:59.228Z,right,base,0.1624014,-0.6067195,0.7200378,0.0856705,0.936129,-0.004216053,0.3410359,NULL,HEADSET
2026-08-25T18:00:59.228Z,right,shoulder_pan_joint,0,8.9159,0,0,-0.630866,0,0.7758918,NULL,HEADSET
2026-08-25T18:00:59.228Z,right,shoulder_lift_joint,NULL,NULL,NULL,0,0,-0.551932,0.8338891,NULL,HEADSET
2026-08-25T18:00:59.228Z,right,elbow_joint,-42.5,0,0,0,0,-0.6123645,0.7905756,NULL,HEADSET
2026-08-25T18:00:59.228Z,right,wrist_1_joint,-39.225,0,-10.915,0,0,0.9991362,0.04155521,NULL,HEADSET
2026-08-25T18:00:59.228Z,right,wrist_2_joint,0,-9.465002,0,0,0.3406876,0,0.9401765,NULL,HEADSET
2026-08-25T18:00:59.228Z,right,wrist_3_joint,0,0,-8.23,0,0,-0.32856,0.9444832,NULL,HEADSET
2026-08-25T18:00:59.228Z,right,gripper,NULL,NULL,NULL,0,0,0,1,0.4123887,HEADSET
2026-08-25T18:00:59.254Z,right,endEffector,0.1707087,0.02050807,0.5309114,0.686344,0.03244255,-0.7134622,0.1372998,NULL,HEADSET
2026-08-25T18:00:59.254Z,right,base,0.1637618,-0.6056908,0.7213182,0.08593725,0.9361723,-0.005204564,0.3408361,NULL,HEADSET
2026-08-25T18:00:59.254Z,right,shoulder_pan_joint,0,8.9159,0,0,-0.6228594,0,0.7823339,NULL,HEADSET
2026-08-25T18:00:59.254Z,right,shoulder_lift_joint,NULL,NULL,NULL,0,0,-0.5522133,0.8337029,NULL,HEADSET
2026-08-25T18:00:59.254Z,right,elbow_joint,-42.5,0,0,0,0,-0.6137484,0.7895017,NULL,HEADSET
2026-08-25T18:00:59.254Z,right,wrist_1_joint,-39.225,0,-10.915,0,0,0.9993545,0.03592576,NULL,HEADSET
2026-08-25T18:00:59.254Z,right,wrist_2_joint,0,-9.465002,0,0,0.3320525,0,0.9432609,NULL,HEADSET
2026-08-25T18:00:59.254Z,right,wrist_3_joint,0,0,-8.23,0,0,-0.3339294,0.9425981,NULL,HEADSET
2026-08-25T18:00:59.254Z,right,gripper,NULL,NULL,NULL,0,0,0,1,0.4104372,HEADSET
2026-08-25T18:00:59.275Z,right,endEffector,0.1689504,0.0206269,0.5300264,0.6857921,0.03170595,-0.7141241,0.1367875,NULL,HEADSET
2026-08-25T18:00:59.275Z,right,base,0.165534,-0.6053582,0.7216967,0.08651468,0.9363333,-0.005781017,0.340238,NULL,HEADSET
2026-08-25T18:00:59.275Z,right,shoulder_pan_joint,0,8.9159,0,0,-0.6141774,0,0.7891681,NULL,HEADSET
2026-08-25T18:00:59.275Z,right,shoulder_lift_joint,NULL,NULL,NULL,0,0,-0.5525091,0.8335069,NULL,HEADSET
2026-08-25T18:00:59.275Z,right,elbow_joint,-42.5,0,0,0,0,-0.615334,0.7882665,NULL,HEADSET
2026-08-25T18:00:59.275Z,right,wrist_1_joint,-39.225,0,-10.915,0,0,0.9995532,0.02989033,NULL,HEADSET
2026-08-25T18:00:59.275Z,right,wrist_2_joint,0,-9.465002,0,0,0.3229376,0,0.9464203,NULL,HEADSET
2026-08-25T18:00:59.275Z,right,wrist_3_joint,0,0,-8.23,0,0,-0.3397377,0.9405202,NULL,HEADSET
2026-08-25T18:00:59.275Z,right,gripper,NULL,NULL,NULL,0,0,0,1,0.4104368,HEADSET
2026-08-25T18:00:59.299Z,right,endEffector,0.1679865,0.02060648,0.5318396,0.6865342,0.0307738,-0.713486,0.1366086,NULL,HEADSET
2026-08-25T18:00:59.299Z,right,base,0.1659374,-0.6051006,0.7220544,0.08708406,0.9363639,-0.006246582,0.3400003,NULL,HEADSET
2026-08-25T18:00:59.299Z,right,shoulder_pan_joint,0,8.9159,0,0,-0.6057095,0,0.7956859,NULL,HEADSET
2026-08-25T18:00:59.299Z,right,shoulder_lift_joint,NULL,NULL,NULL,0,0,-0.5526524,0.8334119,NULL,HEADSET
2026-08-25T18:00:59.299Z,right,elbow_joint,-42.5,0,0,0,0,-0.6170749,0.7869044,NULL,HEADSET
2026-08-25T18:00:59.299Z,right,wrist_1_joint,-39.225,0,-10.915,0,0,0.9997185,0.02372536,NULL,HEADSET
2026-08-25T18:00:59.299Z,right,wrist_2_joint,0,-9.465002,0,0,0.3142945,0,0.9493256,NULL,HEADSET
2026-08-25T18:00:59.299Z,right,wrist_3_joint,0,0,-8.23,0,0,-0.3455864,0.9383869,NULL,HEADSET
2026-08-25T18:00:59.299Z,right,gripper,NULL,NULL,NULL,0,0,0,1,0.4115231,HEADSET
2026-08-25T18:00:59.318Z,right,endEffector,0.1674252,0.02090388,0.5364396,0.6872211,0.02884799,-0.7130284,0.1359615,NULL,HEADSET
2026-08-25T18:00:59.318Z,right,base,0.1665774,-0.6040465,0.7233304,0.0885937,0.9364927,-0.00790755,0.3392197,NULL,HEADSET
2026-08-25T18:00:59.318Z,right,shoulder_pan_joint,0,8.9159,0,0,-0.5995904,0,0.800307,NULL,HEADSET
2026-08-25T18:00:59.318Z,right,shoulder_lift_joint,NULL,NULL,NULL,0,0,-0.5517238,0.8340269,NULL,HEADSET
2026-08-25T18:00:59.318Z,right,elbow_joint,-42.5,0,0,0,0,-0.6190327,0.7853652,NULL,HEADSET
2026-08-25T18:00:59.318Z,right,wrist_1_joint,-39.225,0,-10.915,0,0,0.9998336,0.01824243,NULL,HEADSET
2026-08-25T18:00:59.318Z,right,wrist_2_joint,0,-9.465002,0,0,0.3076006,0,0.9515156,NULL,HEADSET
2026-08-25T18:00:59.318Z,right,wrist_3_joint,0,0,-8.23,0,0,-0.3511954,0.9363022,NULL,HEADSET
2026-08-25T18:00:59.318Z,right,gripper,NULL,NULL,NULL,0,0,0,1,0.4118151,HEADSET
2026-08-25T18:00:59.340Z,right,endEffector,0.1662594,0.02068811,0.5376262,0.6882259,0.02755626,-0.7123126,0.1348948,NULL,HEADSET
2026-08-25T18:00:59.340Z,right,base,0.1670054,-0.6034385,0.7241589,0.0896485,0.9366728,-0.009180726,0.3384124,NULL,HEADSET
2026-08-25T18:00:59.340Z,right,shoulder_pan_joint,0,8.9159,0,0,-0.5948964,0,0.8038024,NULL,HEADSET
2026-08-25T18:00:59.340Z,right,shoulder_lift_joint,NULL,NULL,NULL,0,0,-0.5491392,0.8357309,NULL,HEADSET
2026-08-25T18:00:59.340Z,right,elbow_joint,-42.5,0,0,0,0,-0.621677,0.7832737,NULL,HEADSET
2026-08-25T18:00:59.340Z,right,wrist_1_joint,-39.225,0,-10.915,0,0,0.9999083,0.0135454,NULL,HEADSET
2026-08-25T18:00:59.340Z,right,wrist_2_joint,0,-9.465002,0,0,0.3022158,0,0.9532396,NULL,HEADSET
2026-08-25T18:00:59.340Z,right,wrist_3_joint,0,0,-8.23,0,0,-0.3566439,0.9342404,NULL,HEADSET
2026-08-25T18:00:59.340Z,right,gripper,NULL,NULL,NULL,0,0,0,1,0.4123213,HEADSET
2026-08-25T18:00:59.358Z,right,endEffector,0.165146,0.01989628,0.5376654,0.6886445,0.02654781,-0.7122142,0.1334725,NULL,HEADSET
2026-08-25T18:00:59.358Z,right,base,0.1694819,-0.6031607,0.724929,0.090984,0.9371916,-0.0107057,0.3365698,NULL,HEADSET
2026-08-25T18:00:59.358Z,right,shoulder_pan_joint,0,8.9159,0,0,-0.5903662,0,0.8071355,NULL,HEADSET
2026-08-25T18:00:59.358Z,right,shoulder_lift_joint,NULL,NULL,NULL,0,0,-0.546554,0.8374239,NULL,HEADSET
2026-08-25T18:00:59.358Z,right,elbow_joint,-42.5,0,0,0,0,-0.6244803,0.7810405,NULL,HEADSET
2026-08-25T18:00:59.358Z,right,wrist_1_joint,-39.225,0,-10.915,0,0,0.9999629,0.008615555,NULL,HEADSET
2026-08-25T18:00:59.358Z,right,wrist_2_joint,0,-9.465002,0,0,0.2968061,0,0.9549378,NULL,HEADSET
2026-08-25T18:00:59.358Z,right,wrist_3_joint,0,0,-8.23,0,0,-0.3619431,0.9322002,NULL,HEADSET
2026-08-25T18:00:59.358Z,right,gripper,NULL,NULL,NULL,0,0,0,1,0.4120565,HEADSET
2026-08-25T18:00:59.380Z,right,endEffector,0.1648491,0.01977891,0.5374232,0.6889873,0.02644311,-0.7118406,0.1337167,NULL,HEADSET
2026-08-25T18:00:59.380Z,right,base,0.1711637,-0.6029408,0.7251188,0.09134936,0.9375014,-0.01127694,0.3355882,NULL,HEADSET
2026-08-25T18:00:59.380Z,right,shoulder_pan_joint,0,8.9159,0,0,-0.5842288,0,0.811589,NULL,HEADSET
2026-08-25T18:00:59.380Z,right,shoulder_lift_joint,NULL,NULL,NULL,0,0,-0.5443391,0.8388653,NULL,HEADSET
2026-08-25T18:00:59.380Z,right,elbow_joint,-42.5,0,0,0,0,-0.6276534,0.7784929,NULL,HEADSET
2026-08-25T18:00:59.380Z,right,wrist_1_joint,-39.225,0,-10.915,0,0,0.9999961,0.002809548,NULL,HEADSET
2026-08-25T18:00:59.380Z,right,wrist_2_joint,0,-9.465002,0,0,0.2900403,0,0.9570144,NULL,HEADSET
2026-08-25T18:00:59.380Z,right,wrist_3_joint,0,0,-8.23,0,0,-0.3673842,0.9300693,NULL,HEADSET
2026-08-25T18:00:59.380Z,right,gripper,NULL,NULL,NULL,0,0,0,1,0.4127511,HEADSET
2026-08-25T18:00:59.399Z,right,endEffector,0.1616269,0.01972092,0.535978,0.6897767,0.02712393,-0.710808,0.1349989,NULL,HEADSET
2026-08-25T18:00:59.399Z,right,base,0.1762145,-0.6021536,0.7252939,0.09078948,0.9382186,-0.01168959,0.3337163,NULL,HEADSET
2026-08-25T18:00:59.399Z,right,shoulder_pan_joint,0,8.9159,0,0,-0.5788536,0,0.8154315,NULL,HEADSET
2026-08-25T18:00:59.399Z,right,shoulder_lift_joint,NULL,NULL,NULL,0,0,-0.5425019,0.8400546,NULL,HEADSET
2026-08-25T18:00:59.399Z,right,elbow_joint,-42.5,0,0,0,0,-0.6304114,0.7762612,NULL,HEADSET
2026-08-25T18:00:59.399Z,right,wrist_1_joint,-39.225,0,-10.915,0,0,0.9999949,-0.003192943,NULL,HEADSET
2026-08-25T18:00:59.399Z,right,wrist_2_joint,0,-9.465002,0,0,0.2838558,0,0.958867,NULL,HEADSET
2026-08-25T18:00:59.399Z,right,wrist_3_joint,0,0,-8.23,0,0,-0.3728528,0.9278905,NULL,HEADSET
2026-08-25T18:00:59.399Z,right,gripper,NULL,NULL,NULL,0,0,0,1,0.4135289,HEADSET
2026-08-25T18:00:59.421Z,right,endEffector,0.1600353,0.01942668,0.5356557,0.6900886,0.02748217,-0.7104348,0.1352954,NULL,HEADSET
2026-08-25T18:00:59.421Z,right,base,0.1783894,-0.601734,0.7254528,0.09064393,0.9385292,-0.01197608,0.3328713,NULL,HEADSET
2026-08-25T18:00:59.421Z,right,shoulder_pan_joint,0,8.9159,0,0,-0.570294,0,0.8214407,NULL,HEADSET
2026-08-25T18:00:59.421Z,right,shoulder_lift_joint,NULL,NULL,NULL,0,0,-0.5414042,0.8407624,NULL,HEADSET
2026-08-25T18:00:59.421Z,right,elbow_joint,-42.5,0,0,0,0,-0.6336069,0.7736552,NULL,HEADSET
2026-08-25T18:00:59.421Z,right,wrist_1_joint,-39.225,0,-10.915,0,0,0.999944,-0.01058448,NULL,HEADSET
2026-08-25T18:00:59.421Z,right,wrist_2_joint,0,-9.465002,0,0,0.2752048,0,0.9613856,NULL,HEADSET
2026-08-25T18:00:59.421Z,right,wrist_3_joint,0,0,-8.23,0,0,-0.379041,0.9253799,NULL,HEADSET
2026-08-25T18:00:59.421Z,right,gripper,NULL,NULL,NULL,0,0,0,1,0.4138344,HEADSET
2026-08-25T18:00:59.440Z,right,endEffector,0.1578976,0.01844822,0.5354664,0.6901466,0.02849728,-0.7103964,0.1349904,NULL,HEADSET
2026-08-25T18:00:59.440Z,right,base,0.1827244,-0.6017143,0.7252104,0.09056712,0.9391507,-0.0121586,0.331128,NULL,HEADSET
2026-08-25T18:00:59.440Z,right,shoulder_pan_joint,0,8.9159,0,0,-0.5625658,0,0.8267525,NULL,HEADSET
2026-08-25T18:00:59.440Z,right,shoulder_lift_joint,NULL,NULL,NULL,0,0,-0.5403322,0.8414518,NULL,HEADSET
2026-08-25T18:00:59.440Z,right,elbow_joint,-42.5,0,0,0,0,-0.6367056,0.771107,NULL,HEADSET
2026-08-25T18:00:59.440Z,right,wrist_1_joint,-39.225,0,-10.915,0,0,0.9998353,-0.01815443,NULL,HEADSET
2026-08-25T18:00:59.440Z,right,wrist_2_joint,0,-9.465002,0,0,0.2672873,0,0.9636169,NULL,HEADSET
2026-08-25T18:00:59.440Z,right,wrist_3_joint,0,0,-8.23,0,0,-0.3852292,0.922821,NULL,HEADSET
2026-08-25T18:00:59.440Z,right,gripper,NULL,NULL,NULL,0,0,0,1,0.4146867,HEADSET
2026-08-25T18:00:59.464Z,right,endEffector,0.1571769,0.01743542,0.5357096,0.6903897,0.02865882,-0.7101618,0.134949,NULL,HEADSET
2026-08-25T18:00:59.464Z,right,base,0.1848689,-0.6018255,0.7250444,0.09038531,0.9394107,-0.01210517,0.3304415,NULL,HEADSET
2026-08-25T18:00:59.464Z,right,shoulder_pan_joint,0,8.9159,0,0,-0.5536933,0,0.8327208,NULL,HEADSET
2026-08-25T18:00:59.464Z,right,shoulder_lift_joint,NULL,NULL,NULL,0,0,-0.5392973,0.8421155,NULL,HEADSET
2026-08-25T18:00:59.464Z,right,elbow_joint,-42.5,0,0,0,0,-0.6402,0.7682083,NULL,HEADSET
2026-08-25T18:00:59.464Z,right,wrist_1_joint,-39.225,0,-10.915,0,0,0.9996516,-0.02639565,NULL,HEADSET
2026-08-25T18:00:59.464Z,right,wrist_2_joint,0,-9.465002,0,0,0.2587109,0,0.9659548,NULL,HEADSET
2026-08-25T18:00:59.464Z,right,wrist_3_joint,0,0,-8.23,0,0,-0.3916029,0.9201343,NULL,HEADSET
2026-08-25T18:00:59.464Z,right,gripper,NULL,NULL,NULL,0,0,0,1,0.416745,HEADSET
2026-08-25T18:00:59.485Z,right,endEffector,0.152196,0.0158475,0.5347417,0.6910425,0.0291696,-0.7094787,0.1350894,NULL,HEADSET
2026-08-25T18:00:59.485Z,right,base,0.1887749,-0.6011814,0.7252691,0.08972442,0.9398449,-0.01225572,0.3293793,NULL,HEADSET
2026-08-25T18:00:59.485Z,right,shoulder_pan_joint,0,8.9159,0,0,-0.5466368,0,0.8373698,NULL,HEADSET
2026-08-25T18:00:59.485Z,right,shoulder_lift_joint,NULL,NULL,NULL,0,0,-0.5380052,0.8429415,NULL,HEADSET
2026-08-25T18:00:59.485Z,right,elbow_joint,-42.5,0,0,0,0,-0.6435655,0.765391,NULL,HEADSET
2026-08-25T18:00:59.485Z,right,wrist_1_joint,-39.225,0,-10.915,0,0,0.9994094,-0.03436518,NULL,HEADSET
2026-08-25T18:00:59.485Z,right,wrist_2_joint,0,-9.465002,0,0,0.2515593,0,0.9678419,NULL,HEADSET
2026-08-25T18:00:59.485Z,right,wrist_3_joint,0,0,-8.23,0,0,-0.3978103,0.9174677,NULL,HEADSET
2026-08-25T18:00:59.485Z,right,gripper,NULL,NULL,NULL,0,0,0,1,0.4169573,HEADSET
2026-08-25T18:00:59.508Z,right,endEffector,0.1487784,0.01542922,0.5336766,0.6911158,0.02887099,-0.7090112,0.1372177,NULL,HEADSET
2026-08-25T18:00:59.508Z,right,base,0.1900455,-0.6004731,0.7258562,0.08946899,0.9399245,-0.01256201,0.3292102,NULL,HEADSET
2026-08-25T18:00:59.508Z,right,shoulder_pan_joint,0,8.9159,0,0,-0.5366113,0,0.8438296,NULL,HEADSET
2026-08-25T18:00:59.508Z,right,shoulder_lift_joint,NULL,NULL,NULL,0,0,-0.5372427,0.8434277,NULL,HEADSET
2026-08-25T18:00:59.508Z,right,elbow_joint,-42.5,0,0,0,0,-0.6477845,0.7618236,NULL,HEADSET
2026-08-25T18:00:59.508Z,right,wrist_1_joint,-39.225,0,-10.915,0,0,0.99905,-0.04358,NULL,HEADSET
2026-08-25T18:00:59.508Z,right,wrist_2_joint,0,-9.465002,0,0,0.2424729,0,0.9701582,NULL,HEADSET
2026-08-25T18:00:59.508Z,right,wrist_3_joint,0,0,-8.23,0,0,-0.4042933,0.9146294,NULL,HEADSET
2026-08-25T18:00:59.508Z,right,gripper,NULL,NULL,NULL,0,0,0,1,0.4185682,HEADSET
2026-08-25T18:00:59.523Z,right,endEffector,0.1441811,0.01532048,0.532711,0.6905572,0.02875669,-0.7090355,0.139902,NULL,HEADSET
2026-08-25T18:00:59.523Z,right,base,0.192214,-0.5990994,0.7272523,0.08945011,0.9400949,-0.01361672,0.3286866,NULL,HEADSET
2026-08-25T18:00:59.523Z,right,shoulder_pan_joint,0,8.9159,0,0,-0.5269739,0,0.8498815,NULL,HEADSET
2026-08-25T18:00:59.523Z,right,shoulder_lift_joint,NULL,NULL,NULL,0,0,-0.5369141,0.8436369,NULL,HEADSET
2026-08-25T18:00:59.523Z,right,elbow_joint,-42.5,0,0,0,0,-0.6516073,0.7585565,NULL,HEADSET
2026-08-25T18:00:59.523Z,right,wrist_1_joint,-39.225,0,-10.915,0,0,0.9985934,-0.05302104,NULL,HEADSET
2026-08-25T18:00:59.523Z,right,wrist_2_joint,0,-9.465002,0,0,0.2339278,0,0.972254,NULL,HEADSET
2026-08-25T18:00:59.523Z,right,wrist_3_joint,0,0,-8.23,0,0,-0.4111271,0.9115781,NULL,HEADSET
2026-08-25T18:00:59.523Z,right,gripper,NULL,NULL,NULL,0,0,0,1,0.4197734,HEADSET
2026-08-25T18:00:59.547Z,right,endEffector,0.143421,0.01492245,0.5333763,0.6908067,0.0292732,-0.7087507,0.1400055,NULL,HEADSET
2026-08-25T18:00:59.547Z,right,base,0.1928964,-0.598988,0.7275518,0.08989952,0.9401644,-0.0140115,0.3283485,NULL,HEADSET
2026-08-25T18:00:59.547Z,right,shoulder_pan_joint,0,8.9159,0,0,-0.5157408,0,0.8567447,NULL,HEADSET
2026-08-25T18:00:59.547Z,right,shoulder_lift_joint,NULL,NULL,NULL,0,0,-0.5371738,0.8434716,NULL,HEADSET
2026-08-25T18:00:59.547Z,right,elbow_joint,-42.5,0,0,0,0,-0.655405,0.7552776,NULL,HEADSET
2026-08-25T18:00:59.547Z,right,wrist_1_joint,-39.225,0,-10.915,0,0,0.9979998,-0.0632169,NULL,HEADSET
2026-08-25T18:00:59.547Z,right,wrist_2_joint,0,-9.465002,0,0,0.2248611,0,0.9743909,NULL,HEADSET
2026-08-25T18:00:59.547Z,right,wrist_3_joint,0,0,-8.23,0,0,-0.4184765,0.9082276,NULL,HEADSET
2026-08-25T18:00:59.547Z,right,gripper,NULL,NULL,NULL,0,0,0,1,0.4197733,HEADSET
2026-08-25T18:00:59.566Z,right,endEffector,0.1395566,0.01354977,0.5332778,0.6921163,0.02892265,-0.707084,0.1420237,NULL,HEADSET
2026-08-25T18:00:59.566Z,right,base,0.1938763,-0.5987151,0.7284094,0.09117142,0.9402755,-0.01513193,0.327629,NULL,HEADSET
2026-08-25T18:00:59.566Z,right,shoulder_pan_joint,0,8.9159,0,0,-0.5074321,0,0.8616918,NULL,HEADSET
2026-08-25T18:00:59.566Z,right,shoulder_lift_joint,NULL,NULL,NULL,0,0,-0.5366962,0.8437756,NULL,HEADSET
2026-08-25T18:00:59.566Z,right,elbow_joint,-42.5,0,0,0,0,-0.6587571,0.7523557,NULL,HEADSET
2026-08-25T18:00:59.566Z,right,wrist_1_joint,-39.225,0,-10.915,0,0,0.9973426,-0.07285434,NULL,HEADSET
2026-08-25T18:00:59.566Z,right,wrist_2_joint,0,-9.465002,0,0,0.2179205,0,0.9759665,NULL,HEADSET
2026-08-25T18:00:59.566Z,right,wrist_3_joint,0,0,-8.23,0,0,-0.4256498,0.904888,NULL,HEADSET
2026-08-25T18:00:59.566Z,right,gripper,NULL,NULL,NULL,0,0,0,1,0.4213128,HEADSET
2026-08-25T18:00:59.589Z,right,endEffector,0.1380715,0.01257238,0.5337648,0.6920271,0.02884193,-0.7070349,0.1427175,NULL,HEADSET
2026-08-25T18:00:59.589Z,right,base,0.1947666,-0.5985653,0.7287292,0.09168079,0.9403849,-0.01565704,0.3271479,NULL,HEADSET
2026-08-25T18:00:59.589Z,right,shoulder_pan_joint,0,8.9159,0,0,-0.4976186,0,0.8673959,NULL,HEADSET
2026-08-25T18:00:59.589Z,right,shoulder_lift_joint,NULL,NULL,NULL,0,0,-0.5364526,0.8439305,NULL,HEADSET
2026-08-25T18:00:59.589Z,right,elbow_joint,-42.5,0,0,0,0,-0.6625366,0.7490296,NULL,HEADSET
2026-08-25T18:00:59.589Z,right,wrist_1_joint,-39.225,0,-10.915,0,0,0.9965292,-0.08324468,NULL,HEADSET
2026-08-25T18:00:59.589Z,right,wrist_2_joint,0,-9.465002,0,0,0.210307,0,0.9776354,NULL,HEADSET
2026-08-25T18:00:59.589Z,right,wrist_3_joint,0,0,-8.23,0,0,-0.4332854,0.9012568,NULL,HEADSET
2026-08-25T18:00:59.589Z,right,gripper,NULL,NULL,NULL,0,0,0,1,0.4219012,HEADSET
2026-08-25T18:00:59.607Z,right,endEffector,0.1368128,0.01043071,0.5343035,0.6923398,0.03040225,-0.7065268,0.1433928,NULL,HEADSET
2026-08-25T18:00:59.607Z,right,base,0.1983424,-0.5986978,0.7286773,0.09213514,0.9408797,-0.01621117,0.3255669,NULL,HEADSET
2026-08-25T18:00:59.607Z,right,shoulder_pan_joint,0,8.9159,0,0,-0.4894764,0,0.8720165,NULL,HEADSET
2026-08-25T18:00:59.607Z,right,shoulder_lift_joint,NULL,NULL,NULL,0,0,-0.5357882,0.8443524,NULL,HEADSET
2026-08-25T18:00:59.607Z,right,elbow_joint,-42.5,0,0,0,0,-0.6661688,0.745801,NULL,HEADSET
2026-08-25T18:00:59.607Z,right,wrist_1_joint,-39.225,0,-10.915,0,0,0.9956369,-0.09331287,NULL,HEADSET
2026-08-25T18:00:59.607Z,right,wrist_2_joint,0,-9.465002,0,0,0.2040709,0,0.9789561,NULL,HEADSET
2026-08-25T18:00:59.607Z,right,wrist_3_joint,0,0,-8.23,0,0,-0.4408391,0.8975862,NULL,HEADSET
2026-08-25T18:00:59.607Z,right,gripper,NULL,NULL,NULL,0,0,0,1,0.427562,HEADSET
2026-08-25T18:00:59.633Z,right,endEffector,0.1358003,0.009639544,0.5346912,0.6926103,0.03190152,-0.7061419,0.1436558,NULL,HEADSET
2026-08-25T18:00:59.633Z,right,base,0.2006233,-0.5987105,0.7282863,0.09223803,0.9412054,-0.01629339,0.3245906,NULL,HEADSET
2026-08-25T18:00:59.633Z,right,shoulder_pan_joint,0,8.9159,0,0,-0.4810635,0,0.8766858,NULL,HEADSET
2026-08-25T18:00:59.633Z,right,shoulder_lift_joint,NULL,NULL,NULL,0,0,-0.5348952,0.8449185,NULL,HEADSET
2026-08-25T18:00:59.633Z,right,elbow_joint,-42.5,0,0,0,0,-0.6702698,0.7421175,NULL,HEADSET
2026-08-25T18:00:59.633Z,right,wrist_1_joint,-39.225,0,-10.915,0,0,0.9945949,-0.1038322,NULL,HEADSET
2026-08-25T18:00:59.633Z,right,wrist_2_joint,0,-9.465002,0,0,0.1980218,0,0.9801976,NULL,HEADSET
2026-08-25T18:00:59.633Z,right,wrist_3_joint,0,0,-8.23,0,0,-0.4483221,0.8938721,NULL,HEADSET
2026-08-25T18:00:59.633Z,right,gripper,NULL,NULL,NULL,0,0,0,1,0.4284656,HEADSET
2026-08-25T18:00:59.651Z,right,endEffector,0.1345208,0.00908201,0.5359955,0.6925368,0.0323872,-0.7060799,0.1442049,NULL,HEADSET
2026-08-25T18:00:59.651Z,right,base,0.2044262,-0.5977301,0.7286234,0.0927111,0.9417777,-0.01741979,0.322732,NULL,HEADSET
2026-08-25T18:00:59.651Z,right,shoulder_pan_joint,0,8.9159,0,0,-0.4736922,0,0.8806905,NULL,HEADSET
2026-08-25T18:00:59.651Z,right,shoulder_lift_joint,NULL,NULL,NULL,0,0,-0.533821,0.8455975,NULL,HEADSET
2026-08-25T18:00:59.651Z,right,elbow_joint,-42.5,0,0,0,0,-0.6740358,0.7386987,NULL,HEADSET
2026-08-25T18:00:59.651Z,right,wrist_1_joint,-39.225,0,-10.915,0,0,0.9934456,-0.1143057,NULL,HEADSET
2026-08-25T18:00:59.651Z,right,wrist_2_joint,0,-9.465002,0,0,0.1927893,0,0.9812402,NULL,HEADSET
2026-08-25T18:00:59.651Z,right,wrist_3_joint,0,0,-8.23,0,0,-0.4557826,0.8900911,NULL,HEADSET
2026-08-25T18:00:59.651Z,right,gripper,NULL,NULL,NULL,0,0,0,1,0.4299937,HEADSET
2026-08-25T18:00:59.672Z,right,endEffector,0.133309,0.00804889,0.5370623,0.6921477,0.03171682,-0.7062482,0.1453924,NULL,HEADSET
2026-08-25T18:00:59.672Z,right,base,0.2059228,-0.5975374,0.7287087,0.09321676,0.9420163,-0.01798736,0.3218577,NULL,HEADSET
2026-08-25T18:00:59.672Z,right,shoulder_pan_joint,0,8.9159,0,0,-0.4654229,0,0.8850884,NULL,HEADSET
2026-08-25T18:00:59.672Z,right,shoulder_lift_joint,NULL,NULL,NULL,0,0,-0.5326062,0.8463632,NULL,HEADSET
2026-08-25T18:00:59.672Z,right,elbow_joint,-42.5,0,0,0,0,-0.6780467,0.7350189,NULL,HEADSET
2026-08-25T18:00:59.672Z,right,wrist_1_joint,-39.225,0,-10.915,0,0,0.9921489,-0.1250622,NULL,HEADSET
2026-08-25T18:00:59.672Z,right,wrist_2_joint,0,-9.465002,0,0,0.1873028,0,0.9823022,NULL,HEADSET
2026-08-25T18:00:59.672Z,right,wrist_3_joint,0,0,-8.23,0,0,-0.4633839,0.8861576,NULL,HEADSET
2026-08-25T18:00:59.672Z,right,gripper,NULL,NULL,NULL,0,0,0,1,0.4311724,HEADSET
2026-08-25T18:00:59.690Z,right,endEffector,0.1319113,0.006299064,0.5380585,0.6913739,0.03044834,-0.7068474,0.1464301,NULL,HEADSET
2026-08-25T18:00:59.690Z,right,base,0.2092577,-0.5973744,0.7287077,0.0942939,0.9425774,-0.01919585,0.3198252,NULL,HEADSET
2026-08-25T18:00:59.690Z,right,shoulder_pan_joint,0,8.9159,0,0,-0.4580824,0,0.8889098,NULL,HEADSET
2026-08-25T18:00:59.690Z,right,shoulder_lift_joint,NULL,NULL,NULL,0,0,-0.5312126,0.8472385,NULL,HEADSET
2026-08-25T18:00:59.690Z,right,elbow_joint,-42.5,0,0,0,0,-0.6819161,0.7314305,NULL,HEADSET
2026-08-25T18:00:59.690Z,right,wrist_1_joint,-39.225,0,-10.915,0,0,0.9907824,-0.1354629,NULL,HEADSET
2026-08-25T18:00:59.690Z,right,wrist_2_joint,0,-9.465002,0,0,0.1826266,0,0.9831824,NULL,HEADSET
2026-08-25T18:00:59.690Z,right,wrist_3_joint,0,0,-8.23,0,0,-0.4711216,0.8820683,NULL,HEADSET
2026-08-25T18:00:59.690Z,right,gripper,NULL,NULL,NULL,0,0,0,1,0.4323323,HEADSET
2026-08-25T18:00:59.714Z,right,endEffector,0.1314573,0.005748577,0.5381879,0.690846,0.02976706,-0.7072573,0.1470813,NULL,HEADSET
2026-08-25T18:00:59.714Z,right,base,0.2110974,-0.5970625,0.7285837,0.09464692,0.9428681,-0.01971554,0.3188308,NULL,HEADSET
2026-08-25T18:00:59.714Z,right,shoulder_pan_joint,0,8.9159,0,0,-0.4496009,0,0.8932295,NULL,HEADSET
2026-08-25T18:00:59.714Z,right,shoulder_lift_joint,NULL,NULL,NULL,0,0,-0.5300034,0.8479955,NULL,HEADSET
2026-08-25T18:00:59.714Z,right,elbow_joint,-42.5,0,0,0,0,-0.6860906,0.7275161,NULL,HEADSET
2026-08-25T18:00:59.714Z,right,wrist_1_joint,-39.225,0,-10.915,0,0,0.9892671,-0.1461186,NULL,HEADSET
2026-08-25T18:00:59.714Z,right,wrist_2_joint,0,-9.465002,0,0,0.177573,0,0.9841077,NULL,HEADSET
2026-08-25T18:00:59.714Z,right,wrist_3_joint,0,0,-8.23,0,0,-0.4790577,0.8777835,NULL,HEADSET
2026-08-25T18:00:59.714Z,right,gripper,NULL,NULL,NULL,0,0,0,1,0.4331803,HEADSET
2026-08-25T18:00:59.731Z,right,endEffector,0.1298289,0.005627064,0.5391304,0.690706,0.02841892,-0.7071158,0.1486773,NULL,HEADSET
2026-08-25T18:00:59.731Z,right,base,0.2146983,-0.594805,0.7296588,0.09475017,0.9433698,-0.02144833,0.3171998,NULL,HEADSET
2026-08-25T18:00:59.731Z,right,shoulder_pan_joint,0,8.9159,0,0,-0.4425381,0,0.8967497,NULL,HEADSET
2026-08-25T18:00:59.731Z,right,shoulder_lift_joint,NULL,NULL,NULL,0,0,-0.5288521,0.848714,NULL,HEADSET
2026-08-25T18:00:59.731Z,right,elbow_joint,-42.5,0,0,0,0,-0.6897752,0.7240236,NULL,HEADSET
2026-08-25T18:00:59.731Z,right,wrist_1_joint,-39.225,0,-10.915,0,0,0.9876739,-0.1565255,NULL,HEADSET
2026-08-25T18:00:59.731Z,right,wrist_2_joint,0,-9.465002,0,0,0.17339,0,0.9848533,NULL,HEADSET
2026-08-25T18:00:59.731Z,right,wrist_3_joint,0,0,-8.23,0,0,-0.486998,0.8734031,NULL,HEADSET
2026-08-25T18:00:59.731Z,right,gripper,NULL,NULL,NULL,0,0,0,1,0.4355718,HEADSET
2026-08-25T18:00:59.758Z,right,endEffector,0.1294803,0.005806986,0.5398426,0.6902684,0.02585112,-0.707038,0.1515201,NULL,HEADSET
2026-08-25T18:00:59.758Z,right,base,0.2157654,-0.5938125,0.7302948,0.09506784,0.9435316,-0.02251294,0.316549,NULL,HEADSET
2026-08-25T18:00:59.758Z,right,shoulder_pan_joint,0,8.9159,0,0,-0.4344526,0,0.9006947,NULL,HEADSET
2026-08-25T18:00:59.758Z,right,shoulder_lift_joint,NULL,NULL,NULL,0,0,-0.5278405,0.8493435,NULL,HEADSET
2026-08-25T18:00:59.758Z,right,elbow_joint,-42.5,0,0,0,0,-0.6937973,0.7201703,NULL,HEADSET
2026-08-25T18:00:59.758Z,right,wrist_1_joint,-39.225,0,-10.915,0,0,0.9859106,-0.1672733,NULL,HEADSET
2026-08-25T18:00:59.758Z,right,wrist_2_joint,0,-9.465002,0,0,0.1688093,0,0.9856488,NULL,HEADSET
2026-08-25T18:00:59.758Z,right,wrist_3_joint,0,0,-8.23,0,0,-0.4949952,0.8688958,NULL,HEADSET
2026-08-25T18:00:59.758Z,right,gripper,NULL,NULL,NULL,0,0,0,1,0.4395837,HEADSET
2026-08-25T18:00:59.777Z,right,endEffector,0.1250648,0.005096683,0.5404605,0.6905686,0.02663635,-0.706589,0.1521103,NULL,HEADSET
2026-08-25T18:00:59.777Z,right,base,0.2189513,-0.592577,0.7309764,0.09490158,0.9438828,-0.02357748,0.3154729,NULL,HEADSET
2026-08-25T18:00:59.777Z,right,shoulder_pan_joint,0,8.9159,0,0,-0.4280241,0,0.9037673,NULL,HEADSET
2026-08-25T18:00:59.777Z,right,shoulder_lift_joint,NULL,NULL,NULL,0,0,-0.5266523,0.8500808,NULL,HEADSET
2026-08-25T18:00:59.777Z,right,elbow_joint,-42.5,0,0,0,0,-0.6972745,0.7168043,NULL,HEADSET
2026-08-25T18:00:59.777Z,right,wrist_1_joint,-39.225,0,-10.915,0,0,0.9841473,-0.1773533,NULL,HEADSET
2026-08-25T18:00:59.777Z,right,wrist_2_joint,0,-9.465002,0,0,0.165245,0,0.9862525,NULL,HEADSET
2026-08-25T18:00:59.777Z,right,wrist_3_joint,0,0,-8.23,0,0,-0.5033129,0.8641042,NULL,HEADSET
2026-08-25T18:00:59.777Z,right,gripper,NULL,NULL,NULL,0,0,0,1,0.4395837,HEADSET
2026-08-25T18:00:59.799Z,right,endEffector,0.1230049,0.004744701,0.5409965,0.6905112,0.02703844,-0.7065526,0.1524689,NULL,HEADSET
2026-08-25T18:00:59.799Z,right,base,0.2208258,-0.5918332,0.7311834,0.09467711,0.9441013,-0.0240084,0.3148532,NULL,HEADSET
2026-08-25T18:00:59.799Z,right,shoulder_pan_joint,0,8.9159,0,0,-0.4187888,0,0.9080837,NULL,HEADSET
2026-08-25T18:00:59.799Z,right,shoulder_lift_joint,NULL,NULL,NULL,0,0,-0.5263274,0.850282,NULL,HEADSET
2026-08-25T18:00:59.799Z,right,elbow_joint,-42.5,0,0,0,0,-0.7010036,0.7131578,NULL,HEADSET
2026-08-25T18:00:59.799Z,right,wrist_1_joint,-39.225,0,-10.915,0,0,0.9820536,-0.1886023,NULL,HEADSET
2026-08-25T18:00:59.799Z,right,wrist_2_joint,0,-9.465002,0,0,0.1605214,0,0.9870324,NULL,HEADSET
2026-08-25T18:00:59.799Z,right,wrist_3_joint,0,0,-8.23,0,0,-0.5115218,0.8592704,NULL,HEADSET
2026-08-25T18:00:59.799Z,right,gripper,NULL,NULL,NULL,0,0,0,1,0.4395847,HEADSET
2026-08-25T18:00:59.817Z,right,endEffector,0.1203319,0.00506939,0.5409925,0.6909518,0.02683667,-0.7058203,0.1538939,NULL,HEADSET
2026-08-25T18:00:59.817Z,right,base,0.2237778,-0.5899388,0.7318476,0.0944707,0.9444053,-0.02508331,0.3139182,NULL,HEADSET
2026-08-25T18:00:59.817Z,right,shoulder_pan_joint,0,8.9159,0,0,-0.4104783,0,0.9118704,NULL,HEADSET
2026-08-25T18:00:59.817Z,right,shoulder_lift_joint,NULL,NULL,NULL,0,0,-0.5259649,0.8505062,NULL,HEADSET
2026-08-25T18:00:59.817Z,right,elbow_joint,-42.5,0,0,0,0,-0.7044677,0.709736,NULL,HEADSET
2026-08-25T18:00:59.817Z,right,wrist_1_joint,-39.225,0,-10.915,0,0,0.9798273,-0.1998461,NULL,HEADSET
2026-08-25T18:00:59.817Z,right,wrist_2_joint,0,-9.465002,0,0,0.1564345,0,0.9876884,NULL,HEADSET
2026-08-25T18:00:59.817Z,right,wrist_3_joint,0,0,-8.23,0,0,-0.5196075,0.8544052,NULL,HEADSET
2026-08-25T18:00:59.817Z,right,gripper,NULL,NULL,NULL,0,0,0,1,0.4488592,HEADSET
2026-08-25T18:00:59.839Z,right,endEffector,0.1183435,0.005273746,0.5401617,0.6924066,0.0268084,-0.7042738,0.1544437,NULL,HEADSET
2026-08-25T18:00:59.839Z,right,base,0.2249694,-0.5885884,0.7327197,0.09439821,0.9445105,-0.02602172,0.3135471,NULL,HEADSET
2026-08-25T18:00:59.839Z,right,shoulder_pan_joint,0,8.9159,0,0,-0.4015403,0,0.9158414,NULL,HEADSET
2026-08-25T18:00:59.839Z,right,shoulder_lift_joint,NULL,NULL,NULL,0,0,-0.5260945,0.8504261,NULL,HEADSET
2026-08-25T18:00:59.839Z,right,elbow_joint,-42.5,0,0,0,0,-0.7078526,0.7063602,NULL,HEADSET
2026-08-25T18:00:59.839Z,right,wrist_1_joint,-39.225,0,-10.915,0,0,0.9773729,-0.2115232,NULL,HEADSET
2026-08-25T18:00:59.839Z,right,wrist_2_joint,0,-9.465002,0,0,0.1521778,0,0.9883531,NULL,HEADSET
2026-08-25T18:00:59.839Z,right,wrist_3_joint,0,0,-8.23,0,0,-0.5277486,0.8494007,NULL,HEADSET
2026-08-25T18:00:59.839Z,right,gripper,NULL,NULL,NULL,0,0,0,1,0.4494359,HEADSET
2026-08-25T18:00:59.858Z,right,endEffector,0.1147979,0.004948659,0.5382697,0.6942508,0.02570885,-0.7023728,0.1550075,NULL,HEADSET
2026-08-25T18:00:59.858Z,right,base,0.2267904,-0.5868754,0.7340383,0.09480681,0.9446611,-0.027749,0.3128209,NULL,HEADSET
2026-08-25T18:00:59.858Z,right,shoulder_pan_joint,0,8.9159,0,0,-0.3938106,0,0.9191917,NULL,HEADSET
2026-08-25T18:00:59.858Z,right,shoulder_lift_joint,NULL,NULL,NULL,0,0,-0.5264179,0.850226,NULL,HEADSET
2026-08-25T18:00:59.858Z,right,elbow_joint,-42.5,0,0,0,0,-0.7109153,0.7032776,NULL,HEADSET
2026-08-25T18:00:59.858Z,right,wrist_1_joint,-39.225,0,-10.915,0,0,0.9747348,-0.2233655,NULL,HEADSET
2026-08-25T18:00:59.858Z,right,wrist_2_joint,0,-9.465002,0,0,0.1485005,0,0.9889123,NULL,HEADSET
2026-08-25T18:00:59.858Z,right,wrist_3_joint,0,0,-8.23,0,0,-0.5357875,0.844353,NULL,HEADSET
2026-08-25T18:00:59.858Z,right,gripper,NULL,NULL,NULL,0,0,0,1,0.4538767,HEADSET
2026-08-25T18:00:59.882Z,right,endEffector,0.114016,0.00474957,0.5371204,0.6945588,0.02507282,-0.7017798,0.1564108,NULL,HEADSET
2026-08-25T18:00:59.882Z,right,base,0.2286976,-0.585986,0.734375,0.09451084,0.9448553,-0.02829421,0.312275,NULL,HEADSET
2026-08-25T18:00:59.882Z,right,shoulder_pan_joint,0,8.9159,0,0,-0.3851007,0,0.9228746,NULL,HEADSET
2026-08-25T18:00:59.882Z,right,shoulder_lift_joint,NULL,NULL,NULL,0,0,-0.5277227,0.8494167,NULL,HEADSET
2026-08-25T18:00:59.882Z,right,elbow_joint,-42.5,0,0,0,0,-0.713989,0.700157,NULL,HEADSET
2026-08-25T18:00:59.882Z,right,wrist_1_joint,-39.225,0,-10.915,0,0,0.9717434,-0.2360398,NULL,HEADSET
2026-08-25T18:00:59.882Z,right,wrist_2_joint,0,-9.465002,0,0,0.1443505,0,0.9895266,NULL,HEADSET
2026-08-25T18:00:59.882Z,right,wrist_3_joint,0,0,-8.23,0,0,-0.5437389,0.8392544,NULL,HEADSET
2026-08-25T18:00:59.882Z,right,gripper,NULL,NULL,NULL,0,0,0,1,0.4550695,HEADSET
2026-08-25T18:00:59.898Z,right,endEffector,0.1096555,0.004015688,0.5348368,0.6956342,0.02600325,-0.7003872,0.1577181,NULL,HEADSET
2026-08-25T18:00:59.898Z,right,base,0.2326339,-0.5846385,0.7345636,0.09428731,0.9452967,-0.02925322,0.3109154,NULL,HEADSET
2026-08-25T18:00:59.898Z,right,shoulder_pan_joint,0,8.9159,0,0,-0.3783146,0,0.9256771,NULL,HEADSET
2026-08-25T18:00:59.898Z,right,shoulder_lift_joint,NULL,NULL,NULL,0,0,-0.5287107,0.8488021,NULL,HEADSET
2026-08-25T18:00:59.898Z,right,elbow_joint,-42.5,0,0,0,0,-0.7167313,0.6973495,NULL,HEADSET
2026-08-25T18:00:59.898Z,right,wrist_1_joint,-39.225,0,-10.915,0,0,0.9687039,-0.2482194,NULL,HEADSET
2026-08-25T18:00:59.898Z,right,wrist_2_joint,0,-9.465002,0,0,0.1413512,0,0.9899595,NULL,HEADSET
2026-08-25T18:00:59.898Z,right,wrist_3_joint,0,0,-8.23,0,0,-0.5517278,0.8340243,NULL,HEADSET
2026-08-25T18:00:59.898Z,right,gripper,NULL,NULL,NULL,0,0,0,1,0.4557775,HEADSET
2026-08-25T18:00:59.922Z,right,endEffector,0.1094923,0.003811294,0.5347193,0.6956902,0.02577925,-0.7000744,0.1588913,NULL,HEADSET
2026-08-25T18:00:59.922Z,right,base,0.2342621,-0.5840287,0.7346963,0.09445537,0.9454973,-0.02987638,0.3101941,NULL,HEADSET
2026-08-25T18:00:59.922Z,right,shoulder_pan_joint,0,8.9159,0,0,-0.3692589,0,0.9293266,NULL,HEADSET
2026-08-25T18:00:59.922Z,right,shoulder_lift_joint,NULL,NULL,NULL,0,0,-0.5309976,0.8473733,NULL,HEADSET
2026-08-25T18:00:59.922Z,right,elbow_joint,-42.5,0,0,0,0,-0.719491,0.6945018,NULL,HEADSET
2026-08-25T18:00:59.922Z,right,wrist_1_joint,-39.225,0,-10.915,0,0,0.9652031,-0.2615016,NULL,HEADSET
2026-08-25T18:00:59.922Z,right,wrist_2_joint,0,-9.465002,0,0,0.1376802,0,0.9904767,NULL,HEADSET
2026-08-25T18:00:59.922Z,right,wrist_3_joint,0,0,-8.23,0,0,-0.5596797,0.8287091,NULL,HEADSET
2026-08-25T18:00:59.922Z,right,gripper,NULL,NULL,NULL,0,0,0,1,0.4566552,HEADSET
2026-08-25T18:00:59.941Z,right,endEffector,0.1061617,0.003967563,0.5336978,0.695756,0.02554907,-0.6994832,0.1612266,NULL,HEADSET
2026-08-25T18:00:59.941Z,right,base,0.2376153,-0.5812443,0.735921,0.09467043,0.9458894,-0.03198632,0.3087195,NULL,HEADSET
2026-08-25T18:00:59.941Z,right,shoulder_pan_joint,0,8.9159,0,0,-0.3624548,0,0.9320014,NULL,HEADSET
2026-08-25T18:00:59.941Z,right,shoulder_lift_joint,NULL,NULL,NULL,0,0,-0.5322554,0.8465839,NULL,HEADSET
2026-08-25T18:00:59.941Z,right,elbow_joint,-42.5,0,0,0,0,-0.7220695,0.6918205,NULL,HEADSET
2026-08-25T18:00:59.941Z,right,wrist_1_joint,-39.225,0,-10.915,0,0,0.9617347,-0.2739824,NULL,HEADSET
2026-08-25T18:00:59.941Z,right,wrist_2_joint,0,-9.465002,0,0,0.1354517,0,0.990784,NULL,HEADSET
2026-08-25T18:00:59.941Z,right,wrist_3_joint,0,0,-8.23,0,0,-0.5677394,0.8232083,NULL,HEADSET
2026-08-25T18:00:59.941Z,right,gripper,NULL,NULL,NULL,0,0,0,1,0.4571878,HEADSET
2026-08-25T18:00:59.964Z,right,endEffector,0.1063097,0.004993659,0.5334795,0.6950094,0.02490675,-0.7001505,0.1616509,NULL,HEADSET
2026-08-25T18:00:59.964Z,right,base,0.2393004,-0.5790861,0.7370781,0.09484251,0.9460955,-0.03367711,0.3078544,NULL,HEADSET
2026-08-25T18:00:59.964Z,right,shoulder_pan_joint,0,8.9159,0,0,-0.3539589,0,0.935261,NULL,HEADSET
2026-08-25T18:00:59.964Z,right,shoulder_lift_joint,NULL,NULL,NULL,0,0,-0.5342479,0.8453279,NULL,HEADSET
2026-08-25T18:00:59.964Z,right,elbow_joint,-42.5,0,0,0,0,-0.7248608,0.6888953,NULL,HEADSET
2026-08-25T18:00:59.964Z,right,wrist_1_joint,-39.225,0,-10.915,0,0,0.9578895,-0.2871371,NULL,HEADSET
2026-08-25T18:00:59.964Z,right,wrist_2_joint,0,-9.465002,0,0,0.1330744,0,0.9911061,NULL,HEADSET
2026-08-25T18:00:59.964Z,right,wrist_3_joint,0,0,-8.23,0,0,-0.5758317,0.8175682,NULL,HEADSET
2026-08-25T18:00:59.964Z,right,gripper,NULL,NULL,NULL,0,0,0,1,0.457188,HEADSET
2026-08-25T18:00:59.984Z,right,endEffector,0.1042233,0.005572412,0.5330313,0.6931933,0.02380961,-0.7015005,0.1637474,NULL,HEADSET
2026-08-25T18:00:59.984Z,right,base,0.2440373,-0.5756214,0.738789,0.09494768,0.9467162,-0.03674421,0.3055542,NULL,HEADSET
2026-08-25T18:00:59.984Z,right,shoulder_pan_joint,0,8.9159,0,0,-0.3474904,0,0.9376835,NULL,HEADSET
2026-08-25T18:00:59.984Z,right,shoulder_lift_joint,NULL,NULL,NULL,0,0,-0.535376,0.8446139,NULL,HEADSET
2026-08-25T18:00:59.984Z,right,elbow_joint,-42.5,0,0,0,0,-0.7274431,0.686168,NULL,HEADSET
2026-08-25T18:00:59.984Z,right,wrist_1_joint,-39.225,0,-10.915,0,0,0.9540151,-0.2997585,NULL,HEADSET
2026-08-25T18:00:59.984Z,right,wrist_2_joint,0,-9.465002,0,0,0.131915,0,0.9912611,NULL,HEADSET
2026-08-25T18:00:59.984Z,right,wrist_3_joint,0,0,-8.23,0,0,-0.5838911,0.811832,NULL,HEADSET
2026-08-25T18:00:59.984Z,right,gripper,NULL,NULL,NULL,0,0,0,1,0.4580105,HEADSET
2026-08-25T18:01:00.007Z,right,endEffector,0.1043115,0.006266065,0.5331591,0.6931233,0.02403151,-0.701222,0.1651986,NULL,HEADSET
2026-08-25T18:01:00.007Z,right,base,0.2469076,-0.5740913,0.7391525,0.09489931,0.9470918,-0.03795201,0.3042547,NULL,HEADSET
2026-08-25T18:01:00.007Z,right,shoulder_pan_joint,0,8.9159,0,0,-0.3392354,0,0.9407015,NULL,HEADSET
2026-08-25T18:01:00.007Z,right,shoulder_lift_joint,NULL,NULL,NULL,0,0,-0.5371732,0.843472,NULL,HEADSET
2026-08-25T18:01:00.007Z,right,elbow_joint,-42.5,0,0,0,0,-0.7302251,0.6832066,NULL,HEADSET
2026-08-25T18:01:00.007Z,right,wrist_1_joint,-39.225,0,-10.915,0,0,0.9497648,-0.3129647,NULL,HEADSET
2026-08-25T18:01:00.007Z,right,wrist_2_joint,0,-9.465002,0,0,0.1305755,0,0.9914384,NULL,HEADSET
2026-08-25T18:01:00.007Z,right,wrist_3_joint,0,0,-8.23,0,0,-0.5919744,0.8059568,NULL,HEADSET
2026-08-25T18:01:00.007Z,right,gripper,NULL,NULL,NULL,0,0,0,1,0.4582079,HEADSET
2026-08-25T18:01:00.024Z,right,endEffector,0.1060341,0.00819914,0.533437,0.6920348,0.02448943,-0.7017524,0.167426,NULL,HEADSET
2026-08-25T18:01:00.024Z,right,base,0.2534838,-0.5705279,0.7397768,0.09510004,0.9480024,-0.04083234,0.3009652,NULL,HEADSET
2026-08-25T18:01:00.024Z,right,shoulder_pan_joint,0,8.9159,0,0,-0.332422,0,0.9431307,NULL,HEADSET
2026-08-25T18:01:00.024Z,right,shoulder_lift_joint,NULL,NULL,NULL,0,0,-0.5382923,0.8427582,NULL,HEADSET
2026-08-25T18:01:00.024Z,right,elbow_joint,-42.5,0,0,0,0,-0.7327533,0.6804943,NULL,HEADSET
2026-08-25T18:01:00.024Z,right,wrist_1_joint,-39.225,0,-10.915,0,0,0.9454335,-0.3258153,NULL,HEADSET
2026-08-25T18:01:00.024Z,right,wrist_2_joint,0,-9.465002,0,0,0.1301053,0,0.9915002,NULL,HEADSET
2026-08-25T18:01:00.024Z,right,wrist_3_joint,0,0,-8.23,0,0,-0.6003,0.7997749,NULL,HEADSET
2026-08-25T18:01:00.024Z,right,gripper,NULL,NULL,NULL,0,0,0,1,0.4606727,HEADSET
2026-08-25T18:01:00.049Z,right,endEffector,0.1071744,0.008891683,0.5338393,0.6910881,0.02409782,-0.7022791,0.1691768,NULL,HEADSET
2026-08-25T18:01:00.049Z,right,base,0.2571078,-0.568852,0.7399403,0.09545501,0.9485778,-0.04259858,0.2987874,NULL,HEADSET
2026-08-25T18:01:00.049Z,right,shoulder_pan_joint,0,8.9159,0,0,-0.3251542,0,0.945661,NULL,HEADSET
2026-08-25T18:01:00.049Z,right,shoulder_lift_joint,NULL,NULL,NULL,0,0,-0.5393299,0.8420945,NULL,HEADSET
2026-08-25T18:01:00.049Z,right,elbow_joint,-42.5,0,0,0,0,-0.7353011,0.6777406,NULL,HEADSET
2026-08-25T18:01:00.049Z,right,wrist_1_joint,-39.225,0,-10.915,0,0,0.9408086,-0.3389384,NULL,HEADSET
2026-08-25T18:01:00.049Z,right,wrist_2_joint,0,-9.465002,0,0,0.1300258,0,0.9915106,NULL,HEADSET
2026-08-25T18:01:00.049Z,right,wrist_3_joint,0,0,-8.23,0,0,-0.6088555,0.7932811,NULL,HEADSET
2026-08-25T18:01:00.049Z,right,gripper,NULL,NULL,NULL,0,0,0,1,0.4627662,HEADSET
2026-08-25T18:01:00.068Z,right,endEffector,0.1063846,0.009621423,0.5331587,0.6904376,0.02565771,-0.7022292,0.17179,NULL,HEADSET
2026-08-25T18:01:00.068Z,right,base,0.2629752,-0.5664293,0.739735,0.09605087,0.9494328,-0.04512324,0.295492,NULL,HEADSET
2026-08-25T18:01:00.068Z,right,shoulder_pan_joint,0,8.9159,0,0,-0.3188785,0,0.9477956,NULL,HEADSET
2026-08-25T18:01:00.068Z,right,shoulder_lift_joint,NULL,NULL,NULL,0,0,-0.5398582,0.841756,NULL,HEADSET
2026-08-25T18:01:00.068Z,right,elbow_joint,-42.5,0,0,0,0,-0.7377798,0.6750416,NULL,HEADSET
2026-08-25T18:01:00.068Z,right,wrist_1_joint,-39.225,0,-10.915,0,0,0.9360694,-0.3518155,NULL,HEADSET
2026-08-25T18:01:00.068Z,right,wrist_2_joint,0,-9.465002,0,0,0.1307031,0,0.9914216,NULL,HEADSET
2026-08-25T18:01:00.068Z,right,wrist_3_joint,0,0,-8.23,0,0,-0.617693,0.7864193,NULL,HEADSET
2026-08-25T18:01:00.068Z,right,gripper,NULL,NULL,NULL,0,0,0,1,0.4629963,HEADSET
2026-08-25T18:01:00.089Z,right,endEffector,0.105941,0.01050965,0.5336953,0.6906328,0.02627421,-0.7013994,0.1742847,NULL,HEADSET
2026-08-25T18:01:00.089Z,right,base,0.2656363,-0.564669,0.7401472,0.09627284,0.9497648,-0.04662412,0.2941169,NULL,HEADSET
2026-08-25T18:01:00.089Z,right,shoulder_pan_joint,0,8.9159,0,0,-0.3108836,0,0.950448,NULL,HEADSET
2026-08-25T18:01:00.089Z,right,shoulder_lift_joint,NULL,NULL,NULL,0,0,-0.5413958,0.8407679,NULL,HEADSET
2026-08-25T18:01:00.089Z,right,elbow_joint,-42.5,0,0,0,0,-0.7401788,0.6724102,NULL,HEADSET
2026-08-25T18:01:00.089Z,right,wrist_1_joint,-39.225,0,-10.915,0,0,0.9307449,-0.3656693,NULL,HEADSET
2026-08-25T18:01:00.089Z,right,wrist_2_joint,0,-9.465002,0,0,0.1314632,0,0.9913211,NULL,HEADSET
2026-08-25T18:01:00.089Z,right,wrist_3_joint,0,0,-8.23,0,0,-0.6268022,0.7791784,NULL,HEADSET
2026-08-25T18:01:00.089Z,right,gripper,NULL,NULL,NULL,0,0,0,1,0.4643342,HEADSET
2026-08-25T18:01:00.108Z,right,endEffector,0.1067235,0.01197406,0.5337708,0.6903729,0.0262263,-0.7014598,0.1750766,NULL,HEADSET
2026-08-25T18:01:00.108Z,right,base,0.2706117,-0.5615949,0.7410593,0.09734491,0.950393,-0.04995231,0.2911736,NULL,HEADSET
2026-08-25T18:01:00.108Z,right,shoulder_pan_joint,0,8.9159,0,0,-0.303739,0,0.9527553,NULL,HEADSET
2026-08-25T18:01:00.108Z,right,shoulder_lift_joint,NULL,NULL,NULL,0,0,-0.5425348,0.8400333,NULL,HEADSET
2026-08-25T18:01:00.108Z,right,elbow_joint,-42.5,0,0,0,0,-0.7424635,0.6698866,NULL,HEADSET
2026-08-25T18:01:00.108Z,right,wrist_1_joint,-39.225,0,-10.915,0,0,0.9251978,-0.3794851,NULL,HEADSET
2026-08-25T18:01:00.108Z,right,wrist_2_joint,0,-9.465002,0,0,0.133014,0,0.9911142,NULL,HEADSET
2026-08-25T18:01:00.108Z,right,wrist_3_joint,0,0,-8.23,0,0,-0.6363088,0.7714344,NULL,HEADSET
2026-08-25T18:01:00.108Z,right,gripper,NULL,NULL,NULL,0,0,0,1,0.4629167,HEADSET
2026-08-25T18:01:00.132Z,right,endEffector,0.1070225,0.01250103,0.5343229,0.6902541,0.02709965,-0.7014759,0.1753471,NULL,HEADSET
2026-08-25T18:01:00.132Z,right,base,0.2741636,-0.5598782,0.7413242,0.09755066,0.950851,-0.05161925,0.2893129,NULL,HEADSET
2026-08-25T18:01:00.132Z,right,shoulder_pan_joint,0,8.9159,0,0,-0.2960917,0,0.9551595,NULL,HEADSET
2026-08-25T18:01:00.132Z,right,shoulder_lift_joint,NULL,NULL,NULL,0,0,-0.5439303,0.8391304,NULL,HEADSET
2026-08-25T18:01:00.132Z,right,elbow_joint,-42.5,0,0,0,0,-0.7448407,0.6672423,NULL,HEADSET
2026-08-25T18:01:00.132Z,right,wrist_1_joint,-39.225,0,-10.915,0,0,0.9190992,-0.3940262,NULL,HEADSET
2026-08-25T18:01:00.132Z,right,wrist_2_joint,0,-9.465002,0,0,0.1348674,0,0.9908637,NULL,HEADSET
2026-08-25T18:01:00.132Z,right,wrist_3_joint,0,0,-8.23,0,0,-0.6459469,0.7633823,NULL,HEADSET
2026-08-25T18:01:00.132Z,right,gripper,NULL,NULL,NULL,0,0,0,1,0.4629167,HEADSET
2026-08-25T18:01:00.151Z,right,endEffector,0.1089965,0.01449724,0.5349817,0.6887,0.02820433,-0.7019842,0.1792067,NULL,HEADSET
2026-08-25T18:01:00.151Z,right,base,0.2820816,-0.5562532,0.7414743,0.09773342,0.9518827,-0.0548925,0.2852268,NULL,HEADSET
2026-08-25T18:01:00.151Z,right,shoulder_pan_joint,0,8.9159,0,0,-0.2892187,0,0.9572631,NULL,HEADSET
2026-08-25T18:01:00.151Z,right,shoulder_lift_joint,NULL,NULL,NULL,0,0,-0.5449143,0.8384917,NULL,HEADSET
2026-08-25T18:01:00.151Z,right,elbow_joint,-42.5,0,0,0,0,-0.7472742,0.6645159,NULL,HEADSET
2026-08-25T18:01:00.151Z,right,wrist_1_joint,-39.225,0,-10.915,0,0,0.9126288,-0.4087894,NULL,HEADSET
2026-08-25T18:01:00.151Z,right,wrist_2_joint,0,-9.465002,0,0,0.1373905,0,0.990517,NULL,HEADSET
2026-08-25T18:01:00.151Z,right,wrist_3_joint,0,0,-8.23,0,0,-0.6557173,0.7550066,NULL,HEADSET
2026-08-25T18:01:00.151Z,right,gripper,NULL,NULL,NULL,0,0,0,1,0.4639183,HEADSET
2026-08-25T18:01:00.174Z,right,endEffector,0.108816,0.01505149,0.5356755,0.6879282,0.02974535,-0.7022867,0.1807303,NULL,HEADSET
2026-08-25T18:01:00.174Z,right,base,0.2857126,-0.5548777,0.7411163,0.09806246,0.9523847,-0.05642044,0.2831326,NULL,HEADSET
2026-08-25T18:01:00.174Z,right,shoulder_pan_joint,0,8.9159,0,0,-0.2813701,0,0.9595993,NULL,HEADSET
2026-08-25T18:01:00.174Z,right,shoulder_lift_joint,NULL,NULL,NULL,0,0,-0.5462144,0.8376454,NULL,HEADSET
2026-08-25T18:01:00.174Z,right,elbow_joint,-42.5,0,0,0,0,-0.7496736,0.6618078,NULL,HEADSET
2026-08-25T18:01:00.174Z,right,wrist_1_joint,-39.225,0,-10.915,0,0,0.9056158,-0.424099,NULL,HEADSET
2026-08-25T18:01:00.174Z,right,wrist_2_joint,0,-9.465002,0,0,0.1404606,0,0.9900863,NULL,HEADSET
2026-08-25T18:01:00.174Z,right,wrist_3_joint,0,0,-8.23,0,0,-0.6660653,0.7458934,NULL,HEADSET
2026-08-25T18:01:00.174Z,right,gripper,NULL,NULL,NULL,0,0,0,1,0.4639181,HEADSET
2026-08-25T18:01:00.189Z,right,endEffector,0.1096504,0.01656797,0.5361866,0.6870925,0.03043181,-0.7023265,0.1836167,NULL,HEADSET
2026-08-25T18:01:00.189Z,right,base,0.2921815,-0.5516101,0.7411524,0.09874233,0.953201,-0.05965608,0.2794619,NULL,HEADSET
2026-08-25T18:01:00.189Z,right,shoulder_pan_joint,0,8.9159,0,0,-0.2739109,0,0.9617551,NULL,HEADSET
2026-08-25T18:01:00.189Z,right,shoulder_lift_joint,NULL,NULL,NULL,0,0,-0.5473385,0.8369113,NULL,HEADSET
2026-08-25T18:01:00.189Z,right,elbow_joint,-42.5,0,0,0,0,-0.7520016,0.6591613,NULL,HEADSET
2026-08-25T18:01:00.189Z,right,wrist_1_joint,-39.225,0,-10.915,0,0,0.8981447,-0.4397,NULL,HEADSET
2026-08-25T18:01:00.189Z,right,wrist_2_joint,0,-9.465002,0,0,0.1443185,0,0.9895313,NULL,HEADSET
2026-08-25T18:01:00.189Z,right,wrist_3_joint,0,0,-8.23,0,0,-0.6767731,0.7361917,NULL,HEADSET
2026-08-25T18:01:00.189Z,right,gripper,NULL,NULL,NULL,0,0,0,1,0.4627619,HEADSET
2026-08-25T18:01:00.214Z,right,endEffector,0.1103379,0.01729897,0.535247,0.6870225,0.03025274,-0.7021167,0.1847083,NULL,HEADSET
2026-08-25T18:01:00.214Z,right,base,0.2947537,-0.549989,0.7414954,0.0994304,0.9535102,-0.06152438,0.2777528,NULL,HEADSET
2026-08-25T18:01:00.214Z,right,shoulder_pan_joint,0,8.9159,0,0,-0.2655898,0,0.9640861,NULL,HEADSET
2026-08-25T18:01:00.214Z,right,shoulder_lift_joint,NULL,NULL,NULL,0,0,-0.5489156,0.8358778,NULL,HEADSET
2026-08-25T18:01:00.214Z,right,elbow_joint,-42.5,0,0,0,0,-0.7544026,0.656412,NULL,HEADSET
2026-08-25T18:01:00.214Z,right,wrist_1_joint,-39.225,0,-10.915,0,0,0.8899336,-0.4560902,NULL,HEADSET
2026-08-25T18:01:00.214Z,right,wrist_2_joint,0,-9.465002,0,0,0.148701,0,0.9888822,NULL,HEADSET
2026-08-25T18:01:00.214Z,right,wrist_3_joint,0,0,-8.23,0,0,-0.6879783,0.7257313,NULL,HEADSET
2026-08-25T18:01:00.214Z,right,gripper,NULL,NULL,NULL,0,0,0,1,0.4629501,HEADSET
2026-08-25T18:01:00.234Z,right,endEffector,0.1098478,0.01715404,0.5336649,0.6878248,0.0309031,-0.7005354,0.1875955,NULL,HEADSET
2026-08-25T18:01:00.234Z,right,base,0.3002934,-0.547811,0.7414507,0.1006779,0.9541951,-0.06469297,0.2742088,NULL,HEADSET
2026-08-25T18:01:00.234Z,right,shoulder_pan_joint,0,8.9159,0,0,-0.2590593,0,0.9658614,NULL,HEADSET
2026-08-25T18:01:00.234Z,right,shoulder_lift_joint,NULL,NULL,NULL,0,0,-0.550242,0.8350052,NULL,HEADSET
2026-08-25T18:01:00.234Z,right,elbow_joint,-42.5,0,0,0,0,-0.7566497,0.6538206,NULL,HEADSET
2026-08-25T18:01:00.234Z,right,wrist_1_joint,-39.225,0,-10.915,0,0,0.8812366,-0.4726756,NULL,HEADSET
2026-08-25T18:01:00.234Z,right,wrist_2_joint,0,-9.465002,0,0,0.1539679,0,0.9880759,NULL,HEADSET
2026-08-25T18:01:00.234Z,right,wrist_3_joint,0,0,-8.23,0,0,-0.6994591,0.7146727,NULL,HEADSET
2026-08-25T18:01:00.234Z,right,gripper,NULL,NULL,NULL,0,0,0,1,0.4653777,HEADSET
2026-08-25T18:01:00.258Z,right,endEffector,0.1096948,0.0170704,0.5329006,0.6871545,0.03079529,-0.7004476,0.1903774,NULL,HEADSET
2026-08-25T18:01:00.258Z,right,base,0.3036051,-0.5463415,0.74135,0.1005673,0.9545692,-0.06588803,0.2726586,NULL,HEADSET
2026-08-25T18:01:00.258Z,right,shoulder_pan_joint,0,8.9159,0,0,-0.2515923,0,0.9678333,NULL,HEADSET
2026-08-25T18:01:00.258Z,right,shoulder_lift_joint,NULL,NULL,NULL,0,0,-0.5527431,0.8333517,NULL,HEADSET
2026-08-25T18:01:00.258Z,right,elbow_joint,-42.5,0,0,0,0,-0.7589165,0.651188,NULL,HEADSET
2026-08-25T18:01:00.258Z,right,wrist_1_joint,-39.225,0,-10.915,0,0,0.8714364,-0.4905085,NULL,HEADSET
2026-08-25T18:01:00.258Z,right,wrist_2_joint,0,-9.465002,0,0,0.1598476,0,0.9871417,NULL,HEADSET
2026-08-25T18:01:00.258Z,right,wrist_3_joint,0,0,-8.23,0,0,-0.7113787,0.7028089,NULL,HEADSET
2026-08-25T18:01:00.258Z,right,gripper,NULL,NULL,NULL,0,0,0,1,0.4655491,HEADSET
2026-08-25T18:01:00.273Z,right,endEffector,0.1096484,0.01834336,0.5327628,0.6860431,0.03110932,-0.700857,0.1928127,NULL,HEADSET
2026-08-25T18:01:00.273Z,right,base,0.3095061,-0.5422945,0.741696,0.1002577,0.9551205,-0.06855698,0.2701727,NULL,HEADSET
2026-08-25T18:01:00.273Z,right,shoulder_pan_joint,0,8.9159,0,0,-0.2453835,0,0.9694261,NULL,HEADSET
2026-08-25T18:01:00.273Z,right,shoulder_lift_joint,NULL,NULL,NULL,0,0,-0.5547648,0.8320072,NULL,HEADSET
2026-08-25T18:01:00.273Z,right,elbow_joint,-42.5,0,0,0,0,-0.7611917,0.6485271,NULL,HEADSET
2026-08-25T18:01:00.273Z,right,wrist_1_joint,-39.225,0,-10.915,0,0,-0.8611609,0.5083326,NULL,HEADSET
2026-08-25T18:01:00.273Z,right,wrist_2_joint,0,-9.465002,0,0,0.1665524,0,0.9860326,NULL,HEADSET
2026-08-25T18:01:00.273Z,right,wrist_3_joint,0,0,-8.23,0,0,-0.7236876,0.6901277,NULL,HEADSET
2026-08-25T18:01:00.273Z,right,gripper,NULL,NULL,NULL,0,0,0,1,0.4659121,HEADSET
2026-08-25T18:01:00.296Z,right,endEffector,0.1103745,0.01911559,0.5326638,0.6857054,0.03126256,-0.7008072,0.1941654,NULL,HEADSET
2026-08-25T18:01:00.296Z,right,base,0.3121182,-0.5403901,0.7421192,0.1003253,0.9553454,-0.0700912,0.268956,NULL,HEADSET
2026-08-25T18:01:00.296Z,right,shoulder_pan_joint,0,8.9159,0,0,-0.2385743,0,0.9711243,NULL,HEADSET
2026-08-25T18:01:00.296Z,right,shoulder_lift_joint,NULL,NULL,NULL,0,0,-0.5569184,0.8305672,NULL,HEADSET
2026-08-25T18:01:00.296Z,right,elbow_joint,-42.5,0,0,0,0,-0.7637018,0.6455691,NULL,HEADSET
2026-08-25T18:01:00.296Z,right,wrist_1_joint,-39.225,0,-10.915,0,0,-0.8499701,0.5268309,NULL,HEADSET
2026-08-25T18:01:00.296Z,right,wrist_2_joint,0,-9.465002,0,0,0.1738419,0,0.9847736,NULL,HEADSET
2026-08-25T18:01:00.296Z,right,wrist_3_joint,0,0,-8.23,0,0,-0.736209,0.6767544,NULL,HEADSET
2026-08-25T18:01:00.296Z,right,gripper,NULL,NULL,NULL,0,0,0,1,0.4663399,HEADSET
2026-08-25T18:01:00.318Z,right,endEffector,0.1093989,0.01978077,0.5329747,0.6853241,0.03274133,-0.7002259,0.1973388,NULL,HEADSET
2026-08-25T18:01:00.318Z,right,base,0.3178193,-0.5367481,0.7426679,0.09984095,0.9558497,-0.07280885,0.2666124,NULL,HEADSET
2026-08-25T18:01:00.318Z,right,shoulder_pan_joint,0,8.9159,0,0,-0.233079,0,0.9724578,NULL,HEADSET
2026-08-25T18:01:00.318Z,right,shoulder_lift_joint,NULL,NULL,NULL,0,0,-0.558237,0.8296816,NULL,HEADSET
2026-08-25T18:01:00.318Z,right,elbow_joint,-42.5,0,0,0,0,-0.7662216,0.6425763,NULL,HEADSET
2026-08-25T18:01:00.318Z,right,wrist_1_joint,-39.225,0,-10.915,0,0,-0.8382409,0.5453001,NULL,HEADSET
2026-08-25T18:01:00.318Z,right,wrist_2_joint,0,-9.465002,0,0,0.1819579,0,0.9833063,NULL,HEADSET
2026-08-25T18:01:00.318Z,right,wrist_3_joint,0,0,-8.23,0,0,-0.7489225,0.6626577,NULL,HEADSET
2026-08-25T18:01:00.318Z,right,gripper,NULL,NULL,NULL,0,0,0,1,0.467334,HEADSET
2026-08-25T18:01:00.346Z,right,endEffector,0.1097658,0.02028171,0.5334141,0.6853023,0.03347853,-0.6997505,0.1989706,NULL,HEADSET
2026-08-25T18:01:00.346Z,right,base,0.3204243,-0.5351058,0.7427538,0.09940021,0.9560699,-0.07374931,0.2657272,NULL,HEADSET
2026-08-25T18:01:00.346Z,right,shoulder_pan_joint,0,8.9159,0,0,-0.2263363,0,0.9740492,NULL,HEADSET
2026-08-25T18:01:00.346Z,right,shoulder_lift_joint,NULL,NULL,NULL,0,0,-0.5601265,0.8284072,NULL,HEADSET
2026-08-25T18:01:00.346Z,right,elbow_joint,-42.5,0,0,0,0,-0.768892,0.6393787,NULL,HEADSET
2026-08-25T18:01:00.346Z,right,wrist_1_joint,-39.225,0,-10.915,0,0,-0.8253429,0.5646319,NULL,HEADSET
2026-08-25T18:01:00.346Z,right,wrist_2_joint,0,-9.465002,0,0,0.1907945,0,0.98163,NULL,HEADSET
2026-08-25T18:01:00.346Z,right,wrist_3_joint,0,0,-8.23,0,0,-0.761896,0.6476994,NULL,HEADSET
2026-08-25T18:01:00.346Z,right,gripper,NULL,NULL,NULL,0,0,0,1,0.4656386,HEADSET
2026-08-25T18:01:00.360Z,right,endEffector,0.1079783,0.02149971,0.5355095,0.6872484,0.03555253,-0.6966698,0.2026745,NULL,HEADSET
2026-08-25T18:01:00.360Z,right,base,0.3235944,-0.5315758,0.743564,0.09937683,0.9562183,-0.07612091,0.2645306,NULL,HEADSET
2026-08-25T18:01:00.360Z,right,shoulder_pan_joint,0,8.9159,0,0,-0.2207679,0,0.9753264,NULL,HEADSET
2026-08-25T18:01:00.360Z,right,shoulder_lift_joint,NULL,NULL,NULL,0,0,-0.5611102,0.8277411,NULL,HEADSET
2026-08-25T18:01:00.360Z,right,elbow_joint,-42.5,0,0,0,0,-0.7716058,0.636101,NULL,HEADSET
2026-08-25T18:01:00.360Z,right,wrist_1_joint,-39.225,0,-10.915,0,0,-0.8118891,0.5838118,NULL,HEADSET
2026-08-25T18:01:00.360Z,right,wrist_2_joint,0,-9.465002,0,0,0.2003523,0,0.9797239,NULL,HEADSET
2026-08-25T18:01:00.360Z,right,wrist_3_joint,0,0,-8.23,0,0,-0.7750276,0.6319274,NULL,HEADSET
2026-08-25T18:01:00.360Z,right,gripper,NULL,NULL,NULL,0,0,0,1,0.4626075,HEADSET
2026-08-25T18:01:00.382Z,right,endEffector,0.1067741,0.02250797,0.5369757,0.6882074,0.03567928,-0.6952721,0.2041917,NULL,HEADSET
2026-08-25T18:01:00.382Z,right,base,0.3241488,-0.5295135,0.744746,0.09970458,0.9561109,-0.07775912,0.2643191,NULL,HEADSET
2026-08-25T18:01:00.382Z,right,shoulder_pan_joint,0,8.9159,0,0,-0.2137694,0,0.9768842,NULL,HEADSET
2026-08-25T18:01:00.382Z,right,shoulder_lift_joint,NULL,NULL,NULL,0,0,-0.5622648,0.8269573,NULL,HEADSET
2026-08-25T18:01:00.382Z,right,elbow_joint,-42.5,0,0,0,0,-0.7745431,0.6325212,NULL,HEADSET
2026-08-25T18:01:00.382Z,right,wrist_1_joint,-39.225,0,-10.915,0,0,-0.7972319,0.6036732,NULL,HEADSET
2026-08-25T18:01:00.382Z,right,wrist_2_joint,0,-9.465002,0,0,0.2109209,0,0.9775032,NULL,HEADSET
2026-08-25T18:01:00.382Z,right,wrist_3_joint,0,0,-8.23,0,0,-0.7885709,0.6149439,NULL,HEADSET
2026-08-25T18:01:00.382Z,right,gripper,NULL,NULL,NULL,0,0,0,1,0.4626079,HEADSET
2026-08-25T18:01:00.401Z,right,endEffector,0.1043955,0.02451068,0.5363219,0.6889425,0.03549047,-0.69314,0.208939,NULL,HEADSET
2026-08-25T18:01:00.401Z,right,base,0.3266484,-0.5250629,0.7469022,0.09947088,0.9560488,-0.08085571,0.2637013,NULL,HEADSET
2026-08-25T18:01:00.401Z,right,shoulder_pan_joint,0,8.9159,0,0,-0.2073219,0,0.9782728,NULL,HEADSET
2026-08-25T18:01:00.401Z,right,shoulder_lift_joint,NULL,NULL,NULL,0,0,-0.5629417,0.8264966,NULL,HEADSET
2026-08-25T18:01:00.401Z,right,elbow_joint,-42.5,0,0,0,0,-0.7774981,0.6288853,NULL,HEADSET
2026-08-25T18:01:00.401Z,right,wrist_1_joint,-39.225,0,-10.915,0,0,-0.7817827,0.6235511,NULL,HEADSET
2026-08-25T18:01:00.401Z,right,wrist_2_joint,0,-9.465002,0,0,0.2221429,0,0.9750142,NULL,HEADSET
2026-08-25T18:01:00.401Z,right,wrist_3_joint,0,0,-8.23,0,0,-0.8021966,0.59706,NULL,HEADSET
2026-08-25T18:01:00.401Z,right,gripper,NULL,NULL,NULL,0,0,0,1,0.4603043,HEADSET
2026-08-25T18:01:00.423Z,right,endEffector,0.1024589,0.02517882,0.5348896,0.6894044,0.03641802,-0.6917533,0.2118315,NULL,HEADSET
2026-08-25T18:01:00.423Z,right,base,0.3283905,-0.5225432,0.7479575,0.09885114,0.9560613,-0.08228218,0.263448,NULL,HEADSET
2026-08-25T18:01:00.423Z,right,shoulder_pan_joint,0,8.9159,0,0,-0.2006152,0,0.9796702,NULL,HEADSET
2026-08-25T18:01:00.423Z,right,shoulder_lift_joint,NULL,NULL,NULL,0,0,-0.5646023,0.8253632,NULL,HEADSET
2026-08-25T18:01:00.423Z,right,elbow_joint,-42.5,0,0,0,0,-0.7801508,0.6255915,NULL,HEADSET
2026-08-25T18:01:00.423Z,right,wrist_1_joint,-39.225,0,-10.915,0,0,-0.7651902,0.6438043,NULL,HEADSET
2026-08-25T18:01:00.423Z,right,wrist_2_joint,0,-9.465002,0,0,0.2341315,0,0.9722049,NULL,HEADSET
2026-08-25T18:01:00.423Z,right,wrist_3_joint,0,0,-8.23,0,0,-0.8159535,0.5781175,NULL,HEADSET
2026-08-25T18:01:00.423Z,right,gripper,NULL,NULL,NULL,0,0,0,1,0.4549384,HEADSET
2026-08-25T18:01:00.440Z,right,endEffector,0.09985833,0.0258969,0.5333878,0.6904883,0.03860765,-0.6897309,0.2144911,NULL,HEADSET
2026-08-25T18:01:00.440Z,right,base,0.3308134,-0.5190259,0.7492875,0.09829071,0.9560356,-0.0843478,0.2630975,NULL,HEADSET
2026-08-25T18:01:00.440Z,right,shoulder_pan_joint,0,8.9159,0,0,-0.1948904,0,0.9808251,NULL,HEADSET
2026-08-25T18:01:00.440Z,right,shoulder_lift_joint,NULL,NULL,NULL,0,0,-0.5664325,0.8241081,NULL,HEADSET
2026-08-25T18:01:00.440Z,right,elbow_joint,-42.5,0,0,0,0,-0.7825944,0.622532,NULL,HEADSET
2026-08-25T18:01:00.440Z,right,wrist_1_joint,-39.225,0,-10.915,0,0,-0.747798,0.6639264,NULL,HEADSET
2026-08-25T18:01:00.440Z,right,wrist_2_joint,0,-9.465002,0,0,0.2467617,0,0.9690762,NULL,HEADSET
2026-08-25T18:01:00.440Z,right,wrist_3_joint,0,0,-8.23,0,0,-0.8294395,0.5585965,NULL,HEADSET
2026-08-25T18:01:00.440Z,right,gripper,NULL,NULL,NULL,0,0,0,1,0.454488,HEADSET
2026-08-25T18:01:00.466Z,right,endEffector,0.1000393,0.02640768,0.5332459,0.6909656,0.03896577,-0.6889268,0.2154719,NULL,HEADSET
2026-08-25T18:01:00.466Z,right,base,0.3319057,-0.5177152,0.7495322,0.09814393,0.9560231,-0.08506025,0.2629684,NULL,HEADSET
2026-08-25T18:01:00.466Z,right,shoulder_pan_joint,0,8.9159,0,0,-0.1891295,0,0.9819521,NULL,HEADSET
2026-08-25T18:01:00.466Z,right,shoulder_lift_joint,NULL,NULL,NULL,0,0,-0.5688365,0.8224506,NULL,HEADSET
2026-08-25T18:01:00.466Z,right,elbow_joint,-42.5,0,0,0,0,-0.7849833,0.619517,NULL,HEADSET
2026-08-25T18:01:00.466Z,right,wrist_1_joint,-39.225,0,-10.915,0,0,-0.7293078,0.6841858,NULL,HEADSET
2026-08-25T18:01:00.466Z,right,wrist_2_joint,0,-9.465002,0,0,0.2601978,0,0.9655554,NULL,HEADSET
2026-08-25T18:01:00.466Z,right,wrist_3_joint,0,0,-8.23,0,0,-0.8425039,0.5386902,NULL,HEADSET
2026-08-25T18:01:00.466Z,right,gripper,NULL,NULL,NULL,0,0,0,1,0.4541039,HEADSET
2026-08-25T18:01:00.484Z,right,endEffector,0.09590682,0.02655512,0.5343157,0.6937419,0.04150398,-0.6846208,0.2197593,NULL,HEADSET
2026-08-25T18:01:00.484Z,right,base,0.3336924,-0.5140527,0.7509922,0.09763215,0.9558803,-0.08696029,0.2630565,NULL,HEADSET
2026-08-25T18:01:00.484Z,right,shoulder_pan_joint,0,8.9159,0,0,-0.1844658,0,0.982839,NULL,HEADSET
2026-08-25T18:01:00.484Z,right,shoulder_lift_joint,NULL,NULL,NULL,0,0,-0.5701132,0.8215662,NULL,HEADSET
2026-08-25T18:01:00.484Z,right,elbow_joint,-42.5,0,0,0,0,-0.7875367,0.6162677,NULL,HEADSET
2026-08-25T18:01:00.484Z,right,wrist_1_joint,-39.225,0,-10.915,0,0,-0.7106014,0.7035947,NULL,HEADSET
2026-08-25T18:01:00.484Z,right,wrist_2_joint,0,-9.465002,0,0,0.273766,0,0.9617963,NULL,HEADSET
2026-08-25T18:01:00.484Z,right,wrist_3_joint,0,0,-8.23,0,0,-0.8550744,0.5185054,NULL,HEADSET
2026-08-25T18:01:00.484Z,right,gripper,NULL,NULL,NULL,0,0,0,1,0.454104,HEADSET
2026-08-25T18:01:00.506Z,right,endEffector,0.09412129,0.02688666,0.5348329,0.6943668,0.04210383,-0.6834322,0.2213645,NULL,HEADSET
2026-08-25T18:01:00.506Z,right,base,0.3345297,-0.5122695,0.7516405,0.09749357,0.9558082,-0.08800232,0.2630228,NULL,HEADSET
2026-08-25T18:01:00.506Z,right,shoulder_pan_joint,0,8.9159,0,0,-0.1781748,0,0.9839988,NULL,HEADSET
2026-08-25T18:01:00.506Z,right,shoulder_lift_joint,NULL,NULL,NULL,0,0,-0.5721326,0.8201612,NULL,HEADSET
2026-08-25T18:01:00.506Z,right,elbow_joint,-42.5,0,0,0,0,-0.7903154,0.6127002,NULL,HEADSET
2026-08-25T18:01:00.506Z,right,wrist_1_joint,-39.225,0,-10.915,0,0,-0.690787,0.7230584,NULL,HEADSET
2026-08-25T18:01:00.506Z,right,wrist_2_joint,0,-9.465002,0,0,0.2882162,0,0.9575654,NULL,HEADSET
2026-08-25T18:01:00.506Z,right,wrist_3_joint,0,0,-8.23,0,0,0.8673908,-0.4976276,NULL,HEADSET
2026-08-25T18:01:00.506Z,right,gripper,NULL,NULL,NULL,0,0,0,1,0.4541688,HEADSET
2026-08-25T18:01:00.525Z,right,endEffector,0.09151258,0.02749616,0.5358688,0.6948869,0.04328827,-0.6818378,0.2244004,NULL,HEADSET
2026-08-25T18:01:00.525Z,right,base,0.3361858,-0.5092536,0.7528916,0.09687972,0.9556507,-0.08972967,0.2632384,NULL,HEADSET
2026-08-25T18:01:00.525Z,right,shoulder_pan_joint,0,8.9159,0,0,-0.1722382,0,0.9850553,NULL,HEADSET
2026-08-25T18:01:00.525Z,right,shoulder_lift_joint,NULL,NULL,NULL,0,0,-0.5737689,0.8190172,NULL,HEADSET
2026-08-25T18:01:00.525Z,right,elbow_joint,-42.5,0,0,0,0,-0.7930999,0.6090917,NULL,HEADSET
2026-08-25T18:01:00.525Z,right,wrist_1_joint,-39.225,0,-10.915,0,0,-0.6706604,0.7417645,NULL,HEADSET
2026-08-25T18:01:00.525Z,right,wrist_2_joint,0,-9.465002,0,0,0.3026435,0,0.9531038,NULL,HEADSET
2026-08-25T18:01:00.525Z,right,wrist_3_joint,0,0,-8.23,0,0,0.8791231,-0.4765948,NULL,HEADSET
2026-08-25T18:01:00.525Z,right,gripper,NULL,NULL,NULL,0,0,0,1,0.4557164,HEADSET
2026-08-25T18:01:00.549Z,right,endEffector,0.09066995,0.02810254,0.5360445,0.6950438,0.04398907,-0.6807543,0.2270527,NULL,HEADSET
2026-08-25T18:01:00.549Z,right,base,0.3375714,-0.5072088,0.7535028,0.09609589,0.9556147,-0.09042351,0.2634193,NULL,HEADSET
2026-08-25T18:01:00.549Z,right,shoulder_pan_joint,0,8.9159,0,0,-0.1657311,0,0.986171,NULL,HEADSET
2026-08-25T18:01:00.549Z,right,shoulder_lift_joint,NULL,NULL,NULL,0,0,-0.5755523,0.817765,NULL,HEADSET
2026-08-25T18:01:00.549Z,right,elbow_joint,-42.5,0,0,0,0,-0.7958943,0.6054356,NULL,HEADSET
2026-08-25T18:01:00.549Z,right,wrist_1_joint,-39.225,0,-10.915,0,0,-0.6501583,0.7597988,NULL,HEADSET
2026-08-25T18:01:00.549Z,right,wrist_2_joint,0,-9.465002,0,0,0.3171971,0,0.9483597,NULL,HEADSET
2026-08-25T18:01:00.549Z,right,wrist_3_joint,0,0,-8.23,0,0,0.8902659,-0.4554411,NULL,HEADSET
2026-08-25T18:01:00.549Z,right,gripper,NULL,NULL,NULL,0,0,0,1,0.4557716,HEADSET
2026-08-25T18:01:00.567Z,right,endEffector,0.08567826,0.02847451,0.5333598,0.6942784,0.04874938,-0.6797421,0.2314127,NULL,HEADSET
2026-08-25T18:01:00.567Z,right,base,0.3395658,-0.5027825,0.7552946,0.09499791,0.9554122,-0.09242169,0.2638583,NULL,HEADSET
2026-08-25T18:01:00.567Z,right,shoulder_pan_joint,0,8.9159,0,0,-0.1601672,0,0.9870899,NULL,HEADSET
2026-08-25T18:01:00.567Z,right,shoulder_lift_joint,NULL,NULL,NULL,0,0,-0.5768358,0.8168602,NULL,HEADSET
2026-08-25T18:01:00.567Z,right,elbow_joint,-42.5,0,0,0,0,-0.7986129,0.6018451,NULL,HEADSET
2026-08-25T18:01:00.567Z,right,wrist_1_joint,-39.225,0,-10.915,0,0,-0.6299342,0.7766486,NULL,HEADSET
2026-08-25T18:01:00.567Z,right,wrist_2_joint,0,-9.465002,0,0,0.3314431,0,0.9434752,NULL,HEADSET
2026-08-25T18:01:00.567Z,right,wrist_3_joint,0,0,-8.23,0,0,0.9006491,-0.4345471,NULL,HEADSET
2026-08-25T18:01:00.567Z,right,gripper,NULL,NULL,NULL,0,0,0,1,0.4575496,HEADSET
2026-08-25T18:01:00.590Z,right,endEffector,0.08353284,0.02863972,0.5327214,0.693981,0.04992621,-0.6790965,0.2339357,NULL,HEADSET
2026-08-25T18:01:00.590Z,right,base,0.3403232,-0.5004934,0.7563488,0.09467355,0.9552791,-0.09362475,0.2640325,NULL,HEADSET
2026-08-25T18:01:00.590Z,right,shoulder_pan_joint,0,8.9159,0,0,-0.1543843,0,0.9880109,NULL,HEADSET
2026-08-25T18:01:00.590Z,right,shoulder_lift_joint,NULL,NULL,NULL,0,0,-0.5799424,0.8146574,NULL,HEADSET
2026-08-25T18:01:00.590Z,right,elbow_joint,-42.5,0,0,0,0,-0.8008051,0.598925,NULL,HEADSET
2026-08-25T18:01:00.590Z,right,wrist_1_joint,-39.225,0,-10.915,0,0,-0.6094139,0.7928523,NULL,HEADSET
2026-08-25T18:01:00.590Z,right,wrist_2_joint,0,-9.465002,0,0,0.3460382,0,0.9382204,NULL,HEADSET
2026-08-25T18:01:00.590Z,right,wrist_3_joint,0,0,-8.23,0,0,0.9099918,-0.4146263,NULL,HEADSET
2026-08-25T18:01:00.590Z,right,gripper,NULL,NULL,NULL,0,0,0,1,0.4576954,HEADSET
2026-08-25T18:01:00.610Z,right,endEffector,0.08033854,0.02958996,0.5336125,0.6929218,0.04990625,-0.6783119,0.2392948,NULL,HEADSET
2026-08-25T18:01:00.610Z,right,base,0.3404722,-0.4960158,0.7590804,0.09518187,0.9548252,-0.09700667,0.2642709,NULL,HEADSET
2026-08-25T18:01:00.610Z,right,shoulder_pan_joint,0,8.9159,0,0,-0.149219,0,0.9888042,NULL,HEADSET
2026-08-25T18:01:00.610Z,right,shoulder_lift_joint,NULL,NULL,NULL,0,0,-0.5827274,0.8126677,NULL,HEADSET
2026-08-25T18:01:00.610Z,right,elbow_joint,-42.5,0,0,0,0,-0.802974,0.5960141,NULL,HEADSET
2026-08-25T18:01:00.610Z,right,wrist_1_joint,-39.225,0,-10.915,0,0,-0.5893986,0.8078424,NULL,HEADSET
2026-08-25T18:01:00.610Z,right,wrist_2_joint,0,-9.465002,0,0,0.3600891,0,0.9329179,NULL,HEADSET
2026-08-25T18:01:00.610Z,right,wrist_3_joint,0,0,-8.23,0,0,0.9184899,-0.3954445,NULL,HEADSET
2026-08-25T18:01:00.610Z,right,gripper,NULL,NULL,NULL,0,0,0,1,0.4577785,HEADSET
2026-08-25T18:01:00.634Z,right,endEffector,0.07889126,0.02922469,0.534761,0.6918502,0.05017366,-0.678208,0.2426102,NULL,HEADSET
2026-08-25T18:01:00.634Z,right,base,0.3409511,-0.4942829,0.760029,0.09541602,0.9546714,-0.09844853,0.2642082,NULL,HEADSET
2026-08-25T18:01:00.634Z,right,shoulder_pan_joint,0,8.9159,0,0,-0.1432948,0,0.9896801,NULL,HEADSET
2026-08-25T18:01:00.634Z,right,shoulder_lift_joint,NULL,NULL,NULL,0,0,-0.5856941,0.8105322,NULL,HEADSET
2026-08-25T18:01:00.634Z,right,elbow_joint,-42.5,0,0,0,0,-0.8052981,0.5928701,NULL,HEADSET
2026-08-25T18:01:00.634Z,right,wrist_1_joint,-39.225,0,-10.915,0,0,-0.569905,0.8217105,NULL,HEADSET
2026-08-25T18:01:00.634Z,right,wrist_2_joint,0,-9.465002,0,0,0.3739254,0,0.9274588,NULL,HEADSET
2026-08-25T18:01:00.634Z,right,wrist_3_joint,0,0,-8.23,0,0,0.9263301,-0.3767128,NULL,HEADSET
2026-08-25T18:01:00.634Z,right,gripper,NULL,NULL,NULL,0,0,0,1,0.4587018,HEADSET
2026-08-25T18:01:00.649Z,right,endEffector,0.07758325,0.02941114,0.5357084,0.6902121,0.05159615,-0.6776383,0.2484988,NULL,HEADSET
2026-08-25T18:01:00.649Z,right,base,0.3436351,-0.4906814,0.7611927,0.09496605,0.9546098,-0.100673,0.2637549,NULL,HEADSET
2026-08-25T18:01:00.649Z,right,shoulder_pan_joint,0,8.9159,0,0,-0.1376978,0,0.9904743,NULL,HEADSET
2026-08-25T18:01:00.649Z,right,shoulder_lift_joint,NULL,NULL,NULL,0,0,-0.5880302,0.808839,NULL,HEADSET
2026-08-25T18:01:00.649Z,right,elbow_joint,-42.5,0,0,0,0,-0.8077375,0.5895424,NULL,HEADSET
2026-08-25T18:01:00.649Z,right,wrist_1_joint,-39.225,0,-10.915,0,0,-0.5513189,0.8342947,NULL,HEADSET
2026-08-25T18:01:00.649Z,right,wrist_2_joint,0,-9.465002,0,0,0.3870128,0,0.9220744,NULL,HEADSET
2026-08-25T18:01:00.649Z,right,wrist_3_joint,0,0,-8.23,0,0,0.9334443,-0.3587225,NULL,HEADSET
2026-08-25T18:01:00.649Z,right,gripper,NULL,NULL,NULL,0,0,0,1,0.4596977,HEADSET
2026-08-25T18:01:00.673Z,right,endEffector,0.07667439,0.02907617,0.53575,0.6895793,0.05188918,-0.6769195,0.2521269,NULL,HEADSET
2026-08-25T18:01:00.673Z,right,base,0.3456161,-0.4885276,0.7613783,0.09443371,0.9546622,-0.1016465,0.2633827,NULL,HEADSET
2026-08-25T18:01:00.673Z,right,shoulder_pan_joint,0,8.9159,0,0,-0.1318347,0,0.9912717,NULL,HEADSET
2026-08-25T18:01:00.673Z,right,shoulder_lift_joint,NULL,NULL,NULL,0,0,-0.5904607,0.8070664,NULL,HEADSET
2026-08-25T18:01:00.673Z,right,elbow_joint,-42.5,0,0,0,0,-0.8101571,0.5862128,NULL,HEADSET
2026-08-25T18:01:00.673Z,right,wrist_1_joint,-39.225,0,-10.915,0,0,-0.5335961,0.8457394,NULL,HEADSET
2026-08-25T18:01:00.673Z,right,wrist_2_joint,0,-9.465002,0,0,0.3997127,0,0.9166405,NULL,HEADSET
2026-08-25T18:01:00.673Z,right,wrist_3_joint,0,0,-8.23,0,0,0.9399158,-0.3414065,NULL,HEADSET
2026-08-25T18:01:00.673Z,right,gripper,NULL,NULL,NULL,0,0,0,1,0.4621728,HEADSET
2026-08-25T18:01:00.690Z,right,endEffector,0.07430801,0.02814823,0.5370436,0.6877632,0.05112866,-0.6755285,0.2608238,NULL,HEADSET
2026-08-25T18:01:00.690Z,right,base,0.3487908,-0.4841352,0.7623501,0.09397633,0.9546785,-0.1041369,0.262513,NULL,HEADSET
2026-08-25T18:01:00.690Z,right,shoulder_pan_joint,0,8.9159,0,0,-0.1266923,0,0.9919421,NULL,HEADSET
2026-08-25T18:01:00.690Z,right,shoulder_lift_joint,NULL,NULL,NULL,0,0,-0.592648,0.8054616,NULL,HEADSET
2026-08-25T18:01:00.690Z,right,elbow_joint,-42.5,0,0,0,0,-0.8124786,0.5829911,NULL,HEADSET
2026-08-25T18:01:00.690Z,right,wrist_1_joint,-39.225,0,-10.915,0,0,-0.5167515,0.8561354,NULL,HEADSET
2026-08-25T18:01:00.690Z,right,wrist_2_joint,0,-9.465002,0,0,0.4115239,0,0.9113989,NULL,HEADSET
2026-08-25T18:01:00.690Z,right,wrist_3_joint,0,0,-8.23,0,0,0.9457147,-0.324998,NULL,HEADSET
2026-08-25T18:01:00.690Z,right,gripper,NULL,NULL,NULL,0,0,0,1,0.4641129,HEADSET
2026-08-25T18:01:00.716Z,right,endEffector,0.0740802,0.0287408,0.5372084,0.6860769,0.05088475,-0.675408,0.2655811,NULL,HEADSET
2026-08-25T18:01:00.716Z,right,base,0.3503126,-0.4820933,0.7629514,0.09383449,0.9546568,-0.1054951,0.2621,NULL,HEADSET
2026-08-25T18:01:00.716Z,right,shoulder_pan_joint,0,8.9159,0,0,-0.1208337,0,0.9926728,NULL,HEADSET
2026-08-25T18:01:00.716Z,right,shoulder_lift_joint,NULL,NULL,NULL,0,0,-0.5954471,0.8033946,NULL,HEADSET
2026-08-25T18:01:00.716Z,right,elbow_joint,-42.5,0,0,0,0,-0.8149759,0.579495,NULL,HEADSET
2026-08-25T18:01:00.716Z,right,wrist_1_joint,-39.225,0,-10.915,0,0,-0.5007042,0.8656184,NULL,HEADSET
2026-08-25T18:01:00.716Z,right,wrist_2_joint,0,-9.465002,0,0,0.4229352,0,0.9061599,NULL,HEADSET
2026-08-25T18:01:00.716Z,right,wrist_3_joint,0,0,-8.23,0,0,0.9511187,-0.3088256,NULL,HEADSET
2026-08-25T18:01:00.716Z,right,gripper,NULL,NULL,NULL,0,0,0,1,0.4642353,HEADSET
2026-08-25T18:01:00.733Z,right,endEffector,0.07179333,0.02787293,0.5376782,0.6823747,0.0531906,-0.67598,0.2731057,NULL,HEADSET
2026-08-25T18:01:00.733Z,right,base,0.3533301,-0.478886,0.7634384,0.09424595,0.9546926,-0.1080435,0.2607806,NULL,HEADSET
2026-08-25T18:01:00.733Z,right,shoulder_pan_joint,0,8.9159,0,0,-0.115917,0,0.993259,NULL,HEADSET
2026-08-25T18:01:00.733Z,right,shoulder_lift_joint,NULL,NULL,NULL,0,0,-0.5977536,0.8016799,NULL,HEADSET
2026-08-25T18:01:00.733Z,right,elbow_joint,-42.5,0,0,0,0,-0.8170613,0.5765508,NULL,HEADSET
2026-08-25T18:01:00.733Z,right,wrist_1_joint,-39.225,0,-10.915,0,0,-0.4859427,0.8739907,NULL,HEADSET
2026-08-25T18:01:00.733Z,right,wrist_2_joint,0,-9.465002,0,0,0.4333763,0,0.901213,NULL,HEADSET
2026-08-25T18:01:00.733Z,right,wrist_3_joint,0,0,-8.23,0,0,0.9559323,-0.2935874,NULL,HEADSET
2026-08-25T18:01:00.733Z,right,gripper,NULL,NULL,NULL,0,0,0,1,0.4652528,HEADSET
2026-08-25T18:01:00.757Z,right,endEffector,0.07184318,0.02808493,0.5376763,0.6807255,0.05340832,-0.6764165,0.2760817,NULL,HEADSET
2026-08-25T18:01:00.757Z,right,base,0.3550784,-0.4773205,0.7636022,0.09427867,0.9547432,-0.1093265,0.2600476,NULL,HEADSET
2026-08-25T18:01:00.757Z,right,shoulder_pan_joint,0,8.9159,0,0,-0.1103416,0,0.9938937,NULL,HEADSET
2026-08-25T18:01:00.757Z,right,shoulder_lift_joint,NULL,NULL,NULL,0,0,-0.6010424,0.7992172,NULL,HEADSET
2026-08-25T18:01:00.757Z,right,elbow_joint,-42.5,0,0,0,0,-0.8189102,0.5739216,NULL,HEADSET
2026-08-25T18:01:00.757Z,right,wrist_1_joint,-39.225,0,-10.915,0,0,-0.4721973,0.8814929,NULL,HEADSET
2026-08-25T18:01:00.757Z,right,wrist_2_joint,0,-9.465002,0,0,0.4435714,0,0.896239,NULL,HEADSET
2026-08-25T18:01:00.757Z,right,wrist_3_joint,0,0,-8.23,0,0,0.9601964,-0.2793256,NULL,HEADSET
2026-08-25T18:01:00.757Z,right,gripper,NULL,NULL,NULL,0,0,0,1,0.4662295,HEADSET
2026-08-25T18:01:00.775Z,right,endEffector,0.06891433,0.02697052,0.5357499,0.6748334,0.05181587,-0.6771396,0.2887857,NULL,HEADSET
2026-08-25T18:01:00.775Z,right,base,0.3589986,-0.4740681,0.7636657,0.09389106,0.9548816,-0.1113336,0.2588252,NULL,HEADSET
2026-08-25T18:01:00.775Z,right,shoulder_pan_joint,0,8.9159,0,0,-0.1057474,0,0.9943931,NULL,HEADSET
2026-08-25T18:01:00.775Z,right,shoulder_lift_joint,NULL,NULL,NULL,0,0,-0.6036933,0.7972167,NULL,HEADSET
2026-08-25T18:01:00.775Z,right,elbow_joint,-42.5,0,0,0,0,-0.8205085,0.5716345,NULL,HEADSET
2026-08-25T18:01:00.775Z,right,wrist_1_joint,-39.225,0,-10.915,0,0,-0.4595304,0.888162,NULL,HEADSET
2026-08-25T18:01:00.775Z,right,wrist_2_joint,0,-9.465002,0,0,0.4527794,0,0.8916225,NULL,HEADSET
2026-08-25T18:01:00.775Z,right,wrist_3_joint,0,0,-8.23,0,0,0.9638989,-0.2662684,NULL,HEADSET
2026-08-25T18:01:00.775Z,right,gripper,NULL,NULL,NULL,0,0,0,1,0.4711686,HEADSET
2026-08-25T18:01:00.798Z,right,endEffector,0.06869712,0.02700748,0.5354448,0.6725294,0.05144133,-0.6774012,0.2935737,NULL,HEADSET
2026-08-25T18:01:00.798Z,right,base,0.360736,-0.4720429,0.7640384,0.09377232,0.9548962,-0.1125828,0.2582735,NULL,HEADSET
2026-08-25T18:01:00.798Z,right,shoulder_pan_joint,0,8.9159,0,0,-0.1012585,0,0.9948602,NULL,HEADSET
2026-08-25T18:01:00.798Z,right,shoulder_lift_joint,NULL,NULL,NULL,0,0,-0.6077922,0.7940961,NULL,HEADSET
2026-08-25T18:01:00.798Z,right,elbow_joint,-42.5,0,0,0,0,-0.8215045,0.5702021,NULL,HEADSET
2026-08-25T18:01:00.798Z,right,wrist_1_joint,-39.225,0,-10.915,0,0,-0.4484522,0.8938068,NULL,HEADSET
2026-08-25T18:01:00.798Z,right,wrist_2_joint,0,-9.465002,0,0,0.460987,0,0.8874069,NULL,HEADSET
2026-08-25T18:01:00.798Z,right,wrist_3_joint,0,0,-8.23,0,0,0.9673712,-0.2533633,NULL,HEADSET
2026-08-25T18:01:00.798Z,right,gripper,NULL,NULL,NULL,0,0,0,1,0.4713758,HEADSET
2026-08-25T18:01:00.816Z,right,endEffector,0.06727271,0.02672018,0.5354956,0.66903,0.05181836,-0.6779567,0.3001475,NULL,HEADSET
2026-08-25T18:01:00.816Z,right,base,0.3639965,-0.4679862,0.7650302,0.09385551,0.9548717,-0.1155579,0.2570166,NULL,HEADSET
2026-08-25T18:01:00.816Z,right,shoulder_pan_joint,0,8.9159,0,0,-0.09765764,0,0.9952201,NULL,HEADSET
2026-08-25T18:01:00.816Z,right,shoulder_lift_joint,NULL,NULL,NULL,0,0,-0.6110568,0.7915868,NULL,HEADSET
2026-08-25T18:01:00.816Z,right,elbow_joint,-42.5,0,0,0,0,-0.8224766,0.5687989,NULL,HEADSET
2026-08-25T18:01:00.816Z,right,wrist_1_joint,-39.225,0,-10.915,0,0,-0.4385032,0.8987296,NULL,HEADSET
2026-08-25T18:01:00.816Z,right,wrist_2_joint,0,-9.465002,0,0,0.4682989,0,0.8835701,NULL,HEADSET
2026-08-25T18:01:00.816Z,right,wrist_3_joint,0,0,-8.23,0,0,0.9703722,-0.2416151,NULL,HEADSET
2026-08-25T18:01:00.816Z,right,gripper,NULL,NULL,NULL,0,0,0,1,0.4698061,HEADSET
2026-08-25T18:01:00.840Z,right,endEffector,0.06568122,0.02538286,0.5366493,0.6667268,0.05075203,-0.6782835,0.3046823,NULL,HEADSET
2026-08-25T18:01:00.840Z,right,base,0.3655578,-0.4664609,0.7652746,0.09413162,0.9548779,-0.1169543,0.2562601,NULL,HEADSET
2026-08-25T18:01:00.840Z,right,shoulder_pan_joint,0,8.9159,0,0,-0.09370848,0,0.9955997,NULL,HEADSET
2026-08-25T18:01:00.840Z,right,shoulder_lift_joint,NULL,NULL,NULL,0,0,-0.6147678,0.7887081,NULL,HEADSET
2026-08-25T18:01:00.840Z,right,elbow_joint,-42.5,0,0,0,0,-0.8234652,0.5673669,NULL,HEADSET
2026-08-25T18:01:00.840Z,right,wrist_1_joint,-39.225,0,-10.915,0,0,-0.4292519,0.9031848,NULL,HEADSET
2026-08-25T18:01:00.840Z,right,wrist_2_joint,0,-9.465002,0,0,0.4752447,0,0.8798537,NULL,HEADSET
2026-08-25T18:01:00.840Z,right,wrist_3_joint,0,0,-8.23,0,0,0.9729803,-0.2308882,NULL,HEADSET
2026-08-25T18:01:00.840Z,right,gripper,NULL,NULL,NULL,0,0,0,1,0.4709506,HEADSET
2026-08-25T18:01:00.858Z,right,endEffector,0.0645263,0.02211742,0.5384647,0.6624286,0.04843212,-0.6795914,0.3114455,NULL,HEADSET
2026-08-25T18:01:00.858Z,right,base,0.3693889,-0.465055,0.7645338,0.09480945,0.9550826,-0.1189049,0.2543425,NULL,HEADSET
2026-08-25T18:01:00.858Z,right,shoulder_pan_joint,0,8.9159,0,0,-0.08973303,0,0.9959659,NULL,HEADSET
2026-08-25T18:01:00.858Z,right,shoulder_lift_joint,NULL,NULL,NULL,0,0,-0.618154,0.7860571,NULL,HEADSET
2026-08-25T18:01:00.858Z,right,elbow_joint,-42.5,0,0,0,0,-0.8245566,0.5657796,NULL,HEADSET
2026-08-25T18:01:00.858Z,right,wrist_1_joint,-39.225,0,-10.915,0,0,-0.4206384,0.9072284,NULL,HEADSET
2026-08-25T18:01:00.858Z,right,wrist_2_joint,0,-9.465002,0,0,0.4814903,0,0.8764514,NULL,HEADSET
2026-08-25T18:01:00.858Z,right,wrist_3_joint,0,0,-8.23,0,0,0.9753101,-0.2208398,NULL,HEADSET
2026-08-25T18:01:00.858Z,right,gripper,NULL,NULL,NULL,0,0,0,1,0.4749818,HEADSET
2026-08-25T18:01:00.882Z,right,endEffector,0.06444208,0.02112444,0.5391625,0.6615711,0.04832195,-0.6800913,0.312193,NULL,HEADSET
2026-08-25T18:01:00.882Z,right,base,0.3714608,-0.4643512,0.7639461,0.09503436,0.9552214,-0.1196827,0.2533706,NULL,HEADSET
2026-08-25T18:01:00.882Z,right,shoulder_pan_joint,0,8.9159,0,0,-0.08513524,0,0.9963694,NULL,HEADSET
2026-08-25T18:01:00.882Z,right,shoulder_lift_joint,NULL,NULL,NULL,0,0,-0.621861,0.7831277,NULL,HEADSET
2026-08-25T18:01:00.882Z,right,elbow_joint,-42.5,0,0,0,0,-0.8259506,0.5637426,NULL,HEADSET
2026-08-25T18:01:00.882Z,right,wrist_1_joint,-39.225,0,-10.915,0,0,-0.4124947,0.91096,NULL,HEADSET
2026-08-25T18:01:00.882Z,right,wrist_2_joint,0,-9.465002,0,0,0.4871057,0,0.8733431,NULL,HEADSET
2026-08-25T18:01:00.882Z,right,wrist_3_joint,0,0,-8.23,0,0,0.9774907,-0.2109785,NULL,HEADSET
2026-08-25T18:01:00.882Z,right,gripper,NULL,NULL,NULL,0,0,0,1,0.4749812,HEADSET
2026-08-25T18:01:00.902Z,right,endEffector,0.06326939,0.01867966,0.539684,0.6594903,0.04738793,-0.6808657,0.3150378,NULL,HEADSET
2026-08-25T18:01:00.902Z,right,base,0.3756473,-0.4628347,0.7625659,0.0955967,0.9555308,-0.1213066,0.2512109,NULL,HEADSET
2026-08-25T18:01:00.902Z,right,shoulder_pan_joint,0,8.9159,0,0,-0.08118726,0,0.9966989,NULL,HEADSET
2026-08-25T18:01:00.902Z,right,shoulder_lift_joint,NULL,NULL,NULL,0,0,-0.624895,0.7807088,NULL,HEADSET
2026-08-25T18:01:00.902Z,right,elbow_joint,-42.5,0,0,0,0,-0.8272331,0.5618588,NULL,HEADSET
2026-08-25T18:01:00.902Z,right,wrist_1_joint,-39.225,0,-10.915,0,0,-0.4045757,0.9145045,NULL,HEADSET
2026-08-25T18:01:00.902Z,right,wrist_2_joint,0,-9.465002,0,0,0.4922047,0,0.8704795,NULL,HEADSET
2026-08-25T18:01:00.902Z,right,wrist_3_joint,0,0,-8.23,0,0,0.9793482,-0.2021809,NULL,HEADSET
2026-08-25T18:01:00.902Z,right,gripper,NULL,NULL,NULL,0,0,0,1,0.4756934,HEADSET
2026-08-25T18:01:00.924Z,right,endEffector,0.06316882,0.01868515,0.5392813,0.6586605,0.04630972,-0.6807192,0.3172433,NULL,HEADSET
2026-08-25T18:01:00.924Z,right,base,0.3778346,-0.4611636,0.7623658,0.09553108,0.9556311,-0.1224883,0.2502795,NULL,HEADSET
2026-08-25T18:01:00.924Z,right,shoulder_pan_joint,0,8.9159,0,0,-0.07695404,0,0.9970347,NULL,HEADSET
2026-08-25T18:01:00.924Z,right,shoulder_lift_joint,NULL,NULL,NULL,0,0,-0.6286315,0.7777033,NULL,HEADSET
2026-08-25T18:01:00.924Z,right,elbow_joint,-42.5,0,0,0,0,-0.8284718,0.5600307,NULL,HEADSET
2026-08-25T18:01:00.924Z,right,wrist_1_joint,-39.225,0,-10.915,0,0,-0.3965102,0.9180303,NULL,HEADSET
2026-08-25T18:01:00.924Z,right,wrist_2_joint,0,-9.465002,0,0,0.4970372,0,0.8677292,NULL,HEADSET
2026-08-25T18:01:00.924Z,right,wrist_3_joint,0,0,-8.23,0,0,0.9810213,-0.1939002,NULL,HEADSET
2026-08-25T18:01:00.924Z,right,gripper,NULL,NULL,NULL,0,0,0,1,0.4766294,HEADSET
2026-08-25T18:01:00.941Z,right,endEffector,0.06261424,0.01910521,0.538378,0.6574886,0.04579683,-0.6804985,0.3202082,NULL,HEADSET
2026-08-25T18:01:00.941Z,right,base,0.3821856,-0.456647,0.7626608,0.09476779,0.9557344,-0.1251541,0.2488519,NULL,HEADSET
2026-08-25T18:01:00.941Z,right,shoulder_pan_joint,0,8.9159,0,0,-0.07363414,0,0.9972853,NULL,HEADSET
2026-08-25T18:01:00.941Z,right,shoulder_lift_joint,NULL,NULL,NULL,0,0,-0.6318149,0.7751193,NULL,HEADSET
2026-08-25T18:01:00.941Z,right,elbow_joint,-42.5,0,0,0,0,-0.8294361,0.5586016,NULL,HEADSET
2026-08-25T18:01:00.941Z,right,wrist_1_joint,-39.225,0,-10.915,0,0,-0.3888889,0.9212847,NULL,HEADSET
2026-08-25T18:01:00.941Z,right,wrist_2_joint,0,-9.465002,0,0,0.5014058,0,0.8652123,NULL,HEADSET
2026-08-25T18:01:00.941Z,right,wrist_3_joint,0,0,-8.23,0,0,0.9824976,-0.1862751,NULL,HEADSET
2026-08-25T18:01:00.941Z,right,gripper,NULL,NULL,NULL,0,0,0,1,0.4776666,HEADSET
2026-08-25T18:01:00.966Z,right,endEffector,0.06151374,0.01852584,0.5391871,0.657261,0.04546912,-0.6799306,0.3219237,NULL,HEADSET
2026-08-25T18:01:00.966Z,right,base,0.3842341,-0.454357,0.762886,0.09465387,0.9557607,-0.126733,0.2479936,NULL,HEADSET
2026-08-25T18:01:00.966Z,right,shoulder_pan_joint,0,8.9159,0,0,-0.07053892,0,0.9975091,NULL,HEADSET
2026-08-25T18:01:00.966Z,right,shoulder_lift_joint,NULL,NULL,NULL,0,0,-0.6353888,0.7721925,NULL,HEADSET
2026-08-25T18:01:00.966Z,right,elbow_joint,-42.5,0,0,0,0,-0.8302303,0.5574206,NULL,HEADSET
2026-08-25T18:01:00.966Z,right,wrist_1_joint,-39.225,0,-10.915,0,0,-0.3812479,0.9244729,NULL,HEADSET
2026-08-25T18:01:00.966Z,right,wrist_2_joint,0,-9.465002,0,0,0.5056592,0,0.8627333,NULL,HEADSET
2026-08-25T18:01:00.966Z,right,wrist_3_joint,0,0,-8.23,0,0,0.9837788,-0.1793856,NULL,HEADSET
2026-08-25T18:01:00.966Z,right,gripper,NULL,NULL,NULL,0,0,0,1,0.4779877,HEADSET
2026-08-25T18:01:00.984Z,right,endEffector,0.05996464,0.0180419,0.540302,0.6571685,0.04502406,-0.6791188,0.3238828,NULL,HEADSET
2026-08-25T18:01:00.984Z,right,base,0.3877803,-0.45038,0.7632024,0.09445198,0.9557578,-0.1295687,0.2466128,NULL,HEADSET
2026-08-25T18:01:00.984Z,right,shoulder_pan_joint,0,8.9159,0,0,-0.06744426,0,0.997723,NULL,HEADSET
2026-08-25T18:01:00.984Z,right,shoulder_lift_joint,NULL,NULL,NULL,0,0,-0.6386777,0.7694744,NULL,HEADSET
2026-08-25T18:01:00.984Z,right,elbow_joint,-42.5,0,0,0,0,-0.8310928,0.5561337,NULL,HEADSET
2026-08-25T18:01:00.984Z,right,wrist_1_joint,-39.225,0,-10.915,0,0,-0.3737421,0.9275327,NULL,HEADSET
2026-08-25T18:01:00.984Z,right,wrist_2_joint,0,-9.465002,0,0,0.509795,0,0.860296,NULL,HEADSET
2026-08-25T18:01:00.984Z,right,wrist_3_joint,0,0,-8.23,0,0,0.9849196,-0.1730128,NULL,HEADSET
2026-08-25T18:01:00.984Z,right,gripper,NULL,NULL,NULL,0,0,0,1,0.4781642,HEADSET
2026-08-25T18:01:01.006Z,right,endEffector,0.05875537,0.0179262,0.54103,0.6582976,0.04535517,-0.6778883,0.3241216,NULL,HEADSET
2026-08-25T18:01:01.006Z,right,base,0.3897118,-0.4481433,0.7633729,0.09418344,0.9557663,-0.1309384,0.2459585,NULL,HEADSET
2026-08-25T18:01:01.006Z,right,shoulder_pan_joint,0,8.9159,0,0,-0.06370363,0,0.9979689,NULL,HEADSET
2026-08-25T18:01:01.006Z,right,shoulder_lift_joint,NULL,NULL,NULL,0,0,-0.6424164,0.7663558,NULL,HEADSET
2026-08-25T18:01:01.006Z,right,elbow_joint,-42.5,0,0,0,0,-0.8320353,0.5547227,NULL,HEADSET
2026-08-25T18:01:01.006Z,right,wrist_1_joint,-39.225,0,-10.915,0,0,-0.365885,0.9306601,NULL,HEADSET
2026-08-25T18:01:01.006Z,right,wrist_2_joint,0,-9.465002,0,0,0.5141582,0,0.8576954,NULL,HEADSET
2026-08-25T18:01:01.006Z,right,wrist_3_joint,0,0,-8.23,0,0,0.9859613,-0.1669741,NULL,HEADSET
2026-08-25T18:01:01.006Z,right,gripper,NULL,NULL,NULL,0,0,0,1,0.4780959,HEADSET
2026-08-25T18:01:01.024Z,right,endEffector,0.05724357,0.01836979,0.5409758,0.6578053,0.04521638,-0.6773345,0.3262908,NULL,HEADSET
2026-08-25T18:01:01.024Z,right,base,0.3934475,-0.4440145,0.7637244,0.09394398,0.9557701,-0.1338257,0.2444765,NULL,HEADSET
2026-08-25T18:01:01.024Z,right,shoulder_pan_joint,0,8.9159,0,0,-0.06017744,0,0.9981877,NULL,HEADSET
2026-08-25T18:01:01.024Z,right,shoulder_lift_joint,NULL,NULL,NULL,0,0,-0.6458115,0.7634969,NULL,HEADSET
2026-08-25T18:01:01.024Z,right,elbow_joint,-42.5,0,0,0,0,-0.8328767,0.5534588,NULL,HEADSET
2026-08-25T18:01:01.024Z,right,wrist_1_joint,-39.225,0,-10.915,0,0,-0.3580275,0.9337111,NULL,HEADSET
2026-08-25T18:01:01.024Z,right,wrist_2_joint,0,-9.465002,0,0,0.518544,0,0.8550509,NULL,HEADSET
2026-08-25T18:01:01.024Z,right,wrist_3_joint,0,0,-8.23,0,0,0.9868881,-0.1614061,NULL,HEADSET
2026-08-25T18:01:01.024Z,right,gripper,NULL,NULL,NULL,0,0,0,1,0.4772717,HEADSET
2026-08-25T18:01:01.048Z,right,endEffector,0.05590534,0.01804842,0.5401572,0.6576161,0.04540349,-0.6769934,0.3273525,NULL,HEADSET
2026-08-25T18:01:01.048Z,right,base,0.3957195,-0.4421846,0.7635342,0.09366633,0.9558437,-0.1350495,0.2436206,NULL,HEADSET
2026-08-25T18:01:01.048Z,right,shoulder_pan_joint,0,8.9159,0,0,-0.05653767,0,0.9984005,NULL,HEADSET
2026-08-25T18:01:01.048Z,right,shoulder_lift_joint,NULL,NULL,NULL,0,0,-0.6498104,0.7600964,NULL,HEADSET
2026-08-25T18:01:01.048Z,right,elbow_joint,-42.5,0,0,0,0,-0.8334399,0.5526102,NULL,HEADSET
2026-08-25T18:01:01.048Z,right,wrist_1_joint,-39.225,0,-10.915,0,0,-0.3501243,0.9367033,NULL,HEADSET
2026-08-25T18:01:01.048Z,right,wrist_2_joint,0,-9.465002,0,0,0.5230119,0,0.8523254,NULL,HEADSET
2026-08-25T18:01:01.048Z,right,wrist_3_joint,0,0,-8.23,0,0,0.9877346,-0.1561427,NULL,HEADSET
2026-08-25T18:01:01.048Z,right,gripper,NULL,NULL,NULL,0,0,0,1,0.4787856,HEADSET
2026-08-25T18:01:01.065Z,right,endEffector,0.05487018,0.01705941,0.5401038,0.6579526,0.04673702,-0.6761286,0.3282744,NULL,HEADSET
2026-08-25T18:01:01.065Z,right,base,0.4005324,-0.4391349,0.7626086,0.09314335,0.956085,-0.137029,0.241762,NULL,HEADSET
2026-08-25T18:01:01.065Z,right,shoulder_pan_joint,0,8.9159,0,0,-0.05356595,0,0.9985643,NULL,HEADSET
2026-08-25T18:01:01.065Z,right,shoulder_lift_joint,NULL,NULL,NULL,0,0,-0.6536446,0.7568017,NULL,HEADSET
2026-08-25T18:01:01.065Z,right,elbow_joint,-42.5,0,0,0,0,-0.8337447,0.5521501,NULL,HEADSET
2026-08-25T18:01:01.065Z,right,wrist_1_joint,-39.225,0,-10.915,0,0,-0.3425586,0.9394965,NULL,HEADSET
2026-08-25T18:01:01.065Z,right,wrist_2_joint,0,-9.465002,0,0,0.5271711,0,0.8497592,NULL,HEADSET
2026-08-25T18:01:01.065Z,right,wrist_3_joint,0,0,-8.23,0,0,0.9884812,-0.1513439,NULL,HEADSET
2026-08-25T18:01:01.065Z,right,gripper,NULL,NULL,NULL,0,0,0,1,0.4794585,HEADSET
2026-08-25T18:01:01.088Z,right,endEffector,0.05388049,0.01615178,0.5405372,0.6576369,0.047416,-0.6759319,0.3292136,NULL,HEADSET
2026-08-25T18:01:01.088Z,right,base,0.4032735,-0.4376798,0.7618784,0.09270737,0.9562615,-0.1378258,0.2407768,NULL,HEADSET
2026-08-25T18:01:01.088Z,right,shoulder_pan_joint,0,8.9159,0,0,-0.05031699,0,0.9987333,NULL,HEADSET
2026-08-25T18:01:01.088Z,right,shoulder_lift_joint,NULL,NULL,NULL,0,0,-0.6579185,0.7530892,NULL,HEADSET
2026-08-25T18:01:01.088Z,right,elbow_joint,-42.5,0,0,0,0,-0.8340364,0.5517096,NULL,HEADSET
2026-08-25T18:01:01.088Z,right,wrist_1_joint,-39.225,0,-10.915,0,0,-0.3347751,0.9422981,NULL,HEADSET
2026-08-25T18:01:01.088Z,right,wrist_2_joint,0,-9.465002,0,0,0.531567,0,0.8470163,NULL,HEADSET
2026-08-25T18:01:01.088Z,right,wrist_3_joint,0,0,-8.23,0,0,0.9891518,-0.1468971,NULL,HEADSET
2026-08-25T18:01:01.088Z,right,gripper,NULL,NULL,NULL,0,0,0,1,0.4802448,HEADSET
2026-08-25T18:01:01.108Z,right,endEffector,0.0543832,0.01593708,0.5403818,0.6566635,0.04753009,-0.6759474,0.3311028,NULL,HEADSET
2026-08-25T18:01:01.108Z,right,base,0.4088376,-0.4344862,0.7605103,0.09197651,0.9565985,-0.1397144,0.2386203,NULL,HEADSET
2026-08-25T18:01:01.108Z,right,shoulder_pan_joint,0,8.9159,0,0,-0.04725476,0,0.9988829,NULL,HEADSET
2026-08-25T18:01:01.108Z,right,shoulder_lift_joint,NULL,NULL,NULL,0,0,-0.6617572,0.7497182,NULL,HEADSET
2026-08-25T18:01:01.108Z,right,elbow_joint,-42.5,0,0,0,0,-0.8343425,0.5512463,NULL,HEADSET
2026-08-25T18:01:01.108Z,right,wrist_1_joint,-39.225,0,-10.915,0,0,-0.3273308,0.9449098,NULL,HEADSET
2026-08-25T18:01:01.108Z,right,wrist_2_joint,0,-9.465002,0,0,0.5356757,0,0.8444238,NULL,HEADSET
2026-08-25T18:01:01.108Z,right,wrist_3_joint,0,0,-8.23,0,0,0.9897686,-0.1426823,NULL,HEADSET
2026-08-25T18:01:01.108Z,right,gripper,NULL,NULL,NULL,0,0,0,1,0.4809957,HEADSET
2026-08-25T18:01:01.130Z,right,endEffector,0.0535012,0.01563875,0.5407913,0.6572572,0.04781163,-0.6748828,0.3320548,NULL,HEADSET
2026-08-25T18:01:01.130Z,right,base,0.411427,-0.4329349,0.7597229,0.09195831,0.9567518,-0.1409096,0.2373061,NULL,HEADSET
2026-08-25T18:01:01.130Z,right,shoulder_pan_joint,0,8.9159,0,0,-0.04421408,0,0.9990221,NULL,HEADSET
2026-08-25T18:01:01.130Z,right,shoulder_lift_joint,NULL,NULL,NULL,0,0,-0.6656492,0.7462648,NULL,HEADSET
2026-08-25T18:01:01.130Z,right,elbow_joint,-42.5,0,0,0,0,-0.8346265,0.5508164,NULL,HEADSET
2026-08-25T18:01:01.130Z,right,wrist_1_joint,-39.225,0,-10.915,0,0,-0.320009,0.9474145,NULL,HEADSET
2026-08-25T18:01:01.130Z,right,wrist_2_joint,0,-9.465002,0,0,0.5396658,0,0.8418794,NULL,HEADSET
2026-08-25T18:01:01.130Z,right,wrist_3_joint,0,0,-8.23,0,0,0.9903574,-0.138536,NULL,HEADSET
2026-08-25T18:01:01.130Z,right,gripper,NULL,NULL,NULL,0,0,0,1,0.4808881,HEADSET
2026-08-25T18:01:01.150Z,right,endEffector,0.05244697,0.01607762,0.5406169,0.6578831,0.04828505,-0.6735084,0.333534,NULL,HEADSET
2026-08-25T18:01:01.150Z,right,base,0.4161624,-0.4288934,0.7591755,0.09143804,0.9568851,-0.1436687,0.235307,NULL,HEADSET
2026-08-25T18:01:01.150Z,right,shoulder_pan_joint,0,8.9159,0,0,-0.04121546,0,0.9991503,NULL,HEADSET
2026-08-25T18:01:01.150Z,right,shoulder_lift_joint,NULL,NULL,NULL,0,0,-0.669292,0.7429996,NULL,HEADSET
2026-08-25T18:01:01.150Z,right,elbow_joint,-42.5,0,0,0,0,-0.83483,0.5505078,NULL,HEADSET
2026-08-25T18:01:01.150Z,right,wrist_1_joint,-39.225,0,-10.915,0,0,-0.3129275,0.949777,NULL,HEADSET
2026-08-25T18:01:01.150Z,right,wrist_2_joint,0,-9.465002,0,0,0.5436765,0,0.8392949,NULL,HEADSET
2026-08-25T18:01:01.150Z,right,wrist_3_joint,0,0,-8.23,0,0,0.9909258,-0.1344105,NULL,HEADSET
2026-08-25T18:01:01.150Z,right,gripper,NULL,NULL,NULL,0,0,0,1,0.4815135,HEADSET
2026-08-25T18:01:01.175Z,right,endEffector,0.05248347,0.01641023,0.5400784,0.6574182,0.04803909,-0.6736319,0.3342357,NULL,HEADSET
2026-08-25T18:01:01.175Z,right,base,0.4185596,-0.4272326,0.7587034,0.09130556,0.9569589,-0.1449842,0.2342487,NULL,HEADSET
2026-08-25T18:01:01.175Z,right,shoulder_pan_joint,0,8.9159,0,0,-0.03797288,0,0.9992788,NULL,HEADSET
2026-08-25T18:01:01.175Z,right,shoulder_lift_joint,NULL,NULL,NULL,0,0,-0.6734925,0.7391941,NULL,HEADSET
2026-08-25T18:01:01.175Z,right,elbow_joint,-42.5,0,0,0,0,-0.8348247,0.5505159,NULL,HEADSET
2026-08-25T18:01:01.175Z,right,wrist_1_joint,-39.225,0,-10.915,0,0,-0.3056631,0.9521397,NULL,HEADSET
2026-08-25T18:01:01.175Z,right,wrist_2_joint,0,-9.465002,0,0,0.5480289,0,0.8364593,NULL,HEADSET
2026-08-25T18:01:01.175Z,right,wrist_3_joint,0,0,-8.23,0,0,0.9914646,-0.1303764,NULL,HEADSET
2026-08-25T18:01:01.175Z,right,gripper,NULL,NULL,NULL,0,0,0,1,0.482691,HEADSET
2026-08-25T18:01:01.193Z,right,endEffector,0.05147374,0.0147167,0.5406762,0.6572919,0.04784898,-0.6735503,0.334676,NULL,HEADSET
2026-08-25T18:01:01.193Z,right,base,0.4225575,-0.4260641,0.7570117,0.09189212,0.9571732,-0.1467207,0.2320525,NULL,HEADSET
2026-08-25T18:01:01.193Z,right,shoulder_pan_joint,0,8.9159,0,0,-0.03539155,0,0.9993736,NULL,HEADSET
2026-08-25T18:01:01.193Z,right,shoulder_lift_joint,NULL,NULL,NULL,0,0,-0.6770005,0.7359825,NULL,HEADSET
2026-08-25T18:01:01.193Z,right,elbow_joint,-42.5,0,0,0,0,-0.8347891,0.5505698,NULL,HEADSET
2026-08-25T18:01:01.193Z,right,wrist_1_joint,-39.225,0,-10.915,0,0,-0.2989256,0.9542764,NULL,HEADSET
2026-08-25T18:01:01.193Z,right,wrist_2_joint,0,-9.465002,0,0,0.5519525,0,0.8338755,NULL,HEADSET
2026-08-25T18:01:01.193Z,right,wrist_3_joint,0,0,-8.23,0,0,0.991948,-0.1266457,NULL,HEADSET
2026-08-25T18:01:01.193Z,right,gripper,NULL,NULL,NULL,0,0,0,1,0.4828741,HEADSET
2026-08-25T18:01:01.216Z,right,endEffector,0.05074167,0.0141508,0.541276,0.6576214,0.04793921,-0.6731539,0.334813,NULL,HEADSET
2026-08-25T18:01:01.216Z,right,base,0.4246508,-0.4252555,0.7562061,0.09200653,0.9572815,-0.1476239,0.2309852,NULL,HEADSET
2026-08-25T18:01:01.216Z,right,shoulder_pan_joint,0,8.9159,0,0,-0.03233186,0,0.9994772,NULL,HEADSET
2026-08-25T18:01:01.216Z,right,shoulder_lift_joint,NULL,NULL,NULL,0,0,-0.6810636,0.7322243,NULL,HEADSET
2026-08-25T18:01:01.216Z,right,elbow_joint,-42.5,0,0,0,0,-0.8347566,0.5506192,NULL,HEADSET
2026-08-25T18:01:01.216Z,right,wrist_1_joint,-39.225,0,-10.915,0,0,-0.2920102,0.9564152,NULL,HEADSET
2026-08-25T18:01:01.216Z,right,wrist_2_joint,0,-9.465002,0,0,0.555932,0,0.8312278,NULL,HEADSET
2026-08-25T18:01:01.216Z,right,wrist_3_joint,0,0,-8.23,0,0,0.9924203,-0.1228903,NULL,HEADSET
2026-08-25T18:01:01.216Z,right,gripper,NULL,NULL,NULL,0,0,0,1,0.4833578,HEADSET
2026-08-25T18:01:01.232Z,right,endEffector,0.05029473,0.01282407,0.5418436,0.6574861,0.04891304,-0.6736787,0.333881,NULL,HEADSET
2026-08-25T18:01:01.232Z,right,base,0.4287691,-0.4242829,0.7542652,0.09231481,0.9575492,-0.1489368,0.2289004,NULL,HEADSET
2026-08-25T18:01:01.232Z,right,shoulder_pan_joint,0,8.9159,0,0,-0.02943994,0,0.9995666,NULL,HEADSET
2026-08-25T18:01:01.232Z,right,shoulder_lift_joint,NULL,NULL,NULL,0,0,-0.6846396,0.7288818,NULL,HEADSET
2026-08-25T18:01:01.232Z,right,elbow_joint,-42.5,0,0,0,0,-0.8347493,0.5506301,NULL,HEADSET
2026-08-25T18:01:01.232Z,right,wrist_1_joint,-39.225,0,-10.915,0,0,-0.2853723,0.9584168,NULL,HEADSET
2026-08-25T18:01:01.232Z,right,wrist_2_joint,0,-9.465002,0,0,0.5597374,0,0.82867,NULL,HEADSET
2026-08-25T18:01:01.232Z,right,wrist_3_joint,0,0,-8.23,0,0,0.9928632,-0.1192591,NULL,HEADSET
2026-08-25T18:01:01.232Z,right,gripper,NULL,NULL,NULL,0,0,0,1,0.4833844,HEADSET
2026-08-25T18:01:01.255Z,right,endEffector,0.04935648,0.0124844,0.5420711,0.6578882,0.04968175,-0.6732187,0.3339034,NULL,HEADSET
2026-08-25T18:01:01.255Z,right,base,0.4309836,-0.4235171,0.7533042,0.09231877,0.9577045,-0.1496106,0.227807,NULL,HEADSET
2026-08-25T18:01:01.255Z,right,shoulder_pan_joint,0,8.9159,0,0,-0.02631288,0,0.9996538,NULL,HEADSET
2026-08-25T18:01:01.255Z,right,shoulder_lift_joint,NULL,NULL,NULL,0,0,-0.6884918,0.7252442,NULL,HEADSET
2026-08-25T18:01:01.255Z,right,elbow_joint,-42.5,0,0,0,0,-0.8347079,0.550693,NULL,HEADSET
2026-08-25T18:01:01.255Z,right,wrist_1_joint,-39.225,0,-10.915,0,0,-0.2786072,0.9604052,NULL,HEADSET
2026-08-25T18:01:01.255Z,right,wrist_2_joint,0,-9.465002,0,0,0.5635556,0,0.8260782,NULL,HEADSET
2026-08-25T18:01:01.255Z,right,wrist_3_joint,0,0,-8.23,0,0,0.9932574,-0.1159298,NULL,HEADSET
2026-08-25T18:01:01.255Z,right,gripper,NULL,NULL,NULL,0,0,0,1,0.4834299,HEADSET
2026-08-25T18:01:01.276Z,right,endEffector,0.04810585,0.01231429,0.5420399,0.6573614,0.05033462,-0.6729493,0.3353828,NULL,HEADSET
2026-08-25T18:01:01.276Z,right,base,0.4356204,-0.420803,0.7519637,0.09159748,0.9579333,-0.1513787,0.2259602,NULL,HEADSET
2026-08-25T18:01:01.276Z,right,shoulder_pan_joint,0,8.9159,0,0,-0.02347879,0,0.9997243,NULL,HEADSET
2026-08-25T18:01:01.276Z,right,shoulder_lift_joint,NULL,NULL,NULL,0,0,-0.6920175,0.7218807,NULL,HEADSET
2026-08-25T18:01:01.276Z,right,elbow_joint,-42.5,0,0,0,0,-0.8345332,0.5509577,NULL,HEADSET
2026-08-25T18:01:01.276Z,right,wrist_1_joint,-39.225,0,-10.915,0,0,-0.2721989,0.962241,NULL,HEADSET
2026-08-25T18:01:01.276Z,right,wrist_2_joint,0,-9.465002,0,0,0.5672438,0,0.82355,NULL,HEADSET
2026-08-25T18:01:01.276Z,right,wrist_3_joint,0,0,-8.23,0,0,0.9936234,-0.1127501,NULL,HEADSET
2026-08-25T18:01:01.276Z,right,gripper,NULL,NULL,NULL,0,0,0,1,0.4853926,HEADSET
2026-08-25T18:01:01.298Z,right,endEffector,0.04714288,0.0120149,0.5422626,0.6578146,0.05095538,-0.6718036,0.3366949,NULL,HEADSET
2026-08-25T18:01:01.298Z,right,base,0.437664,-0.4197067,0.7512915,0.09120376,0.9580362,-0.1519362,0.2253082,NULL,HEADSET
2026-08-25T18:01:01.298Z,right,shoulder_pan_joint,0,8.9159,0,0,-0.02048584,0,0.9997901,NULL,HEADSET
2026-08-25T18:01:01.298Z,right,shoulder_lift_joint,NULL,NULL,NULL,0,0,-0.6960378,0.7180051,NULL,HEADSET
2026-08-25T18:01:01.298Z,right,elbow_joint,-42.5,0,0,0,0,-0.8340914,0.5516263,NULL,HEADSET
2026-08-25T18:01:01.298Z,right,wrist_1_joint,-39.225,0,-10.915,0,0,-0.2658747,0.9640076,NULL,HEADSET
2026-08-25T18:01:01.298Z,right,wrist_2_joint,0,-9.465002,0,0,0.5709394,0,0.8209922,NULL,HEADSET
2026-08-25T18:01:01.298Z,right,wrist_3_joint,0,0,-8.23,0,0,0.9939796,-0.1095655,NULL,HEADSET
2026-08-25T18:01:01.298Z,right,gripper,NULL,NULL,NULL,0,0,0,1,0.4853926,HEADSET
2026-08-25T18:01:01.318Z,right,endEffector,0.04532193,0.01112919,0.5414975,0.6579002,0.05156793,-0.671127,0.3377821,NULL,HEADSET
2026-08-25T18:01:01.318Z,right,base,0.4410224,-0.4185938,0.7497419,0.09116834,0.9582118,-0.1528091,0.2239816,NULL,HEADSET
2026-08-25T18:01:01.318Z,right,shoulder_pan_joint,0,8.9159,0,0,-0.01782646,0,0.9998411,NULL,HEADSET
2026-08-25T18:01:01.318Z,right,shoulder_lift_joint,NULL,NULL,NULL,0,0,-0.6995164,0.7146165,NULL,HEADSET
2026-08-25T18:01:01.318Z,right,elbow_joint,-42.5,0,0,0,0,-0.8336806,0.552247,NULL,HEADSET
2026-08-25T18:01:01.318Z,right,wrist_1_joint,-39.225,0,-10.915,0,0,-0.2600465,0.9655961,NULL,HEADSET
2026-08-25T18:01:01.318Z,right,wrist_2_joint,0,-9.465002,0,0,0.5744983,0,0.8185058,NULL,HEADSET
2026-08-25T18:01:01.318Z,right,wrist_3_joint,0,0,-8.23,0,0,0.9943247,-0.1063878,NULL,HEADSET
2026-08-25T18:01:01.318Z,right,gripper,NULL,NULL,NULL,0,0,0,1,0.4864096,HEADSET
2026-08-25T18:01:01.340Z,right,endEffector,0.0444123,0.01060815,0.5413277,0.6583806,0.05148205,-0.6704658,0.338172,NULL,HEADSET
2026-08-25T18:01:01.340Z,right,base,0.442359,-0.4182568,0.7489889,0.09147806,0.9582615,-0.1533691,0.2232588,NULL,HEADSET
2026-08-25T18:01:01.340Z,right,shoulder_pan_joint,0,8.9159,0,0,-0.01526942,0,0.9998834,NULL,HEADSET
2026-08-25T18:01:01.340Z,right,shoulder_lift_joint,NULL,NULL,NULL,0,0,-0.7034943,0.7107009,NULL,HEADSET
2026-08-25T18:01:01.340Z,right,elbow_joint,-42.5,0,0,0,0,-0.8329381,0.5533662,NULL,HEADSET
2026-08-25T18:01:01.340Z,right,wrist_1_joint,-39.225,0,-10.915,0,0,-0.254403,0.9670983,NULL,HEADSET
2026-08-25T18:01:01.340Z,right,wrist_2_joint,0,-9.465002,0,0,0.5779897,0,0.816044,NULL,HEADSET
2026-08-25T18:01:01.340Z,right,wrist_3_joint,0,0,-8.23,0,0,0.9946541,-0.1032634,NULL,HEADSET
2026-08-25T18:01:01.340Z,right,gripper,NULL,NULL,NULL,0,0,0,1,0.4862541,HEADSET
2026-08-25T18:01:01.357Z,right,endEffector,0.04334339,0.0104187,0.5414062,0.6581767,0.05092543,-0.6697405,0.3400851,NULL,HEADSET
2026-08-25T18:01:01.357Z,right,base,0.445125,-0.4165462,0.7479776,0.09146644,0.9583369,-0.1546726,0.2220374,NULL,HEADSET
2026-08-25T18:01:01.357Z,right,shoulder_pan_joint,0,8.9159,0,0,-0.01309943,0,0.9999142,NULL,HEADSET
2026-08-25T18:01:01.357Z,right,shoulder_lift_joint,NULL,NULL,NULL,0,0,-0.7069091,0.7073045,NULL,HEADSET
2026-08-25T18:01:01.357Z,right,elbow_joint,-42.5,0,0,0,0,-0.8323172,0.5542996,NULL,HEADSET
2026-08-25T18:01:01.357Z,right,wrist_1_joint,-39.225,0,-10.915,0,0,-0.2491447,0.9684663,NULL,HEADSET
2026-08-25T18:01:01.357Z,right,wrist_2_joint,0,-9.465002,0,0,0.5812646,0,0.8137147,NULL,HEADSET
2026-08-25T18:01:01.357Z,right,wrist_3_joint,0,0,-8.23,0,0,0.9949603,-0.1002699,NULL,HEADSET
2026-08-25T18:01:01.357Z,right,gripper,NULL,NULL,NULL,0,0,0,1,0.4863687,HEADSET
2026-08-25T18:01:01.380Z,right,endEffector,0.04178549,0.0103959,0.5411774,0.6582954,0.05090322,-0.6691638,0.3409925,NULL,HEADSET
2026-08-25T18:01:01.380Z,right,base,0.4462938,-0.4150462,0.7480369,0.09126113,0.9582785,-0.1555705,0.2217461,NULL,HEADSET
2026-08-25T18:01:01.380Z,right,shoulder_pan_joint,0,8.9159,0,0,-0.01084573,0,0.9999412,NULL,HEADSET
2026-08-25T18:01:01.380Z,right,shoulder_lift_joint,NULL,NULL,NULL,0,0,-0.710379,0.7038193,NULL,HEADSET
2026-08-25T18:01:01.380Z,right,elbow_joint,-42.5,0,0,0,0,-0.831683,0.5552509,NULL,HEADSET
2026-08-25T18:01:01.380Z,right,wrist_1_joint,-39.225,0,-10.915,0,0,-0.2441282,0.969743,NULL,HEADSET
2026-08-25T18:01:01.380Z,right,wrist_2_joint,0,-9.465002,0,0,0.5844414,0,0.8114359,NULL,HEADSET
2026-08-25T18:01:01.380Z,right,wrist_3_joint,0,0,-8.23,0,0,0.9952726,-0.09712143,NULL,HEADSET
2026-08-25T18:01:01.380Z,right,gripper,NULL,NULL,NULL,0,0,0,1,0.4861448,HEADSET
2026-08-25T18:01:01.401Z,right,endEffector,0.0399501,0.009914905,0.5406758,0.6585211,0.05056152,-0.6683785,0.3421456,NULL,HEADSET
2026-08-25T18:01:01.401Z,right,base,0.4486025,-0.4129032,0.7478448,0.09100583,0.9582009,-0.157088,0.2211162,NULL,HEADSET
2026-08-25T18:01:01.401Z,right,shoulder_pan_joint,0,8.9159,0,0,-0.008947968,0,0.99996,NULL,HEADSET
2026-08-25T18:01:01.401Z,right,shoulder_lift_joint,NULL,NULL,NULL,0,0,-0.7135423,0.7006122,NULL,HEADSET
2026-08-25T18:01:01.401Z,right,elbow_joint,-42.5,0,0,0,0,-0.8310611,0.5561813,NULL,HEADSET
2026-08-25T18:01:01.401Z,right,wrist_1_joint,-39.225,0,-10.915,0,0,-0.2394348,0.9709125,NULL,HEADSET
2026-08-25T18:01:01.401Z,right,wrist_2_joint,0,-9.465002,0,0,0.5873719,0,0.8093171,NULL,HEADSET
2026-08-25T18:01:01.401Z,right,wrist_3_joint,0,0,-8.23,0,0,0.995548,-0.09425617,NULL,HEADSET
2026-08-25T18:01:01.401Z,right,gripper,NULL,NULL,NULL,0,0,0,1,0.4864208,HEADSET
2026-08-25T18:01:01.422Z,right,endEffector,0.0388375,0.009400368,0.5402548,0.6587473,0.05066275,-0.6673707,0.343659,NULL,HEADSET
2026-08-25T18:01:01.422Z,right,base,0.4501869,-0.4118655,0.747492,0.09063002,0.9582443,-0.1575336,0.2207648,NULL,HEADSET
2026-08-25T18:01:01.422Z,right,shoulder_pan_joint,0,8.9159,0,0,-0.007129813,0,0.9999746,NULL,HEADSET
2026-08-25T18:01:01.422Z,right,shoulder_lift_joint,NULL,NULL,NULL,0,0,-0.7169948,0.6970786,NULL,HEADSET
2026-08-25T18:01:01.422Z,right,elbow_joint,-42.5,0,0,0,0,-0.8303478,0.5572454,NULL,HEADSET
2026-08-25T18:01:01.422Z,right,wrist_1_joint,-39.225,0,-10.915,0,0,-0.2347558,0.9720544,NULL,HEADSET
2026-08-25T18:01:01.422Z,right,wrist_2_joint,0,-9.465002,0,0,0.5902248,0,0.8072389,NULL,HEADSET
2026-08-25T18:01:01.422Z,right,wrist_3_joint,0,0,-8.23,0,0,0.9957981,-0.0915769,NULL,HEADSET
2026-08-25T18:01:01.422Z,right,gripper,NULL,NULL,NULL,0,0,0,1,0.4870287,HEADSET
2026-08-25T18:01:01.442Z,right,endEffector,0.03760692,0.008647352,0.5403723,0.6583838,0.05093919,-0.666393,0.3462025,NULL,HEADSET
2026-08-25T18:01:01.442Z,right,base,0.4535662,-0.4092657,0.746611,0.08965719,0.9583734,-0.1584758,0.219926,NULL,HEADSET
2026-08-25T18:01:01.442Z,right,shoulder_pan_joint,0,8.9159,0,0,-0.005638466,0,0.9999841,NULL,HEADSET
2026-08-25T18:01:01.442Z,right,shoulder_lift_joint,NULL,NULL,NULL,0,0,-0.7200465,0.6939258,NULL,HEADSET
2026-08-25T18:01:01.442Z,right,elbow_joint,-42.5,0,0,0,0,-0.8296853,0.5582314,NULL,HEADSET
2026-08-25T18:01:01.442Z,right,wrist_1_joint,-39.225,0,-10.915,0,0,-0.2304699,0.9730794,NULL,HEADSET
2026-08-25T18:01:01.442Z,right,wrist_2_joint,0,-9.465002,0,0,0.5928624,0,0.8053038,NULL,HEADSET
2026-08-25T18:01:01.442Z,right,wrist_3_joint,0,0,-8.23,0,0,0.9960327,-0.0889883,NULL,HEADSET
2026-08-25T18:01:01.442Z,right,gripper,NULL,NULL,NULL,0,0,0,1,0.4869082,HEADSET
2026-08-25T18:01:01.469Z,right,endEffector,0.03642308,0.007974863,0.5426044,0.6590381,0.05138176,-0.6650545,0.3474641,NULL,HEADSET
2026-08-25T18:01:01.469Z,right,base,0.4549038,-0.4077952,0.7465126,0.08912297,0.9583977,-0.1589008,0.2197305,NULL,HEADSET
2026-08-25T18:01:01.469Z,right,shoulder_pan_joint,0,8.9159,0,0,-0.003988079,0,0.9999921,NULL,HEADSET
2026-08-25T18:01:01.469Z,right,shoulder_lift_joint,NULL,NULL,NULL,0,0,-0.7232813,0.6905536,NULL,HEADSET
2026-08-25T18:01:01.469Z,right,elbow_joint,-42.5,0,0,0,0,-0.8290813,0.559128,NULL,HEADSET
2026-08-25T18:01:01.469Z,right,wrist_1_joint,-39.225,0,-10.915,0,0,-0.2262825,0.9740617,NULL,HEADSET
2026-08-25T18:01:01.469Z,right,wrist_2_joint,0,-9.465002,0,0,0.595425,0,0.8034109,NULL,HEADSET
2026-08-25T18:01:01.469Z,right,wrist_3_joint,0,0,-8.23,0,0,0.9962658,-0.08633928,NULL,HEADSET
2026-08-25T18:01:01.469Z,right,gripper,NULL,NULL,NULL,0,0,0,1,0.4867011,HEADSET
2026-08-25T18:01:01.486Z,right,endEffector,0.03528144,0.007341743,0.5451357,0.6592169,0.05141471,-0.6639137,0.3492967,NULL,HEADSET
2026-08-25T18:01:01.486Z,right,base,0.4575887,-0.4053347,0.7464265,0.08860107,0.9583657,-0.1602672,0.2190876,NULL,HEADSET
2026-08-25T18:01:01.486Z,right,shoulder_pan_joint,0,8.9159,0,0,-0.001881134,0,0.9999983,NULL,HEADSET
2026-08-25T18:01:01.486Z,right,shoulder_lift_joint,NULL,NULL,NULL,0,0,-0.7260339,0.687659,NULL,HEADSET
2026-08-25T18:01:01.486Z,right,elbow_joint,-42.5,0,0,0,0,-0.8288432,0.559481,NULL,HEADSET
2026-08-25T18:01:01.486Z,right,wrist_1_joint,-39.225,0,-10.915,0,0,-0.2221685,0.9750083,NULL,HEADSET
2026-08-25T18:01:01.486Z,right,wrist_2_joint,0,-9.465002,0,0,0.5980392,0,0.8014669,NULL,HEADSET
2026-08-25T18:01:01.486Z,right,wrist_3_joint,0,0,-8.23,0,0,0.9964993,-0.08360112,NULL,HEADSET
2026-08-25T18:01:01.486Z,right,gripper,NULL,NULL,NULL,0,0,0,1,0.4864655,HEADSET
2026-08-25T18:01:01.522Z,right,endEffector,0.03479761,0.005758405,0.5464628,0.6595526,0.0519385,-0.6628748,0.3505562,NULL,HEADSET
2026-08-25T18:01:01.522Z,right,base,0.4610083,-0.404021,0.7451296,0.08802602,0.9585705,-0.1608125,0.2180213,NULL,HEADSET
2026-08-25T18:01:01.522Z,right,shoulder_pan_joint,0,8.9159,0,0,0.0008017125,0,0.9999997,NULL,HEADSET
2026-08-25T18:01:01.522Z,right,shoulder_lift_joint,NULL,NULL,NULL,0,0,-0.7289426,0.6845748,NULL,HEADSET
2026-08-25T18:01:01.522Z,right,elbow_joint,-42.5,0,0,0,0,-0.8287407,0.559633,NULL,HEADSET
2026-08-25T18:01:01.522Z,right,wrist_1_joint,-39.225,0,-10.915,0,0,-0.2179178,0.9759672,NULL,HEADSET
2026-08-25T18:01:01.522Z,right,wrist_2_joint,0,-9.465002,0,0,0.6008105,0,0.7993915,NULL,HEADSET
2026-08-25T18:01:01.522Z,right,wrist_3_joint,0,0,-8.23,0,0,0.9967389,-0.08069536,NULL,HEADSET
2026-08-25T18:01:01.522Z,right,gripper,NULL,NULL,NULL,0,0,0,1,0.486179,HEADSET
2026-08-25T18:01:01.551Z,right,endEffector,0.03379626,0.003373966,0.5463861,0.659812,0.05307117,-0.6619637,0.3516189,NULL,HEADSET
2026-08-25T18:01:01.551Z,right,base,0.464512,-0.4031796,0.7432551,0.08757442,0.9588658,-0.160908,0.2168316,NULL,HEADSET
2026-08-25T18:01:01.551Z,right,shoulder_pan_joint,0,8.9159,0,0,0.003468754,0,0.999994,NULL,HEADSET
2026-08-25T18:01:01.551Z,right,shoulder_lift_joint,NULL,NULL,NULL,0,0,-0.7319274,0.6813827,NULL,HEADSET
2026-08-25T18:01:01.551Z,right,elbow_joint,-42.5,0,0,0,0,-0.8286644,0.5597458,NULL,HEADSET
2026-08-25T18:01:01.551Z,right,wrist_1_joint,-39.225,0,-10.915,0,0,-0.2135586,0.9769303,NULL,HEADSET
2026-08-25T18:01:01.551Z,right,wrist_2_joint,0,-9.465002,0,0,0.603637,0,0.7972593,NULL,HEADSET
2026-08-25T18:01:01.551Z,right,wrist_3_joint,0,0,-8.23,0,0,0.9969728,-0.07775103,NULL,HEADSET
2026-08-25T18:01:01.551Z,right,gripper,NULL,NULL,NULL,0,0,0,1,0.4870467,HEADSET
2026-08-25T18:01:01.566Z,right,endEffector,0.03341739,0.002507776,0.5468606,0.6602516,0.05368126,-0.6605522,0.353351,NULL,HEADSET
2026-08-25T18:01:01.566Z,right,base,0.4679309,-0.4007663,0.7423629,0.08684172,0.9589743,-0.1619091,0.2158987,NULL,HEADSET
2026-08-25T18:01:01.566Z,right,shoulder_pan_joint,0,8.9159,0,0,0.005709519,0,0.9999837,NULL,HEADSET
2026-08-25T18:01:01.566Z,right,shoulder_lift_joint,NULL,NULL,NULL,0,0,-0.7352186,0.6778301,NULL,HEADSET
2026-08-25T18:01:01.566Z,right,elbow_joint,-42.5,0,0,0,0,-0.8284317,0.5600901,NULL,HEADSET
2026-08-25T18:01:01.566Z,right,wrist_1_joint,-39.225,0,-10.915,0,0,-0.2091475,0.9778841,NULL,HEADSET
2026-08-25T18:01:01.566Z,right,wrist_2_joint,0,-9.465002,0,0,0.6064186,0,0.7951456,NULL,HEADSET
2026-08-25T18:01:01.566Z,right,wrist_3_joint,0,0,-8.23,0,0,0.9971848,-0.07498404,NULL,HEADSET
2026-08-25T18:01:01.566Z,right,gripper,NULL,NULL,NULL,0,0,0,1,0.4870912,HEADSET
2026-08-25T18:01:01.588Z,right,endEffector,0.03282251,0.002271518,0.5469356,0.6601824,0.05314789,-0.6601158,0.3543752,NULL,HEADSET
2026-08-25T18:01:01.588Z,right,base,0.4692397,-0.3991996,0.7422578,0.08684459,0.9589129,-0.1629539,0.2153836,NULL,HEADSET
2026-08-25T18:01:01.588Z,right,shoulder_pan_joint,0,8.9159,0,0,0.007799239,0,0.9999696,NULL,HEADSET
2026-08-25T18:01:01.588Z,right,shoulder_lift_joint,NULL,NULL,NULL,0,0,-0.7384425,0.6743165,NULL,HEADSET
2026-08-25T18:01:01.588Z,right,elbow_joint,-42.5,0,0,0,0,-0.8282148,0.5604108,NULL,HEADSET
2026-08-25T18:01:01.588Z,right,wrist_1_joint,-39.225,0,-10.915,0,0,-0.2047395,0.9788165,NULL,HEADSET
2026-08-25T18:01:01.588Z,right,wrist_2_joint,0,-9.465002,0,0,0.6092634,0,0.792968,NULL,HEADSET
2026-08-25T18:01:01.588Z,right,wrist_3_joint,0,0,-8.23,0,0,0.9973847,-0.07227664,NULL,HEADSET
2026-08-25T18:01:01.588Z,right,gripper,NULL,NULL,NULL,0,0,0,1,0.4875418,HEADSET
2026-08-25T18:01:01.609Z,right,endEffector,0.03231952,0.001875967,0.5471677,0.6597263,0.0515504,-0.6598102,0.3560261,NULL,HEADSET
2026-08-25T18:01:01.609Z,right,base,0.4713,-0.3966757,0.7422791,0.0872642,0.9587066,-0.1652668,0.2143678,NULL,HEADSET
2026-08-25T18:01:01.609Z,right,shoulder_pan_joint,0,8.9159,0,0,0.009451618,0,0.9999554,NULL,HEADSET
2026-08-25T18:01:01.609Z,right,shoulder_lift_joint,NULL,NULL,NULL,0,0,-0.7412399,0.6712403,NULL,HEADSET
2026-08-25T18:01:01.609Z,right,elbow_joint,-42.5,0,0,0,0,-0.8280372,0.5606732,NULL,HEADSET
2026-08-25T18:01:01.609Z,right,wrist_1_joint,-39.225,0,-10.915,0,0,-0.2005485,0.9796838,NULL,HEADSET
2026-08-25T18:01:01.609Z,right,wrist_2_joint,0,-9.465002,0,0,0.6118534,0,0.7909712,NULL,HEADSET
2026-08-25T18:01:01.609Z,right,wrist_3_joint,0,0,-8.23,0,0,0.9975629,-0.06977355,NULL,HEADSET
2026-08-25T18:01:01.609Z,right,gripper,NULL,NULL,NULL,0,0,0,1,0.4869076,HEADSET
2026-08-25T18:01:01.632Z,right,endEffector,0.03213647,0.0004218221,0.5486256,0.6596991,0.05112292,-0.6599307,0.3559144,NULL,HEADSET
2026-08-25T18:01:01.632Z,right,base,0.4721673,-0.3963305,0.7420939,0.08768812,0.9586231,-0.1662209,0.2138301,NULL,HEADSET
2026-08-25T18:01:01.632Z,right,shoulder_pan_joint,0,8.9159,0,0,0.01095338,0,0.99994,NULL,HEADSET
2026-08-25T18:01:01.632Z,right,shoulder_lift_joint,NULL,NULL,NULL,0,0,-0.7441632,0.6679979,NULL,HEADSET
2026-08-25T18:01:01.632Z,right,elbow_joint,-42.5,0,0,0,0,-0.8279093,0.5608621,NULL,HEADSET
2026-08-25T18:01:01.632Z,right,wrist_1_joint,-39.225,0,-10.915,0,0,-0.1963206,0.9805397,NULL,HEADSET
2026-08-25T18:01:01.632Z,right,wrist_2_joint,0,-9.465002,0,0,0.6143284,0,0.7890504,NULL,HEADSET
2026-08-25T18:01:01.632Z,right,wrist_3_joint,0,0,-8.23,0,0,0.9977297,-0.06734666,NULL,HEADSET
2026-08-25T18:01:01.632Z,right,gripper,NULL,NULL,NULL,0,0,0,1,0.4866136,HEADSET
2026-08-25T18:01:01.650Z,right,endEffector,0.03103743,-0.002411261,0.5511023,0.6595426,0.05146585,-0.6596323,0.3567074,NULL,HEADSET
2026-08-25T18:01:01.650Z,right,base,0.4754382,-0.3939226,0.741326,0.08700502,0.9586787,-0.1674303,0.2129139,NULL,HEADSET
2026-08-25T18:01:01.650Z,right,shoulder_pan_joint,0,8.9159,0,0,0.01251863,0,0.9999217,NULL,HEADSET
2026-08-25T18:01:01.650Z,right,shoulder_lift_joint,NULL,NULL,NULL,0,0,-0.7466107,0.6652612,NULL,HEADSET
2026-08-25T18:01:01.650Z,right,elbow_joint,-42.5,0,0,0,0,-0.8280938,0.5605897,NULL,HEADSET
2026-08-25T18:01:01.650Z,right,wrist_1_joint,-39.225,0,-10.915,0,0,-0.192094,0.9813765,NULL,HEADSET
2026-08-25T18:01:01.650Z,right,wrist_2_joint,0,-9.465002,0,0,0.6166335,0,0.7872503,NULL,HEADSET
2026-08-25T18:01:01.650Z,right,wrist_3_joint,0,0,-8.23,0,0,0.9978755,-0.06515048,NULL,HEADSET
2026-08-25T18:01:01.650Z,right,gripper,NULL,NULL,NULL,0,0,0,1,0.4871186,HEADSET
2026-08-25T18:01:01.674Z,right,endEffector,0.02990314,-0.003199384,0.5515097,0.6596981,0.0520978,-0.6591046,0.3573028,NULL,HEADSET
2026-08-25T18:01:01.674Z,right,base,0.4768625,-0.392388,0.7411466,0.08667917,0.9586539,-0.1682445,0.2125163,NULL,HEADSET
2026-08-25T18:01:01.674Z,right,shoulder_pan_joint,0,8.9159,0,0,0.01456978,0,0.9998939,NULL,HEADSET
2026-08-25T18:01:01.674Z,right,shoulder_lift_joint,NULL,NULL,NULL,0,0,-0.7496029,0.6618879,NULL,HEADSET
2026-08-25T18:01:01.674Z,right,elbow_joint,-42.5,0,0,0,0,-0.8284763,0.5600242,NULL,HEADSET
2026-08-25T18:01:01.674Z,right,wrist_1_joint,-39.225,0,-10.915,0,0,-0.1873229,0.9822984,NULL,HEADSET
2026-08-25T18:01:01.674Z,right,wrist_2_joint,0,-9.465002,0,0,0.6189904,0,0.7853985,NULL,HEADSET
2026-08-25T18:01:01.674Z,right,wrist_3_joint,0,0,-8.23,0,0,0.9980116,-0.06303065,NULL,HEADSET
2026-08-25T18:01:01.674Z,right,gripper,NULL,NULL,NULL,0,0,0,1,0.4864969,HEADSET
2026-08-25T18:01:01.690Z,right,endEffector,0.02895842,-0.005167514,0.5524774,0.6603183,0.05298502,-0.6587628,0.3566568,NULL,HEADSET
2026-08-25T18:01:01.690Z,right,base,0.4793072,-0.3898681,0.7407712,0.08629246,0.9585717,-0.1697809,0.2118216,NULL,HEADSET
2026-08-25T18:01:01.690Z,right,shoulder_pan_joint,0,8.9159,0,0,0.01629064,0,0.9998673,NULL,HEADSET
2026-08-25T18:01:01.690Z,right,shoulder_lift_joint,NULL,NULL,NULL,0,0,-0.7523968,0.6587101,NULL,HEADSET
2026-08-25T18:01:01.690Z,right,elbow_joint,-42.5,0,0,0,0,-0.8286378,0.5597852,NULL,HEADSET
2026-08-25T18:01:01.690Z,right,wrist_1_joint,-39.225,0,-10.915,0,0,-0.1827419,0.9831609,NULL,HEADSET
2026-08-25T18:01:01.690Z,right,wrist_2_joint,0,-9.465002,0,0,0.6212553,0,0.7836083,NULL,HEADSET
2026-08-25T18:01:01.690Z,right,wrist_3_joint,0,0,-8.23,0,0,0.9981282,-0.06115732,NULL,HEADSET
2026-08-25T18:01:01.690Z,right,gripper,NULL,NULL,NULL,0,0,0,1,0.4854416,HEADSET
2026-08-25T18:01:01.714Z,right,endEffector,0.02890614,-0.005815327,0.5529091,0.6603389,0.05309629,-0.6585335,0.3570253,NULL,HEADSET
2026-08-25T18:01:01.714Z,right,base,0.480511,-0.3890392,0.740555,0.08620119,0.9585415,-0.1704144,0.2114864,NULL,HEADSET
2026-08-25T18:01:01.714Z,right,shoulder_pan_joint,0,8.9159,0,0,0.01797237,0,0.9998385,NULL,HEADSET
2026-08-25T18:01:01.714Z,right,shoulder_lift_joint,NULL,NULL,NULL,0,0,-0.7554417,0.655216,NULL,HEADSET
2026-08-25T18:01:01.714Z,right,elbow_joint,-42.5,0,0,0,0,-0.8288988,0.5593986,NULL,HEADSET
2026-08-25T18:01:01.714Z,right,wrist_1_joint,-39.225,0,-10.915,0,0,-0.1777344,0.9840785,NULL,HEADSET
2026-08-25T18:01:01.714Z,right,wrist_2_joint,0,-9.465002,0,0,0.6236326,0,0.7817177,NULL,HEADSET
2026-08-25T18:01:01.714Z,right,wrist_3_joint,0,0,-8.23,0,0,0.9982133,-0.05975184,NULL,HEADSET
2026-08-25T18:01:01.714Z,right,gripper,NULL,NULL,NULL,0,0,0,1,0.4851547,HEADSET
2026-08-25T18:01:01.733Z,right,endEffector,0.02717404,-0.009765074,0.5555131,0.6598816,0.05461294,-0.6588949,0.356975,NULL,HEADSET
2026-08-25T18:01:01.733Z,right,base,0.4834967,-0.3872868,0.7395917,0.08588865,0.9586006,-0.1715455,0.2104283,NULL,HEADSET
2026-08-25T18:01:01.733Z,right,shoulder_pan_joint,0,8.9159,0,0,0.01936306,0,0.9998125,NULL,HEADSET
2026-08-25T18:01:01.733Z,right,shoulder_lift_joint,NULL,NULL,NULL,0,0,-0.7578996,0.6523712,NULL,HEADSET
2026-08-25T18:01:01.733Z,right,elbow_joint,-42.5,0,0,0,0,-0.8291332,0.5590512,NULL,HEADSET
2026-08-25T18:01:01.733Z,right,wrist_1_joint,-39.225,0,-10.915,0,0,-0.1730751,0.9849086,NULL,HEADSET
2026-08-25T18:01:01.733Z,right,wrist_2_joint,0,-9.465002,0,0,0.6257867,0,0.7799942,NULL,HEADSET
2026-08-25T18:01:01.733Z,right,wrist_3_joint,0,0,-8.23,0,0,0.998292,-0.05842264,NULL,HEADSET
2026-08-25T18:01:01.733Z,right,gripper,NULL,NULL,NULL,0,0,0,1,0.4841524,HEADSET
2026-08-25T18:01:01.756Z,right,endEffector,0.02690022,-0.01032309,0.5559702,0.6593229,0.05448931,-0.6589055,0.3580055,NULL,HEADSET
2026-08-25T18:01:01.756Z,right,base,0.4846838,-0.3863404,0.7392802,0.08580421,0.9585874,-0.1721762,0.210008,NULL,HEADSET
2026-08-25T18:01:01.756Z,right,shoulder_pan_joint,0,8.9159,0,0,0.02124556,0,0.9997743,NULL,HEADSET
2026-08-25T18:01:01.756Z,right,shoulder_lift_joint,NULL,NULL,NULL,0,0,-0.7611712,0.648551,NULL,HEADSET
2026-08-25T18:01:01.756Z,right,elbow_joint,-42.5,0,0,0,0,-0.829474,0.5585454,NULL,HEADSET
2026-08-25T18:01:01.756Z,right,wrist_1_joint,-39.225,0,-10.915,0,0,-0.1679141,0.9858016,NULL,HEADSET
2026-08-25T18:01:01.756Z,right,wrist_2_joint,0,-9.465002,0,0,0.628009,0,0.7782061,NULL,HEADSET
2026-08-25T18:01:01.756Z,right,wrist_3_joint,0,0,-8.23,0,0,0.9983565,-0.05730968,NULL,HEADSET
2026-08-25T18:01:01.756Z,right,gripper,NULL,NULL,NULL,0,0,0,1,0.4837977,HEADSET
2026-08-25T18:01:01.775Z,right,endEffector,0.02455828,-0.01347956,0.5574612,0.6587459,0.05445403,-0.6584298,0.3599428,NULL,HEADSET
2026-08-25T18:01:01.775Z,right,base,0.4864646,-0.3843852,0.7390918,0.08578209,0.958464,-0.1736127,0.2093961,NULL,HEADSET
2026-08-25T18:01:01.775Z,right,shoulder_pan_joint,0,8.9159,0,0,0.02275416,0,0.9997411,NULL,HEADSET
2026-08-25T18:01:01.775Z,right,shoulder_lift_joint,NULL,NULL,NULL,0,0,-0.7638327,0.6454144,NULL,HEADSET
2026-08-25T18:01:01.775Z,right,elbow_joint,-42.5,0,0,0,0,-0.8297049,0.5582022,NULL,HEADSET
2026-08-25T18:01:01.775Z,right,wrist_1_joint,-39.225,0,-10.915,0,0,-0.1632154,0.9865905,NULL,HEADSET
2026-08-25T18:01:01.775Z,right,wrist_2_joint,0,-9.465002,0,0,0.6299469,0,0.7766382,NULL,HEADSET
2026-08-25T18:01:01.775Z,right,wrist_3_joint,0,0,-8.23,0,0,0.9984241,-0.05611921,NULL,HEADSET
2026-08-25T18:01:01.775Z,right,gripper,NULL,NULL,NULL,0,0,0,1,0.4818386,HEADSET
2026-08-25T18:01:01.798Z,right,endEffector,0.02380968,-0.0146616,0.557444,0.6586968,0.05517545,-0.6580795,0.3605631,NULL,HEADSET
2026-08-25T18:01:01.798Z,right,base,0.4875513,-0.3837535,0.7388549,0.08561998,0.9584531,-0.1740288,0.2091677,NULL,HEADSET
2026-08-25T18:01:01.798Z,right,shoulder_pan_joint,0,8.9159,0,0,0.02430975,0,0.9997045,NULL,HEADSET
2026-08-25T18:01:01.798Z,right,shoulder_lift_joint,NULL,NULL,NULL,0,0,-0.7671503,0.6414673,NULL,HEADSET
2026-08-25T18:01:01.798Z,right,elbow_joint,-42.5,0,0,0,0,-0.8298631,0.5579671,NULL,HEADSET
2026-08-25T18:01:01.798Z,right,wrist_1_joint,-39.225,0,-10.915,0,0,-0.1583759,0.9873789,NULL,HEADSET
2026-08-25T18:01:01.798Z,right,wrist_2_joint,0,-9.465002,0,0,0.6318616,0,0.7750812,NULL,HEADSET
2026-08-25T18:01:01.798Z,right,wrist_3_joint,0,0,-8.23,0,0,0.9984956,-0.05483256,NULL,HEADSET
2026-08-25T18:01:01.798Z,right,gripper,NULL,NULL,NULL,0,0,0,1,0.4795426,HEADSET
2026-08-25T18:01:01.820Z,right,endEffector,0.02255121,-0.01730897,0.5576265,0.6583887,0.05565441,-0.6575818,0.3619577,NULL,HEADSET
2026-08-25T18:01:01.820Z,right,base,0.4899525,-0.3824907,0.7381488,0.08531301,0.9585118,-0.1745767,0.2085666,NULL,HEADSET
2026-08-25T18:01:01.820Z,right,shoulder_pan_joint,0,8.9159,0,0,0.02545979,0,0.9996759,NULL,HEADSET
2026-08-25T18:01:01.820Z,right,shoulder_lift_joint,NULL,NULL,NULL,0,0,-0.7699506,0.6381035,NULL,HEADSET
2026-08-25T18:01:01.820Z,right,elbow_joint,-42.5,0,0,0,0,-0.8298765,0.5579472,NULL,HEADSET
2026-08-25T18:01:01.820Z,right,wrist_1_joint,-39.225,0,-10.915,0,0,-0.1539441,0.9880796,NULL,HEADSET
2026-08-25T18:01:01.820Z,right,wrist_2_joint,0,-9.465002,0,0,0.6336161,0,0.7736477,NULL,HEADSET
2026-08-25T18:01:01.820Z,right,wrist_3_joint,0,0,-8.23,0,0,0.9985568,-0.05370685,NULL,HEADSET
2026-08-25T18:01:01.820Z,right,gripper,NULL,NULL,NULL,0,0,0,1,0.47765,HEADSET
2026-08-25T18:01:01.858Z,right,endEffector,0.02111621,-0.01872289,0.5588344,0.6572744,0.05228672,-0.657155,0.3652452,NULL,HEADSET
2026-08-25T18:01:01.858Z,right,base,0.4914532,-0.3806775,0.7382015,0.08555214,0.9583532,-0.1758842,0.2080979,NULL,HEADSET
2026-08-25T18:01:01.858Z,right,shoulder_pan_joint,0,8.9159,0,0,0.02639191,0,0.9996517,NULL,HEADSET
2026-08-25T18:01:01.858Z,right,shoulder_lift_joint,NULL,NULL,NULL,0,0,-0.7730271,0.6343731,NULL,HEADSET
2026-08-25T18:01:01.858Z,right,elbow_joint,-42.5,0,0,0,0,-0.8297362,0.5581557,NULL,HEADSET
2026-08-25T18:01:01.858Z,right,wrist_1_joint,-39.225,0,-10.915,0,0,-0.1495856,0.9887488,NULL,HEADSET
2026-08-25T18:01:01.858Z,right,wrist_2_joint,0,-9.465002,0,0,0.6352536,0,0.7723036,NULL,HEADSET
2026-08-25T18:01:01.858Z,right,wrist_3_joint,0,0,-8.23,0,0,0.9986159,-0.0525966,NULL,HEADSET
2026-08-25T18:01:01.858Z,right,gripper,NULL,NULL,NULL,0,0,0,1,0.4576995,HEADSET
2026-08-25T18:01:01.881Z,right,endEffector,0.02053288,-0.02004895,0.5607455,0.6566102,0.05064687,-0.6569689,0.3670013,NULL,HEADSET
2026-08-25T18:01:01.881Z,right,base,0.4937859,-0.3789711,0.7379221,0.08576102,0.9582624,-0.1774055,0.2071368,NULL,HEADSET
2026-08-25T18:01:01.881Z,right,shoulder_pan_joint,0,8.9159,0,0,0.02743031,0,0.9996237,NULL,HEADSET
2026-08-25T18:01:01.881Z,right,shoulder_lift_joint,NULL,NULL,NULL,0,0,-0.7762025,0.6304837,NULL,HEADSET
2026-08-25T18:01:01.881Z,right,elbow_joint,-42.5,0,0,0,0,-0.8295588,0.5584193,NULL,HEADSET
2026-08-25T18:01:01.881Z,right,wrist_1_joint,-39.225,0,-10.915,0,0,-0.1452781,0.9893909,NULL,HEADSET
2026-08-25T18:01:01.881Z,right,wrist_2_joint,0,-9.465002,0,0,0.6365636,0,0.7712242,NULL,HEADSET
2026-08-25T18:01:01.881Z,right,wrist_3_joint,0,0,-8.23,0,0,0.9987106,-0.05076496,NULL,HEADSET
2026-08-25T18:01:01.881Z,right,gripper,NULL,NULL,NULL,0,0,0,1,0.4577,HEADSET
2026-08-25T18:01:01.901Z,right,endEffector,0.02026534,-0.02222526,0.5640404,0.6543953,0.04622982,-0.6574479,0.3706644,NULL,HEADSET
2026-08-25T18:01:01.901Z,right,base,0.4970313,-0.377348,0.7370853,0.08569971,0.9582998,-0.1786955,0.2058763,NULL,HEADSET
2026-08-25T18:01:01.901Z,right,shoulder_pan_joint,0,8.9159,0,0,0.02877089,0,0.999586,NULL,HEADSET
2026-08-25T18:01:01.901Z,right,shoulder_lift_joint,NULL,NULL,NULL,0,0,-0.7793978,0.6265295,NULL,HEADSET
2026-08-25T18:01:01.901Z,right,elbow_joint,-42.5,0,0,0,0,-0.829408,0.5586432,NULL,HEADSET
2026-08-25T18:01:01.901Z,right,wrist_1_joint,-39.225,0,-10.915,0,0,-0.1408907,0.9900252,NULL,HEADSET
2026-08-25T18:01:01.901Z,right,wrist_2_joint,0,-9.465002,0,0,0.6378852,0,0.7701315,NULL,HEADSET
2026-08-25T18:01:01.901Z,right,wrist_3_joint,0,0,-8.23,0,0,0.9988152,-0.0486648,NULL,HEADSET
2026-08-25T18:01:01.901Z,right,gripper,NULL,NULL,NULL,0,0,0,1,0.44157,HEADSET
2026-08-25T18:01:01.922Z,right,endEffector,0.02058519,-0.02269313,0.5652102,0.652899,0.04143707,-0.6582901,0.3723709,NULL,HEADSET
2026-08-25T18:01:01.922Z,right,base,0.4982871,-0.3775399,0.7363188,0.08631022,0.9583273,-0.1792325,0.2050248,NULL,HEADSET
2026-08-25T18:01:01.922Z,right,shoulder_pan_joint,0,8.9159,0,0,0.03061101,0,0.9995314,NULL,HEADSET
2026-08-25T18:01:01.922Z,right,shoulder_lift_joint,NULL,NULL,NULL,0,0,-0.782738,0.6223514,NULL,HEADSET
2026-08-25T18:01:01.922Z,right,elbow_joint,-42.5,0,0,0,0,-0.8294033,0.5586503,NULL,HEADSET
2026-08-25T18:01:01.922Z,right,wrist_1_joint,-39.225,0,-10.915,0,0,-0.1362475,0.9906749,NULL,HEADSET
2026-08-25T18:01:01.922Z,right,wrist_2_joint,0,-9.465002,0,0,0.6388668,0,0.7693173,NULL,HEADSET
2026-08-25T18:01:01.922Z,right,wrist_3_joint,0,0,-8.23,0,0,0.9989585,-0.04562788,NULL,HEADSET
2026-08-25T18:01:01.922Z,right,gripper,NULL,NULL,NULL,0,0,0,1,0.4222924,HEADSET
2026-08-25T18:01:01.941Z,right,endEffector,0.02260595,-0.02311572,0.5662094,0.6526933,0.03728747,-0.6582044,0.3733203,NULL,HEADSET
2026-08-25T18:01:01.941Z,right,base,0.5008208,-0.3786291,0.7343936,0.08829124,0.9583943,-0.1805406,0.2027065,NULL,HEADSET
2026-08-25T18:01:01.941Z,right,shoulder_pan_joint,0,8.9159,0,0,0.03218504,0,0.9994819,NULL,HEADSET
2026-08-25T18:01:01.941Z,right,shoulder_lift_joint,NULL,NULL,NULL,0,0,-0.785391,0.6190001,NULL,HEADSET
2026-08-25T18:01:01.941Z,right,elbow_joint,-42.5,0,0,0,0,-0.8294091,0.5586418,NULL,HEADSET
2026-08-25T18:01:01.941Z,right,wrist_1_joint,-39.225,0,-10.915,0,0,-0.1317486,0.9912832,NULL,HEADSET
2026-08-25T18:01:01.941Z,right,wrist_2_joint,0,-9.465002,0,0,0.6394027,0,0.768872,NULL,HEADSET
2026-08-25T18:01:01.941Z,right,wrist_3_joint,0,0,-8.23,0,0,0.9991121,-0.04213083,NULL,HEADSET
2026-08-25T18:01:01.941Z,right,gripper,NULL,NULL,NULL,0,0,0,1,0.4222928,HEADSET
2026-08-25T18:01:01.964Z,right,endEffector,0.02300347,-0.02369264,0.5668448,0.65108,0.03373417,-0.6591202,0.3748569,NULL,HEADSET
2026-08-25T18:01:01.964Z,right,base,0.5024061,-0.3785767,0.7335021,0.08889078,0.9584281,-0.1813356,0.2015727,NULL,HEADSET
2026-08-25T18:01:01.964Z,right,shoulder_pan_joint,0,8.9159,0,0,0.03365439,0,0.9994336,NULL,HEADSET
2026-08-25T18:01:01.964Z,right,shoulder_lift_joint,NULL,NULL,NULL,0,0,-0.7877631,0.6159784,NULL,HEADSET
2026-08-25T18:01:01.964Z,right,elbow_joint,-42.5,0,0,0,0,-0.8294024,0.5586517,NULL,HEADSET
2026-08-25T18:01:01.964Z,right,wrist_1_joint,-39.225,0,-10.915,0,0,-0.1273311,0.9918603,NULL,HEADSET
2026-08-25T18:01:01.964Z,right,wrist_2_joint,0,-9.465002,0,0,0.6401255,0,0.7682704,NULL,HEADSET
2026-08-25T18:01:01.964Z,right,wrist_3_joint,0,0,-8.23,0,0,0.9992691,-0.03822615,NULL,HEADSET
2026-08-25T18:01:01.964Z,right,gripper,NULL,NULL,NULL,0,0,0,1,0.410964,HEADSET
2026-08-25T18:01:01.985Z,right,endEffector,0.02427241,-0.02314401,0.5672334,0.6491296,0.02964884,-0.6600075,0.3770169,NULL,HEADSET
2026-08-25T18:01:01.985Z,right,base,0.5058997,-0.3767226,0.7324013,0.08983462,0.9583584,-0.1837038,0.1993283,NULL,HEADSET
2026-08-25T18:01:01.985Z,right,shoulder_pan_joint,0,8.9159,0,0,0.03481545,0,0.9993938,NULL,HEADSET
2026-08-25T18:01:01.985Z,right,shoulder_lift_joint,NULL,NULL,NULL,0,0,-0.7898814,0.6132597,NULL,HEADSET
2026-08-25T18:01:01.985Z,right,elbow_joint,-42.5,0,0,0,0,-0.8293538,0.5587237,NULL,HEADSET
2026-08-25T18:01:01.985Z,right,wrist_1_joint,-39.225,0,-10.915,0,0,-0.1231238,0.9923913,NULL,HEADSET
2026-08-25T18:01:01.985Z,right,wrist_2_joint,0,-9.465002,0,0,0.6405506,0,0.767916,NULL,HEADSET
2026-08-25T18:01:01.985Z,right,wrist_3_joint,0,0,-8.23,0,0,0.9994106,-0.03432812,NULL,HEADSET
2026-08-25T18:01:01.985Z,right,gripper,NULL,NULL,NULL,0,0,0,1,0.4071259,HEADSET
2026-08-25T18:01:02.008Z,right,endEffector,0.02443261,-0.02298617,0.5676523,0.6472354,0.02624123,-0.6603476,0.3799196,NULL,HEADSET
2026-08-25T18:01:02.008Z,right,base,0.5076925,-0.3758419,0.7319401,0.09046631,0.9582658,-0.1852416,0.198061,NULL,HEADSET
2026-08-25T18:01:02.008Z,right,shoulder_pan_joint,0,8.9159,0,0,0.0357499,0,0.9993608,NULL,HEADSET
2026-08-25T18:01:02.008Z,right,shoulder_lift_joint,NULL,NULL,NULL,0,0,-0.7922598,0.610184,NULL,HEADSET
2026-08-25T18:01:02.008Z,right,elbow_joint,-42.5,0,0,0,0,-0.8290923,0.5591117,NULL,HEADSET
2026-08-25T18:01:02.008Z,right,wrist_1_joint,-39.225,0,-10.915,0,0,-0.1189961,0.9928948,NULL,HEADSET
2026-08-25T18:01:02.008Z,right,wrist_2_joint,0,-9.465002,0,0,0.6409411,0,0.7675901,NULL,HEADSET
2026-08-25T18:01:02.008Z,right,wrist_3_joint,0,0,-8.23,0,0,0.9995377,-0.03040292,NULL,HEADSET
2026-08-25T18:01:02.008Z,right,gripper,NULL,NULL,NULL,0,0,0,1,0.4026082,HEADSET
2026-08-25T18:01:02.024Z,right,endEffector,0.02610679,-0.02138431,0.5677492,0.6446889,0.02253374,-0.6616832,0.3821568,NULL,HEADSET
2026-08-25T18:01:02.024Z,right,base,0.5111101,-0.3745956,0.7307037,0.09182384,0.9581505,-0.1878737,0.1954983,NULL,HEADSET
2026-08-25T18:01:02.024Z,right,shoulder_pan_joint,0,8.9159,0,0,0.03652391,0,0.9993328,NULL,HEADSET
2026-08-25T18:01:02.024Z,right,shoulder_lift_joint,NULL,NULL,NULL,0,0,-0.7945031,0.6072601,NULL,HEADSET
2026-08-25T18:01:02.024Z,right,elbow_joint,-42.5,0,0,0,0,-0.8287078,0.5596817,NULL,HEADSET
2026-08-25T18:01:02.024Z,right,wrist_1_joint,-39.225,0,-10.915,0,0,-0.1152733,0.9933338,NULL,HEADSET
2026-08-25T18:01:02.024Z,right,wrist_2_joint,0,-9.465002,0,0,0.6411989,0,0.7673747,NULL,HEADSET
2026-08-25T18:01:02.024Z,right,wrist_3_joint,0,0,-8.23,0,0,0.9996511,-0.02641629,NULL,HEADSET
2026-08-25T18:01:02.024Z,right,gripper,NULL,NULL,NULL,0,0,0,1,0.3943869,HEADSET
2026-08-25T18:01:02.048Z,right,endEffector,0.02739776,-0.02056627,0.5676483,0.6435572,0.02086428,-0.6627323,0.3823412,NULL,HEADSET
2026-08-25T18:01:02.048Z,right,base,0.5128568,-0.3745215,0.7298402,0.092671,0.958128,-0.1891358,0.1939859,NULL,HEADSET
2026-08-25T18:01:02.048Z,right,shoulder_pan_joint,0,8.9159,0,0,0.0372365,0,0.9993065,NULL,HEADSET
2026-08-25T18:01:02.048Z,right,shoulder_lift_joint,NULL,NULL,NULL,0,0,-0.7967749,0.6042762,NULL,HEADSET
2026-08-25T18:01:02.048Z,right,elbow_joint,-42.5,0,0,0,0,-0.8280585,0.5606418,NULL,HEADSET
2026-08-25T18:01:02.048Z,right,wrist_1_joint,-39.225,0,-10.915,0,0,-0.1119282,0.9937163,NULL,HEADSET
2026-08-25T18:01:02.048Z,right,wrist_2_joint,0,-9.465002,0,0,0.6414498,0,0.7671651,NULL,HEADSET
2026-08-25T18:01:02.048Z,right,wrist_3_joint,0,0,-8.23,0,0,0.9997478,-0.02245849,NULL,HEADSET
2026-08-25T18:01:02.048Z,right,gripper,NULL,NULL,NULL,0,0,0,1,0.3879635,HEADSET
2026-08-25T18:01:02.067Z,right,endEffector,0.02928457,-0.01985562,0.5674698,0.6421574,0.01861782,-0.6636255,0.3832604,NULL,HEADSET
2026-08-25T18:01:02.067Z,right,base,0.5169669,-0.3738244,0.7278447,0.09365454,0.958182,-0.1911326,0.1912706,NULL,HEADSET
2026-08-25T18:01:02.067Z,right,shoulder_pan_joint,0,8.9159,0,0,0.03750093,0,0.9992966,NULL,HEADSET
2026-08-25T18:01:02.067Z,right,shoulder_lift_joint,NULL,NULL,NULL,0,0,-0.7976568,0.6031116,NULL,HEADSET
2026-08-25T18:01:02.067Z,right,elbow_joint,-42.5,0,0,0,0,-0.8277677,0.561071,NULL,HEADSET
2026-08-25T18:01:02.067Z,right,wrist_1_joint,-39.225,0,-10.915,0,0,-0.1105368,0.993872,NULL,HEADSET
2026-08-25T18:01:02.067Z,right,wrist_2_joint,0,-9.465002,0,0,0.6415686,0,0.7670657,NULL,HEADSET
2026-08-25T18:01:02.067Z,right,wrist_3_joint,0,0,-8.23,0,0,0.9997829,-0.02084034,NULL,HEADSET
2026-08-25T18:01:02.067Z,right,gripper,NULL,NULL,NULL,0,0,0,1,0.3838788,HEADSET
2026-08-25T18:01:02.089Z,right,endEffector,0.02963747,-0.01964206,0.5671079,0.6408501,0.01723775,-0.6645703,0.3838754,NULL,HEADSET
2026-08-25T18:01:02.089Z,right,base,0.5194541,-0.373212,0.726615,0.09390919,0.9582767,-0.1920047,0.1897922,NULL,HEADSET
2026-08-25T18:01:02.089Z,right,shoulder_pan_joint,0,8.9159,0,0,0.03813331,0,0.9992727,NULL,HEADSET
2026-08-25T18:01:02.089Z,right,shoulder_lift_joint,NULL,NULL,NULL,0,0,-0.7999576,0.6000565,NULL,HEADSET
2026-08-25T18:01:02.089Z,right,elbow_joint,-42.5,0,0,0,0,-0.8268511,0.562421,NULL,HEADSET
2026-08-25T18:01:02.089Z,right,wrist_1_joint,-39.225,0,-10.915,0,0,-0.1074534,0.9942102,NULL,HEADSET
2026-08-25T18:01:02.089Z,right,wrist_2_joint,0,-9.465002,0,0,0.6420102,0,0.7666962,NULL,HEADSET
2026-08-25T18:01:02.089Z,right,wrist_3_joint,0,0,-8.23,0,0,0.9998519,-0.01721024,NULL,HEADSET
2026-08-25T18:01:02.089Z,right,gripper,NULL,NULL,NULL,0,0,0,1,0.3800827,HEADSET
2026-08-25T18:01:02.108Z,right,endEffector,0.03036324,-0.01860958,0.5667502,0.638104,0.01461051,-0.6659694,0.3861278,NULL,HEADSET
2026-08-25T18:01:02.108Z,right,base,0.5242951,-0.3715363,0.7247096,0.09415426,0.9583794,-0.1941214,0.186978,NULL,HEADSET
2026-08-25T18:01:02.108Z,right,shoulder_pan_joint,0,8.9159,0,0,0.03853849,0,0.9992571,NULL,HEADSET
2026-08-25T18:01:02.108Z,right,shoulder_lift_joint,NULL,NULL,NULL,0,0,-0.8019074,0.5974483,NULL,HEADSET
2026-08-25T18:01:02.108Z,right,elbow_joint,-42.5,0,0,0,0,-0.8259627,0.5637248,NULL,HEADSET
2026-08-25T18:01:02.108Z,right,wrist_1_joint,-39.225,0,-10.915,0,0,-0.1048932,0.9944835,NULL,HEADSET
2026-08-25T18:01:02.108Z,right,wrist_2_joint,0,-9.465002,0,0,0.6423247,0,0.7664326,NULL,HEADSET
2026-08-25T18:01:02.108Z,right,wrist_3_joint,0,0,-8.23,0,0,0.9998974,-0.01432665,NULL,HEADSET
2026-08-25T18:01:02.108Z,right,gripper,NULL,NULL,NULL,0,0,0,1,0.3694717,HEADSET
2026-08-25T18:01:02.133Z,right,endEffector,0.03028744,-0.01801616,0.5659685,0.6367899,0.01378194,-0.6666077,0.3872246,NULL,HEADSET
2026-08-25T18:01:02.133Z,right,base,0.5267529,-0.3710287,0.7236155,0.09406999,0.9585057,-0.1947559,0.1857091,NULL,HEADSET
2026-08-25T18:01:02.133Z,right,shoulder_pan_joint,0,8.9159,0,0,0.0389927,0,0.9992395,NULL,HEADSET
2026-08-25T18:01:02.133Z,right,shoulder_lift_joint,NULL,NULL,NULL,0,0,-0.8045235,0.5939208,NULL,HEADSET
2026-08-25T18:01:02.133Z,right,elbow_joint,-42.5,0,0,0,0,-0.8244782,0.5658938,NULL,HEADSET
2026-08-25T18:01:02.133Z,right,wrist_1_joint,-39.225,0,-10.915,0,0,-0.1022621,0.9947575,NULL,HEADSET
2026-08-25T18:01:02.133Z,right,wrist_2_joint,0,-9.465002,0,0,0.6426013,0,0.7662008,NULL,HEADSET
2026-08-25T18:01:02.133Z,right,wrist_3_joint,0,0,-8.23,0,0,0.9999391,-0.01104063,NULL,HEADSET
2026-08-25T18:01:02.133Z,right,gripper,NULL,NULL,NULL,0,0,0,1,0.3658162,HEADSET
2026-08-25T18:01:02.153Z,right,endEffector,0.03058431,-0.01722959,0.5647435,0.6347436,0.01246084,-0.6680133,0.3882055,NULL,HEADSET
2026-08-25T18:01:02.153Z,right,base,0.5307395,-0.370705,0.7212206,0.09458754,0.9587429,-0.1956888,0.1832245,NULL,HEADSET
2026-08-25T18:01:02.153Z,right,shoulder_pan_joint,0,8.9159,0,0,0.0392774,0,0.9992284,NULL,HEADSET
2026-08-25T18:01:02.153Z,right,shoulder_lift_joint,NULL,NULL,NULL,0,0,-0.8068033,0.5908201,NULL,HEADSET
2026-08-25T18:01:02.153Z,right,elbow_joint,-42.5,0,0,0,0,-0.8229202,0.568157,NULL,HEADSET
2026-08-25T18:01:02.153Z,right,wrist_1_joint,-39.225,0,-10.915,0,0,-0.1000569,0.9949817,NULL,HEADSET
2026-08-25T18:01:02.153Z,right,wrist_2_joint,0,-9.465002,0,0,0.6428059,0,0.7660291,NULL,HEADSET
2026-08-25T18:01:02.153Z,right,wrist_3_joint,0,0,-8.23,0,0,0.9999672,-0.008104051,NULL,HEADSET
2026-08-25T18:01:02.153Z,right,gripper,NULL,NULL,NULL,0,0,0,1,0.3622615,HEADSET
2026-08-25T18:01:02.175Z,right,endEffector,0.02998734,-0.01670119,0.5641643,0.6336612,0.01049834,-0.6679989,0.3900523,NULL,HEADSET
2026-08-25T18:01:02.175Z,right,base,0.5321789,-0.3702698,0.7205838,0.09499182,0.958733,-0.1964851,0.1822115,NULL,HEADSET
2026-08-25T18:01:02.175Z,right,shoulder_pan_joint,0,8.9159,0,0,0.0394361,0,0.9992221,NULL,HEADSET
2026-08-25T18:01:02.175Z,right,shoulder_lift_joint,NULL,NULL,NULL,0,0,-0.8092509,0.5874633,NULL,HEADSET
2026-08-25T18:01:02.175Z,right,elbow_joint,-42.5,0,0,0,0,-0.8209845,0.5709506,NULL,HEADSET
2026-08-25T18:01:02.175Z,right,wrist_1_joint,-39.225,0,-10.915,0,0,-0.0982279,0.995164,NULL,HEADSET
2026-08-25T18:01:02.175Z,right,wrist_2_joint,0,-9.465002,0,0,0.642933,0,0.7659224,NULL,HEADSET
2026-08-25T18:01:02.175Z,right,wrist_3_joint,0,0,-8.23,0,0,0.9999858,-0.005344569,NULL,HEADSET
2026-08-25T18:01:02.175Z,right,gripper,NULL,NULL,NULL,0,0,0,1,0.3587517,HEADSET
2026-08-25T18:01:02.191Z,right,endEffector,0.02980851,-0.01546818,0.5637091,0.6323472,0.007933117,-0.6674036,0.3932514,NULL,HEADSET
2026-08-25T18:01:02.191Z,right,base,0.5352328,-0.3677988,0.7203664,0.09473079,0.9586086,-0.1983903,0.1809335,NULL,HEADSET
2026-08-25T18:01:02.191Z,right,shoulder_pan_joint,0,8.9159,0,0,0.03951172,0,0.9992191,NULL,HEADSET
2026-08-25T18:01:02.191Z,right,shoulder_lift_joint,NULL,NULL,NULL,0,0,-0.8114132,0.584473,NULL,HEADSET
2026-08-25T18:01:02.191Z,right,elbow_joint,-42.5,0,0,0,0,-0.819205,0.5735007,NULL,HEADSET
2026-08-25T18:01:02.191Z,right,wrist_1_joint,-39.225,0,-10.915,0,0,-0.09671452,0.9953122,NULL,HEADSET
2026-08-25T18:01:02.191Z,right,wrist_2_joint,0,-9.465002,0,0,0.6430173,0,0.7658517,NULL,HEADSET
2026-08-25T18:01:02.191Z,right,wrist_3_joint,0,0,-8.23,0,0,0.9999966,-0.002602059,NULL,HEADSET
2026-08-25T18:01:02.191Z,right,gripper,NULL,NULL,NULL,0,0,0,1,0.3497705,HEADSET
2026-08-25T18:01:02.214Z,right,endEffector,0.0296225,-0.01578221,0.5637259,0.6321513,0.007109433,-0.6670669,0.3941523,NULL,HEADSET
2026-08-25T18:01:02.214Z,right,base,0.5364974,-0.3673434,0.7201543,0.09485751,0.9585811,-0.198948,0.1804,NULL,HEADSET
2026-08-25T18:01:02.214Z,right,shoulder_pan_joint,0,8.9159,0,0,0.03955148,0,0.9992176,NULL,HEADSET
2026-08-25T18:01:02.214Z,right,shoulder_lift_joint,NULL,NULL,NULL,0,0,-0.8136325,0.5813795,NULL,HEADSET
2026-08-25T18:01:02.214Z,right,elbow_joint,-42.5,0,0,0,0,-0.8173961,0.576076,NULL,HEADSET
2026-08-25T18:01:02.214Z,right,wrist_1_joint,-39.225,0,-10.915,0,0,-0.09538295,0.9954407,NULL,HEADSET
2026-08-25T18:01:02.214Z,right,wrist_2_joint,0,-9.465002,0,0,0.6431683,0,0.7657248,NULL,HEADSET
2026-08-25T18:01:02.214Z,right,wrist_3_joint,0,0,-8.23,0,0,1,0.0002580696,NULL,HEADSET
2026-08-25T18:01:02.214Z,right,gripper,NULL,NULL,NULL,0,0,0,1,0.3459871,HEADSET
2026-08-25T18:01:02.232Z,right,endEffector,0.03017176,-0.01641056,0.5640279,0.6315427,0.005899809,-0.6670861,0.395114,NULL,HEADSET
2026-08-25T18:01:02.232Z,right,base,0.5390452,-0.3671426,0.7190965,0.09543788,0.9586244,-0.1997942,0.1789225,NULL,HEADSET
2026-08-25T18:01:02.232Z,right,shoulder_pan_joint,0,8.9159,0,0,0.03958633,0,0.9992162,NULL,HEADSET
2026-08-25T18:01:02.232Z,right,shoulder_lift_joint,NULL,NULL,NULL,0,0,-0.8151592,0.579237,NULL,HEADSET
2026-08-25T18:01:02.232Z,right,elbow_joint,-42.5,0,0,0,0,-0.81625,0.5776988,NULL,HEADSET
2026-08-25T18:01:02.232Z,right,wrist_1_joint,-39.225,0,-10.915,0,0,-0.09436321,0.9955379,NULL,HEADSET
2026-08-25T18:01:02.232Z,right,wrist_2_joint,0,-9.465002,0,0,0.6433482,0,0.7655737,NULL,HEADSET
2026-08-25T18:01:02.232Z,right,wrist_3_joint,0,0,-8.23,0,0,0.9999974,0.002277596,NULL,HEADSET
2026-08-25T18:01:02.232Z,right,gripper,NULL,NULL,NULL,0,0,0,1,0.342437,HEADSET
2026-08-25T18:01:02.255Z,right,endEffector,0.03048579,-0.01661949,0.5641719,0.630955,0.004580699,-0.6672708,0.3957583,NULL,HEADSET
2026-08-25T18:01:02.255Z,right,base,0.5399531,-0.3674104,0.7186102,0.09605938,0.9585978,-0.2003072,0.1781566,NULL,HEADSET
2026-08-25T18:01:02.255Z,right,shoulder_pan_joint,0,8.9159,0,0,0.03968817,0,0.9992121,NULL,HEADSET
2026-08-25T18:01:02.255Z,right,shoulder_lift_joint,NULL,NULL,NULL,0,0,-0.8170015,0.5766356,NULL,HEADSET
2026-08-25T18:01:02.255Z,right,elbow_joint,-42.5,0,0,0,0,-0.8150432,0.5794002,NULL,HEADSET
2026-08-25T18:01:02.255Z,right,wrist_1_joint,-39.225,0,-10.915,0,0,-0.09312649,0.9956543,NULL,HEADSET
2026-08-25T18:01:02.255Z,right,wrist_2_joint,0,-9.465002,0,0,0.6436542,0,0.7653164,NULL,HEADSET
2026-08-25T18:01:02.255Z,right,wrist_3_joint,0,0,-8.23,0,0,0.9999897,0.004540162,NULL,HEADSET
2026-08-25T18:01:02.255Z,right,gripper,NULL,NULL,NULL,0,0,0,1,0.3391314,HEADSET
2026-08-25T18:01:02.273Z,right,endEffector,0.0307437,-0.01688802,0.5639247,0.6298755,0.002653211,-0.6658426,0.3998794,NULL,HEADSET
2026-08-25T18:01:02.273Z,right,base,0.5424685,-0.3672327,0.7176324,0.09654646,0.9586002,-0.201311,0.1767436,NULL,HEADSET
2026-08-25T18:01:02.273Z,right,shoulder_pan_joint,0,8.9159,0,0,0.03976042,0,0.9992093,NULL,HEADSET
2026-08-25T18:01:02.273Z,right,shoulder_lift_joint,NULL,NULL,NULL,0,0,-0.818017,0.5751941,NULL,HEADSET
2026-08-25T18:01:02.273Z,right,elbow_joint,-42.5,0,0,0,0,-0.8144146,0.5802835,NULL,HEADSET
2026-08-25T18:01:02.273Z,right,wrist_1_joint,-39.225,0,-10.915,0,0,-0.09236985,0.9957248,NULL,HEADSET
2026-08-25T18:01:02.273Z,right,wrist_2_joint,0,-9.465002,0,0,0.6438283,0,0.76517,NULL,HEADSET
2026-08-25T18:01:02.273Z,right,wrist_3_joint,0,0,-8.23,0,0,0.9999825,0.00592065,NULL,HEADSET
2026-08-25T18:01:02.273Z,right,gripper,NULL,NULL,NULL,0,0,0,1,0.3315981,HEADSET
2026-08-25T18:01:02.298Z,right,endEffector,0.03145044,-0.01696008,0.5636787,0.6289147,0.001543611,-0.6662059,0.4007913,NULL,HEADSET
2026-08-25T18:01:02.298Z,right,base,0.5437454,-0.3674727,0.71683,0.09684331,0.958661,-0.2016383,0.1758762,NULL,HEADSET
2026-08-25T18:01:02.298Z,right,shoulder_pan_joint,0,8.9159,0,0,0.03987761,0,0.9992046,NULL,HEADSET
2026-08-25T18:01:02.298Z,right,shoulder_lift_joint,NULL,NULL,NULL,0,0,-0.8199881,0.5723806,NULL,HEADSET
2026-08-25T18:01:02.298Z,right,elbow_joint,-42.5,0,0,0,0,-0.8130815,0.5821499,NULL,HEADSET
2026-08-25T18:01:02.298Z,right,wrist_1_joint,-39.225,0,-10.915,0,0,-0.09141463,0.995813,NULL,HEADSET
2026-08-25T18:01:02.298Z,right,wrist_2_joint,0,-9.465002,0,0,0.6442412,0,0.7648224,NULL,HEADSET
2026-08-25T18:01:02.298Z,right,wrist_3_joint,0,0,-8.23,0,0,0.9999598,0.008965793,NULL,HEADSET
2026-08-25T18:01:02.298Z,right,gripper,NULL,NULL,NULL,0,0,0,1,0.32691,HEADSET
2026-08-25T18:01:02.316Z,right,endEffector,0.03143981,-0.01742494,0.5626455,0.6273131,-0.0003276467,-0.6661816,0.4033363,NULL,HEADSET
2026-08-25T18:01:02.316Z,right,base,0.5455672,-0.3672926,0.7158015,0.09701695,0.9587317,-0.2021238,0.1748351,NULL,HEADSET
2026-08-25T18:01:02.316Z,right,shoulder_pan_joint,0,8.9159,0,0,0.03988662,0,0.9992042,NULL,HEADSET
2026-08-25T18:01:02.316Z,right,shoulder_lift_joint,NULL,NULL,NULL,0,0,-0.8203664,0.5718382,NULL,HEADSET
2026-08-25T18:01:02.316Z,right,elbow_joint,-42.5,0,0,0,0,-0.8128199,0.5825151,NULL,HEADSET
2026-08-25T18:01:02.316Z,right,wrist_1_joint,-39.225,0,-10.915,0,0,-0.09121894,0.9958309,NULL,HEADSET
2026-08-25T18:01:02.316Z,right,wrist_2_joint,0,-9.465002,0,0,0.6443061,0,0.7647678,NULL,HEADSET
2026-08-25T18:01:02.316Z,right,wrist_3_joint,0,0,-8.23,0,0,0.9999537,0.009626757,NULL,HEADSET
2026-08-25T18:01:02.316Z,right,gripper,NULL,NULL,NULL,0,0,0,1,0.3165123,HEADSET
2026-08-25T18:01:02.338Z,right,endEffector,0.03088263,-0.01780373,0.562187,0.6265001,-0.002250917,-0.6655631,0.4056087,NULL,HEADSET
2026-08-25T18:01:02.338Z,right,base,0.5459887,-0.3666308,0.7158678,0.09672581,0.9587261,-0.202197,0.1749419,NULL,HEADSET
2026-08-25T18:01:02.338Z,right,shoulder_pan_joint,0,8.9159,0,0,0.03969664,0,0.9992118,NULL,HEADSET
2026-08-25T18:01:02.338Z,right,shoulder_lift_joint,NULL,NULL,NULL,0,0,-0.8218294,0.5697337,NULL,HEADSET
2026-08-25T18:01:02.338Z,right,elbow_joint,-42.5,0,0,0,0,-0.8117488,0.5840068,NULL,HEADSET
2026-08-25T18:01:02.338Z,right,wrist_1_joint,-39.225,0,-10.915,0,0,-0.09067451,0.9958806,NULL,HEADSET
2026-08-25T18:01:02.338Z,right,wrist_2_joint,0,-9.465002,0,0,0.6443676,0,0.764716,NULL,HEADSET
2026-08-25T18:01:02.338Z,right,wrist_3_joint,0,0,-8.23,0,0,0.9999266,0.01211772,NULL,HEADSET
2026-08-25T18:01:02.338Z,right,gripper,NULL,NULL,NULL,0,0,0,1,0.3085093,HEADSET
2026-08-25T18:01:02.359Z,right,endEffector,0.02876116,-0.01881194,0.5615566,0.6255012,-0.003811657,-0.6639732,0.4097236,NULL,HEADSET
2026-08-25T18:01:02.359Z,right,base,0.545669,-0.3653555,0.7168385,0.09595528,0.9586527,-0.2018631,0.1761503,NULL,HEADSET
2026-08-25T18:01:02.359Z,right,shoulder_pan_joint,0,8.9159,0,0,0.03952553,0,0.9992186,NULL,HEADSET
2026-08-25T18:01:02.359Z,right,shoulder_lift_joint,NULL,NULL,NULL,0,0,-0.8225768,0.5686541,NULL,HEADSET
2026-08-25T18:01:02.359Z,right,elbow_joint,-42.5,0,0,0,0,-0.8112189,0.5847426,NULL,HEADSET
2026-08-25T18:01:02.359Z,right,wrist_1_joint,-39.225,0,-10.915,0,0,-0.09037663,0.9959077,NULL,HEADSET
2026-08-25T18:01:02.359Z,right,wrist_2_joint,0,-9.465002,0,0,0.6443065,0,0.7647674,NULL,HEADSET
2026-08-25T18:01:02.359Z,right,wrist_3_joint,0,0,-8.23,0,0,0.9999077,0.01358491,NULL,HEADSET
2026-08-25T18:01:02.359Z,right,gripper,NULL,NULL,NULL,0,0,0,1,0.3009759,HEADSET
2026-08-25T18:01:02.382Z,right,endEffector,0.02669801,-0.0194364,0.5609474,0.625205,-0.00682357,-0.6627758,0.4120685,NULL,HEADSET
2026-08-25T18:01:02.382Z,right,base,0.5437635,-0.3656041,0.7181053,0.09618345,0.9584786,-0.2013398,0.1775667,NULL,HEADSET
2026-08-25T18:01:02.382Z,right,shoulder_pan_joint,0,8.9159,0,0,0.03907462,0,0.9992363,NULL,HEADSET
2026-08-25T18:01:02.382Z,right,shoulder_lift_joint,NULL,NULL,NULL,0,0,-0.8238928,0.5667456,NULL,HEADSET
2026-08-25T18:01:02.382Z,right,elbow_joint,-42.5,0,0,0,0,-0.8103076,0.5860049,NULL,HEADSET
2026-08-25T18:01:02.382Z,right,wrist_1_joint,-39.225,0,-10.915,0,0,-0.09006176,0.9959362,NULL,HEADSET
2026-08-25T18:01:02.382Z,right,wrist_2_joint,0,-9.465002,0,0,0.6439639,0,0.765056,NULL,HEADSET
2026-08-25T18:01:02.382Z,right,wrist_3_joint,0,0,-8.23,0,0,0.9998673,0.01629481,NULL,HEADSET
2026-08-25T18:01:02.382Z,right,gripper,NULL,NULL,NULL,0,0,0,1,0.2936965,HEADSET
2026-08-25T18:01:02.400Z,right,endEffector,0.02089572,-0.02190684,0.5592439,0.6264017,-0.00734669,-0.6596435,0.4152558,NULL,HEADSET
2026-08-25T18:01:02.400Z,right,base,0.5394099,-0.3666197,0.7206088,0.09682303,0.9580966,-0.2002442,0.1804953,NULL,HEADSET
2026-08-25T18:01:02.400Z,right,shoulder_pan_joint,0,8.9159,0,0,0.03883274,0,0.9992457,NULL,HEADSET
2026-08-25T18:01:02.400Z,right,shoulder_lift_joint,NULL,NULL,NULL,0,0,-0.82438,0.5660369,NULL,HEADSET
2026-08-25T18:01:02.400Z,right,elbow_joint,-42.5,0,0,0,0,-0.8099555,0.5864914,NULL,HEADSET
2026-08-25T18:01:02.400Z,right,wrist_1_joint,-39.225,0,-10.915,0,0,-0.08995597,0.9959458,NULL,HEADSET
2026-08-25T18:01:02.400Z,right,wrist_2_joint,0,-9.465002,0,0,0.6437073,0,0.7652719,NULL,HEADSET
2026-08-25T18:01:02.400Z,right,wrist_3_joint,0,0,-8.23,0,0,0.9998463,0.01753309,NULL,HEADSET
2026-08-25T18:01:02.400Z,right,gripper,NULL,NULL,NULL,0,0,0,1,0.2936963,HEADSET
2026-08-25T18:01:02.422Z,right,endEffector,0.01892786,-0.02138494,0.558329,0.6252638,-0.01452145,-0.6587624,0.4181704,NULL,HEADSET
2026-08-25T18:01:02.422Z,right,base,0.5367866,-0.3659079,0.7226778,0.09686651,0.9577726,-0.1999195,0.1825398,NULL,HEADSET
2026-08-25T18:01:02.422Z,right,shoulder_pan_joint,0,8.9159,0,0,0.03779255,0,0.9992856,NULL,HEADSET
2026-08-25T18:01:02.422Z,right,shoulder_lift_joint,NULL,NULL,NULL,0,0,-0.8260702,0.5635673,NULL,HEADSET
2026-08-25T18:01:02.422Z,right,elbow_joint,-42.5,0,0,0,0,-0.8086106,0.5883443,NULL,HEADSET
2026-08-25T18:01:02.422Z,right,wrist_1_joint,-39.225,0,-10.915,0,0,-0.09014972,0.9959282,NULL,HEADSET
2026-08-25T18:01:02.422Z,right,wrist_2_joint,0,-9.465002,0,0,0.6429029,0,0.7659478,NULL,HEADSET
2026-08-25T18:01:02.422Z,right,wrist_3_joint,0,0,-8.23,0,0,0.9997787,0.02103457,NULL,HEADSET
2026-08-25T18:01:02.422Z,right,gripper,NULL,NULL,NULL,0,0,0,1,0.2723047,HEADSET
2026-08-25T18:01:02.441Z,right,endEffector,0.01375398,-0.02079274,0.5565069,0.6259788,-0.01843315,-0.6555889,0.4219171,NULL,HEADSET
2026-08-25T18:01:02.441Z,right,base,0.5315612,-0.3637186,0.7271829,0.09687155,0.9569743,-0.2000213,0.1865681,NULL,HEADSET
2026-08-25T18:01:02.441Z,right,shoulder_pan_joint,0,8.9159,0,0,0.03765186,0,0.9992909,NULL,HEADSET
2026-08-25T18:01:02.441Z,right,shoulder_lift_joint,NULL,NULL,NULL,0,0,-0.826204,0.5633711,NULL,HEADSET
2026-08-25T18:01:02.441Z,right,elbow_joint,-42.5,0,0,0,0,-0.8084968,0.5885006,NULL,HEADSET
2026-08-25T18:01:02.441Z,right,wrist_1_joint,-39.225,0,-10.915,0,0,-0.09014026,0.9959291,NULL,HEADSET
2026-08-25T18:01:02.441Z,right,wrist_2_joint,0,-9.465002,0,0,0.6427255,0,0.7660965,NULL,HEADSET
2026-08-25T18:01:02.441Z,right,wrist_3_joint,0,0,-8.23,0,0,0.9997688,0.02150338,NULL,HEADSET
2026-08-25T18:01:02.441Z,right,gripper,NULL,NULL,NULL,0,0,0,1,0.2644116,HEADSET
2026-08-25T18:01:02.464Z,right,endEffector,0.01134368,-0.02013317,0.5555592,0.6253994,-0.02168354,-0.6542957,0.4246202,NULL,HEADSET
2026-08-25T18:01:02.464Z,right,base,0.5289936,-0.3619714,0.7298102,0.09653149,0.9565092,-0.2002928,0.1888243,NULL,HEADSET
2026-08-25T18:01:02.464Z,right,shoulder_pan_joint,0,8.9159,0,0,0.03651499,0,0.9993331,NULL,HEADSET
2026-08-25T18:01:02.464Z,right,shoulder_lift_joint,NULL,NULL,NULL,0,0,-0.8270154,0.5621793,NULL,HEADSET
2026-08-25T18:01:02.464Z,right,elbow_joint,-42.5,0,0,0,0,-0.807737,0.589543,NULL,HEADSET
2026-08-25T18:01:02.464Z,right,wrist_1_joint,-39.225,0,-10.915,0,0,-0.09026418,0.9959179,NULL,HEADSET
2026-08-25T18:01:02.464Z,right,wrist_2_joint,0,-9.465002,0,0,0.6414601,0,0.7671564,NULL,HEADSET
2026-08-25T18:01:02.464Z,right,wrist_3_joint,0,0,-8.23,0,0,0.9997025,0.0243941,NULL,HEADSET
2026-08-25T18:01:02.464Z,right,gripper,NULL,NULL,NULL,0,0,0,1,0.2572727,HEADSET
2026-08-25T18:01:02.485Z,right,endEffector,0.006428182,-0.0194892,0.553192,0.6254494,-0.02378694,-0.6522139,0.4276266,NULL,HEADSET
2026-08-25T18:01:02.485Z,right,base,0.5238702,-0.3595904,0.7341537,0.09651349,0.9556462,-0.2006941,0.1927366,NULL,HEADSET
2026-08-25T18:01:02.485Z,right,shoulder_pan_joint,0,8.9159,0,0,0.03592435,0,0.9993545,NULL,HEADSET
2026-08-25T18:01:02.485Z,right,shoulder_lift_joint,NULL,NULL,NULL,0,0,-0.8273443,0.5616951,NULL,HEADSET
2026-08-25T18:01:02.485Z,right,elbow_joint,-42.5,0,0,0,0,-0.8074079,0.5899936,NULL,HEADSET
2026-08-25T18:01:02.485Z,right,wrist_1_joint,-39.225,0,-10.915,0,0,-0.09035099,0.99591,NULL,HEADSET
2026-08-25T18:01:02.485Z,right,wrist_2_joint,0,-9.465002,0,0,0.6407359,0,0.7677613,NULL,HEADSET
2026-08-25T18:01:02.485Z,right,wrist_3_joint,0,0,-8.23,0,0,0.9996667,0.02581777,NULL,HEADSET
2026-08-25T18:01:02.485Z,right,gripper,NULL,NULL,NULL,0,0,0,1,0.2513291,HEADSET
2026-08-25T18:01:02.511Z,right,endEffector,0.004394919,-0.01892766,0.5521846,0.6247098,-0.02758938,-0.6511403,0.430108,NULL,HEADSET
2026-08-25T18:01:02.511Z,right,base,0.5212702,-0.3582633,0.7364619,0.09657006,0.9551652,-0.2010913,0.1946691,NULL,HEADSET
2026-08-25T18:01:02.511Z,right,shoulder_pan_joint,0,8.9159,0,0,0.03406765,0,0.9994195,NULL,HEADSET
2026-08-25T18:01:02.511Z,right,shoulder_lift_joint,NULL,NULL,NULL,0,0,-0.8281632,0.5604871,NULL,HEADSET
2026-08-25T18:01:02.511Z,right,elbow_joint,-42.5,0,0,0,0,-0.8064948,0.5912412,NULL,HEADSET
2026-08-25T18:01:02.511Z,right,wrist_1_joint,-39.225,0,-10.915,0,0,-0.09092358,0.9958579,NULL,HEADSET
2026-08-25T18:01:02.511Z,right,wrist_2_joint,0,-9.465002,0,0,0.638639,0,0.7695065,NULL,HEADSET
2026-08-25T18:01:02.511Z,right,wrist_3_joint,0,0,-8.23,0,0,0.9995776,0.02906347,NULL,HEADSET
2026-08-25T18:01:02.511Z,right,gripper,NULL,NULL,NULL,0,0,0,1,0.2417086,HEADSET
2026-08-25T18:01:02.524Z,right,endEffector,-0.0002556518,-0.01853064,0.5508474,0.6244869,-0.02977667,-0.6484175,0.4343781,NULL,HEADSET
2026-08-25T18:01:02.524Z,right,base,0.5163268,-0.3557342,0.7406178,0.09675843,0.9542548,-0.2017875,0.1982863,NULL,HEADSET
2026-08-25T18:01:02.524Z,right,shoulder_pan_joint,0,8.9159,0,0,0.03338979,0,0.9994424,NULL,HEADSET
2026-08-25T18:01:02.524Z,right,shoulder_lift_joint,NULL,NULL,NULL,0,0,-0.8283942,0.5601456,NULL,HEADSET
2026-08-25T18:01:02.524Z,right,elbow_joint,-42.5,0,0,0,0,-0.8062304,0.5916017,NULL,HEADSET
2026-08-25T18:01:02.524Z,right,wrist_1_joint,-39.225,0,-10.915,0,0,-0.09112918,0.9958391,NULL,HEADSET
2026-08-25T18:01:02.524Z,right,wrist_2_joint,0,-9.465002,0,0,0.6377857,0,0.7702139,NULL,HEADSET
2026-08-25T18:01:02.524Z,right,wrist_3_joint,0,0,-8.23,0,0,0.9995418,0.03027062,NULL,HEADSET
2026-08-25T18:01:02.524Z,right,gripper,NULL,NULL,NULL,0,0,0,1,0.2394036,HEADSET
2026-08-25T18:01:02.547Z,right,endEffector,-0.002033472,-0.01860015,0.5505132,0.624093,-0.03130075,-0.6478112,0.4357396,NULL,HEADSET
2026-08-25T18:01:02.547Z,right,base,0.5141099,-0.3548437,0.7424299,0.09737985,0.9537627,-0.2025657,0.1995529,NULL,HEADSET
2026-08-25T18:01:02.547Z,right,shoulder_pan_joint,0,8.9159,0,0,0.03197497,0,0.9994887,NULL,HEADSET
2026-08-25T18:01:02.547Z,right,shoulder_lift_joint,NULL,NULL,NULL,0,0,-0.8289362,0.5593432,NULL,HEADSET
2026-08-25T18:01:02.547Z,right,elbow_joint,-42.5,0,0,0,0,-0.8057032,0.5923195,NULL,HEADSET
2026-08-25T18:01:02.547Z,right,wrist_1_joint,-39.225,0,-10.915,0,0,-0.09182584,0.9957751,NULL,HEADSET
2026-08-25T18:01:02.547Z,right,wrist_2_joint,0,-9.465002,0,0,0.6360345,0,0.7716606,NULL,HEADSET
2026-08-25T18:01:02.547Z,right,wrist_3_joint,0,0,-8.23,0,0,0.999469,0.03258496,NULL,HEADSET
2026-08-25T18:01:02.547Z,right,gripper,NULL,NULL,NULL,0,0,0,1,0.2368603,HEADSET
2026-08-25T18:01:02.567Z,right,endEffector,-0.00501056,-0.01901069,0.5493253,0.623724,-0.03276284,-0.6462882,0.4384138,NULL,HEADSET
2026-08-25T18:01:02.567Z,right,base,0.5105349,-0.3539886,0.7452012,0.09838733,0.9530023,-0.2036753,0.2015515,NULL,HEADSET
2026-08-25T18:01:02.567Z,right,shoulder_pan_joint,0,8.9159,0,0,0.03132594,0,0.9995092,NULL,HEADSET
2026-08-25T18:01:02.567Z,right,shoulder_lift_joint,NULL,NULL,NULL,0,0,-0.8292176,0.5589261,NULL,HEADSET
2026-08-25T18:01:02.567Z,right,elbow_joint,-42.5,0,0,0,0,-0.8055022,0.5925928,NULL,HEADSET
2026-08-25T18:01:02.567Z,right,wrist_1_joint,-39.225,0,-10.915,0,0,-0.0921559,0.9957446,NULL,HEADSET
2026-08-25T18:01:02.567Z,right,wrist_2_joint,0,-9.465002,0,0,0.6351934,0,0.7723531,NULL,HEADSET
2026-08-25T18:01:02.567Z,right,wrist_3_joint,0,0,-8.23,0,0,0.9994346,0.03362381,NULL,HEADSET
2026-08-25T18:01:02.567Z,right,gripper,NULL,NULL,NULL,0,0,0,1,0.2360629,HEADSET
2026-08-25T18:01:02.589Z,right,endEffector,-0.006123245,-0.01947267,0.5480617,0.6230462,-0.03331441,-0.6454944,0.4405007,NULL,HEADSET
2026-08-25T18:01:02.589Z,right,base,0.5093229,-0.3533175,0.7463007,0.09845637,0.9527293,-0.2039775,0.2025002,NULL,HEADSET
2026-08-25T18:01:02.589Z,right,shoulder_pan_joint,0,8.9159,0,0,0.02976693,0,0.9995569,NULL,HEADSET
2026-08-25T18:01:02.589Z,right,shoulder_lift_joint,NULL,NULL,NULL,0,0,-0.8299441,0.5578465,NULL,HEADSET
2026-08-25T18:01:02.589Z,right,elbow_joint,-42.5,0,0,0,0,-0.805058,0.5931961,NULL,HEADSET
2026-08-25T18:01:02.589Z,right,wrist_1_joint,-39.225,0,-10.915,0,0,-0.09311747,0.9956551,NULL,HEADSET
2026-08-25T18:01:02.589Z,right,wrist_2_joint,0,-9.465002,0,0,0.633334,0,0.7738785,NULL,HEADSET
2026-08-25T18:01:02.589Z,right,wrist_3_joint,0,0,-8.23,0,0,0.9993603,0.03576439,NULL,HEADSET
2026-08-25T18:01:02.589Z,right,gripper,NULL,NULL,NULL,0,0,0,1,0.2317426,HEADSET
2026-08-25T18:01:02.609Z,right,endEffector,-0.007014103,-0.02050161,0.5460216,0.6213447,-0.03083111,-0.6446114,0.4443609,NULL,HEADSET
2026-08-25T18:01:02.609Z,right,base,0.5087295,-0.3526513,0.7470106,0.09834978,0.9525616,-0.2038779,0.2034396,NULL,HEADSET
2026-08-25T18:01:02.609Z,right,shoulder_pan_joint,0,8.9159,0,0,0.02865646,0,0.9995893,NULL,HEADSET
2026-08-25T18:01:02.609Z,right,shoulder_lift_joint,NULL,NULL,NULL,0,0,-0.830377,0.557202,NULL,HEADSET
2026-08-25T18:01:02.609Z,right,elbow_joint,-42.5,0,0,0,0,-0.8047913,0.593558,NULL,HEADSET
2026-08-25T18:01:02.609Z,right,wrist_1_joint,-39.225,0,-10.915,0,0,-0.09387055,0.9955844,NULL,HEADSET
2026-08-25T18:01:02.609Z,right,wrist_2_joint,0,-9.465002,0,0,0.6320632,0,0.7749168,NULL,HEADSET
2026-08-25T18:01:02.609Z,right,wrist_3_joint,0,0,-8.23,0,0,0.9993126,0.03707143,NULL,HEADSET
2026-08-25T18:01:02.609Z,right,gripper,NULL,NULL,NULL,0,0,0,1,0.2317427,HEADSET
2026-08-25T18:01:02.631Z,right,endEffector,-0.00701303,-0.02080515,0.5453689,0.6209588,-0.03059856,-0.6444226,0.4451894,NULL,HEADSET
2026-08-25T18:01:02.631Z,right,base,0.50871,-0.3525403,0.7470289,0.09849437,0.9525082,-0.2040206,0.2034767,NULL,HEADSET
2026-08-25T18:01:02.631Z,right,shoulder_pan_joint,0,8.9159,0,0,0.02694081,0,0.9996371,NULL,HEADSET
2026-08-25T18:01:02.631Z,right,shoulder_lift_joint,NULL,NULL,NULL,0,0,-0.8309162,0.5563976,NULL,HEADSET
2026-08-25T18:01:02.631Z,right,elbow_joint,-42.5,0,0,0,0,-0.804391,0.5941004,NULL,HEADSET
2026-08-25T18:01:02.631Z,right,wrist_1_joint,-39.225,0,-10.915,0,0,-0.09552287,0.9954273,NULL,HEADSET
2026-08-25T18:01:02.631Z,right,wrist_2_joint,0,-9.465002,0,0,0.6303419,0,0.7763177,NULL,HEADSET
2026-08-25T18:01:02.631Z,right,wrist_3_joint,0,0,-8.23,0,0,0.9992608,0.03844219,NULL,HEADSET
2026-08-25T18:01:02.631Z,right,gripper,NULL,NULL,NULL,0,0,0,1,0.2296605,HEADSET
2026-08-25T18:01:02.651Z,right,endEffector,-0.007812291,-0.02171431,0.5436335,0.6200684,-0.0296701,-0.6435879,0.4476938,NULL,HEADSET
2026-08-25T18:01:02.651Z,right,base,0.5085034,-0.3514126,0.7473059,0.09792571,0.9524032,-0.2042141,0.2040477,NULL,HEADSET
2026-08-25T18:01:02.651Z,right,shoulder_pan_joint,0,8.9159,0,0,0.02627903,0,0.9996547,NULL,HEADSET
2026-08-25T18:01:02.651Z,right,shoulder_lift_joint,NULL,NULL,NULL,0,0,-0.8311074,0.5561119,NULL,HEADSET
2026-08-25T18:01:02.651Z,right,elbow_joint,-42.5,0,0,0,0,-0.8042488,0.5942928,NULL,HEADSET
2026-08-25T18:01:02.651Z,right,wrist_1_joint,-39.225,0,-10.915,0,0,-0.0962138,0.9953607,NULL,HEADSET
2026-08-25T18:01:02.651Z,right,wrist_2_joint,0,-9.465002,0,0,0.6296674,0,0.7768648,NULL,HEADSET
2026-08-25T18:01:02.651Z,right,wrist_3_joint,0,0,-8.23,0,0,0.9992419,0.03893204,NULL,HEADSET
2026-08-25T18:01:02.651Z,right,gripper,NULL,NULL,NULL,0,0,0,1,0.2263044,HEADSET
2026-08-25T18:01:02.672Z,right,endEffector,-0.008819751,-0.02184136,0.5427691,0.6198884,-0.02898812,-0.6424977,0.4495495,NULL,HEADSET
2026-08-25T18:01:02.672Z,right,base,0.5077974,-0.3504133,0.7479739,0.0974721,0.9522718,-0.2041793,0.2049109,NULL,HEADSET
2026-08-25T18:01:02.672Z,right,shoulder_pan_joint,0,8.9159,0,0,0.02483721,0,0.9996915,NULL,HEADSET
2026-08-25T18:01:02.672Z,right,shoulder_lift_joint,NULL,NULL,NULL,0,0,-0.8315013,0.5555227,NULL,HEADSET
2026-08-25T18:01:02.672Z,right,elbow_joint,-42.5,0,0,0,0,-0.8039647,0.594677,NULL,HEADSET
2026-08-25T18:01:02.672Z,right,wrist_1_joint,-39.225,0,-10.915,0,0,-0.0977293,0.9952131,NULL,HEADSET
2026-08-25T18:01:02.672Z,right,wrist_2_joint,0,-9.465002,0,0,0.6283541,0,0.7779275,NULL,HEADSET
2026-08-25T18:01:02.672Z,right,wrist_3_joint,0,0,-8.23,0,0,0.9992117,0.03969979,NULL,HEADSET
2026-08-25T18:01:02.672Z,right,gripper,NULL,NULL,NULL,0,0,0,1,0.2249742,HEADSET
2026-08-25T18:01:02.691Z,right,endEffector,-0.01245368,-0.02201082,0.5422625,0.6207055,-0.02709368,-0.6397944,0.4523869,NULL,HEADSET
2026-08-25T18:01:02.691Z,right,base,0.5039399,-0.3489562,0.7508439,0.0973656,0.9516647,-0.2042234,0.2077183,NULL,HEADSET
2026-08-25T18:01:02.691Z,right,shoulder_pan_joint,0,8.9159,0,0,0.02417204,0,0.9997078,NULL,HEADSET
2026-08-25T18:01:02.691Z,right,shoulder_lift_joint,NULL,NULL,NULL,0,0,-0.831673,0.5552657,NULL,HEADSET
2026-08-25T18:01:02.691Z,right,elbow_joint,-42.5,0,0,0,0,-0.8038183,0.5948749,NULL,HEADSET
2026-08-25T18:01:02.691Z,right,wrist_1_joint,-39.225,0,-10.915,0,0,-0.09853087,0.995134,NULL,HEADSET
2026-08-25T18:01:02.691Z,right,wrist_2_joint,0,-9.465002,0,0,0.6277449,0,0.7784192,NULL,HEADSET
2026-08-25T18:01:02.691Z,right,wrist_3_joint,0,0,-8.23,0,0,0.9991986,0.04002704,NULL,HEADSET
2026-08-25T18:01:02.691Z,right,gripper,NULL,NULL,NULL,0,0,0,1,0.2221199,HEADSET
2026-08-25T18:01:02.715Z,right,endEffector,-0.01459558,-0.0227824,0.5418137,0.6215185,-0.0265698,-0.6381004,0.4536923,NULL,HEADSET
2026-08-25T18:01:02.715Z,right,base,0.5013913,-0.3489547,0.7524631,0.09756564,0.9513285,-0.2039946,0.2093832,NULL,HEADSET
2026-08-25T18:01:02.715Z,right,shoulder_pan_joint,0,8.9159,0,0,0.02355933,0,0.9997225,NULL,HEADSET
2026-08-25T18:01:02.715Z,right,shoulder_lift_joint,NULL,NULL,NULL,0,0,-0.8318664,0.5549759,NULL,HEADSET
2026-08-25T18:01:02.715Z,right,elbow_joint,-42.5,0,0,0,0,-0.803652,0.5950995,NULL,HEADSET
2026-08-25T18:01:02.715Z,right,wrist_1_joint,-39.225,0,-10.915,0,0,-0.0995122,0.9950364,NULL,HEADSET
2026-08-25T18:01:02.715Z,right,wrist_2_joint,0,-9.465002,0,0,0.627225,0,0.7788381,NULL,HEADSET
2026-08-25T18:01:02.715Z,right,wrist_3_joint,0,0,-8.23,0,0,0.999189,0.04026659,NULL,HEADSET
2026-08-25T18:01:02.715Z,right,gripper,NULL,NULL,NULL,0,0,0,1,0.2210449,HEADSET
2026-08-25T18:01:02.734Z,right,endEffector,-0.02027342,-0.02493414,0.5406219,0.6232367,-0.0253323,-0.6340092,0.4571289,NULL,HEADSET
2026-08-25T18:01:02.734Z,right,base,0.4947197,-0.3504553,0.7556878,0.0983078,0.950676,-0.202373,0.213532,NULL,HEADSET
2026-08-25T18:01:02.734Z,right,shoulder_pan_joint,0,8.9159,0,0,0.02297517,0,0.9997361,NULL,HEADSET
2026-08-25T18:01:02.734Z,right,shoulder_lift_joint,NULL,NULL,NULL,0,0,-0.8320535,0.5546955,NULL,HEADSET
2026-08-25T18:01:02.734Z,right,elbow_joint,-42.5,0,0,0,0,-0.8034964,0.5953097,NULL,HEADSET
2026-08-25T18:01:02.734Z,right,wrist_1_joint,-39.225,0,-10.915,0,0,-0.100535,0.9949335,NULL,HEADSET
2026-08-25T18:01:02.734Z,right,wrist_2_joint,0,-9.465002,0,0,0.6267591,0,0.7792131,NULL,HEADSET
2026-08-25T18:01:02.734Z,right,wrist_3_joint,0,0,-8.23,0,0,0.999181,0.04046574,NULL,HEADSET
2026-08-25T18:01:02.734Z,right,gripper,NULL,NULL,NULL,0,0,0,1,0.2195901,HEADSET
2026-08-25T18:01:02.756Z,right,endEffector,-0.02376704,-0.0259268,0.5399108,0.6242467,-0.02497137,-0.6318762,0.458721,NULL,HEADSET
2026-08-25T18:01:02.756Z,right,base,0.4906442,-0.3509803,0.757722,0.0989264,0.9502212,-0.2016551,0.215936,NULL,HEADSET
2026-08-25T18:01:02.756Z,right,shoulder_pan_joint,0,8.9159,0,0,0.0222132,0,0.9997533,NULL,HEADSET
2026-08-25T18:01:02.756Z,right,shoulder_lift_joint,NULL,NULL,NULL,0,0,-0.8323165,0.5543008,NULL,HEADSET
2026-08-25T18:01:02.756Z,right,elbow_joint,-42.5,0,0,0,0,-0.8032222,0.5956795,NULL,HEADSET
2026-08-25T18:01:02.756Z,right,wrist_1_joint,-39.225,0,-10.915,0,0,-0.1022306,0.9947608,NULL,HEADSET
2026-08-25T18:01:02.756Z,right,wrist_2_joint,0,-9.465002,0,0,0.6261892,0,0.7796711,NULL,HEADSET
2026-08-25T18:01:02.756Z,right,wrist_3_joint,0,0,-8.23,0,0,0.9991684,0.04077343,NULL,HEADSET
2026-08-25T18:01:02.756Z,right,gripper,NULL,NULL,NULL,0,0,0,1,0.2187067,HEADSET
2026-08-25T18:01:02.774Z,right,endEffector,-0.03050936,-0.02527778,0.5392571,0.6269213,-0.02713899,-0.6282602,0.4599157,NULL,HEADSET
2026-08-25T18:01:02.774Z,right,base,0.4814094,-0.3504217,0.7634638,0.1009247,0.9487734,-0.2020057,0.2209907,NULL,HEADSET
2026-08-25T18:01:02.774Z,right,shoulder_pan_joint,0,8.9159,0,0,0.02167497,0,0.9997651,NULL,HEADSET
2026-08-25T18:01:02.774Z,right,shoulder_lift_joint,NULL,NULL,NULL,0,0,-0.832527,0.5539845,NULL,HEADSET
2026-08-25T18:01:02.774Z,right,elbow_joint,-42.5,0,0,0,0,-0.8029954,0.5959852,NULL,HEADSET
2026-08-25T18:01:02.774Z,right,wrist_1_joint,-39.225,0,-10.915,0,0,-0.1035689,0.9946223,NULL,HEADSET
2026-08-25T18:01:02.774Z,right,wrist_2_joint,0,-9.465002,0,0,0.6257923,0,0.7799897,NULL,HEADSET
2026-08-25T18:01:02.774Z,right,wrist_3_joint,0,0,-8.23,0,0,0.9991599,0.0409822,NULL,HEADSET
2026-08-25T18:01:02.774Z,right,gripper,NULL,NULL,NULL,0,0,0,1,0.2171701,HEADSET
2026-08-25T18:01:02.799Z,right,endEffector,-0.03350229,-0.02457127,0.5390123,0.6264442,-0.02782739,-0.6270124,0.4622217,NULL,HEADSET
2026-08-25T18:01:02.799Z,right,base,0.477727,-0.3491815,0.7663735,0.1016316,0.9480044,-0.2030384,0.2230118,NULL,HEADSET
2026-08-25T18:01:02.799Z,right,shoulder_pan_joint,0,8.9159,0,0,0.02101791,0,0.9997791,NULL,HEADSET
2026-08-25T18:01:02.799Z,right,shoulder_lift_joint,NULL,NULL,NULL,0,0,-0.8328385,0.5535161,NULL,HEADSET
2026-08-25T18:01:02.799Z,right,elbow_joint,-42.5,0,0,0,0,-0.8026623,0.5964339,NULL,HEADSET
2026-08-25T18:01:02.799Z,right,wrist_1_joint,-39.225,0,-10.915,0,0,-0.1054059,0.9944293,NULL,HEADSET
2026-08-25T18:01:02.799Z,right,wrist_2_joint,0,-9.465002,0,0,0.6253401,0,0.7803524,NULL,HEADSET
2026-08-25T18:01:02.799Z,right,wrist_3_joint,0,0,-8.23,0,0,0.9991505,0.04120964,NULL,HEADSET
2026-08-25T18:01:02.799Z,right,gripper,NULL,NULL,NULL,0,0,0,1,0.2156872,HEADSET
2026-08-25T18:01:02.817Z,right,endEffector,-0.03875428,-0.02516253,0.5387426,0.625569,-0.02728493,-0.6249673,0.4661917,NULL,HEADSET
2026-08-25T18:01:02.817Z,right,base,0.4727974,-0.3475336,0.7700213,0.1017029,0.9471089,-0.2034934,0.2263443,NULL,HEADSET
2026-08-25T18:01:02.817Z,right,shoulder_pan_joint,0,8.9159,0,0,0.02057372,0,0.9997883,NULL,HEADSET
2026-08-25T18:01:02.817Z,right,shoulder_lift_joint,NULL,NULL,NULL,0,0,-0.8330849,0.5531451,NULL,HEADSET
2026-08-25T18:01:02.817Z,right,elbow_joint,-42.5,0,0,0,0,-0.8023873,0.5968037,NULL,HEADSET
2026-08-25T18:01:02.817Z,right,wrist_1_joint,-39.225,0,-10.915,0,0,-0.1068603,0.9942741,NULL,HEADSET
2026-08-25T18:01:02.817Z,right,wrist_2_joint,0,-9.465002,0,0,0.6250064,0,0.7806196,NULL,HEADSET
2026-08-25T18:01:02.817Z,right,wrist_3_joint,0,0,-8.23,0,0,0.9991446,0.04135342,NULL,HEADSET
2026-08-25T18:01:02.817Z,right,gripper,NULL,NULL,NULL,0,0,0,1,0.2143141,HEADSET
2026-08-25T18:01:02.839Z,right,endEffector,-0.04095351,-0.02655922,0.5389503,0.6254658,-0.02665852,-0.6238743,0.467828,NULL,HEADSET
2026-08-25T18:01:02.839Z,right,base,0.4711492,-0.3474985,0.7708775,0.1017317,0.9468923,-0.2031589,0.2275349,NULL,HEADSET
2026-08-25T18:01:02.839Z,right,shoulder_pan_joint,0,8.9159,0,0,0.01984498,0,0.9998031,NULL,HEADSET
2026-08-25T18:01:02.839Z,right,shoulder_lift_joint,NULL,NULL,NULL,0,0,-0.8337473,0.5521463,NULL,HEADSET
2026-08-25T18:01:02.839Z,right,elbow_joint,-42.5,0,0,0,0,-0.8017176,0.597703,NULL,HEADSET
2026-08-25T18:01:02.839Z,right,wrist_1_joint,-39.225,0,-10.915,0,0,-0.110031,0.9939282,NULL,HEADSET
2026-08-25T18:01:02.839Z,right,wrist_2_joint,0,-9.465002,0,0,0.6242969,0,0.7811872,NULL,HEADSET
2026-08-25T18:01:02.839Z,right,wrist_3_joint,0,0,-8.23,0,0,0.9991364,0.04155057,NULL,HEADSET
2026-08-25T18:01:02.839Z,right,gripper,NULL,NULL,NULL,0,0,0,1,0.2121699,HEADSET
2026-08-25T18:01:02.859Z,right,endEffector,-0.0438311,-0.02651326,0.5386574,0.6263051,-0.02598455,-0.6218019,0.4694989,NULL,HEADSET
2026-08-25T18:01:02.859Z,right,base,0.468483,-0.3457015,0.7726485,0.1015695,0.9463814,-0.2032439,0.2296474,NULL,HEADSET
2026-08-25T18:01:02.859Z,right,shoulder_pan_joint,0,8.9159,0,0,0.01941631,0,0.9998115,NULL,HEADSET
2026-08-25T18:01:02.859Z,right,shoulder_lift_joint,NULL,NULL,NULL,0,0,-0.8343101,0.5512955,NULL,HEADSET
2026-08-25T18:01:02.859Z,right,elbow_joint,-42.5,0,0,0,0,-0.8012325,0.5983532,NULL,HEADSET
2026-08-25T18:01:02.859Z,right,wrist_1_joint,-39.225,0,-10.915,0,0,-0.1125189,0.9936496,NULL,HEADSET
2026-08-25T18:01:02.859Z,right,wrist_2_joint,0,-9.465002,0,0,0.623768,0,0.7816096,NULL,HEADSET
2026-08-25T18:01:02.859Z,right,wrist_3_joint,0,0,-8.23,0,0,0.9991307,0.04168893,NULL,HEADSET
2026-08-25T18:01:02.859Z,right,gripper,NULL,NULL,NULL,0,0,0,1,0.207571,HEADSET
2026-08-25T18:01:02.881Z,right,endEffector,-0.04446746,-0.02539454,0.538377,0.6259114,-0.02645881,-0.621416,0.4705072,NULL,HEADSET
2026-08-25T18:01:02.881Z,right,base,0.4676796,-0.3442407,0.7736639,0.101726,0.9460374,-0.2042039,0.2301436,NULL,HEADSET
2026-08-25T18:01:02.881Z,right,shoulder_pan_joint,0,8.9159,0,0,0.01917138,0,0.9998162,NULL,HEADSET
2026-08-25T18:01:02.881Z,right,shoulder_lift_joint,NULL,NULL,NULL,0,0,-0.8347756,0.5505903,NULL,HEADSET
2026-08-25T18:01:02.881Z,right,elbow_joint,-42.5,0,0,0,0,-0.8008655,0.5988443,NULL,HEADSET
2026-08-25T18:01:02.881Z,right,wrist_1_joint,-39.225,0,-10.915,0,0,-0.1144365,0.9934306,NULL,HEADSET
2026-08-25T18:01:02.881Z,right,wrist_2_joint,0,-9.465002,0,0,0.62345,0,0.7818632,NULL,HEADSET
2026-08-25T18:01:02.881Z,right,wrist_3_joint,0,0,-8.23,0,0,0.9991285,0.04173959,NULL,HEADSET
2026-08-25T18:01:02.881Z,right,gripper,NULL,NULL,NULL,0,0,0,1,0.2050293,HEADSET
2026-08-25T18:01:02.900Z,right,endEffector,-0.04540879,-0.02426608,0.5376838,0.6244566,-0.02691157,-0.6209729,0.4729933,NULL,HEADSET
2026-08-25T18:01:02.900Z,right,base,0.4669246,-0.3424833,0.7747613,0.102238,0.9455531,-0.2057608,0.2305198,NULL,HEADSET
2026-08-25T18:01:02.900Z,right,shoulder_pan_joint,0,8.9159,0,0,0.01905503,0,0.9998184,NULL,HEADSET
2026-08-25T18:01:02.900Z,right,shoulder_lift_joint,NULL,NULL,NULL,0,0,-0.8349857,0.5502717,NULL,HEADSET
2026-08-25T18:01:02.900Z,right,elbow_joint,-42.5,0,0,0,0,-0.8006831,0.5990881,NULL,HEADSET
2026-08-25T18:01:02.900Z,right,wrist_1_joint,-39.225,0,-10.915,0,0,-0.1153768,0.9933218,NULL,HEADSET
2026-08-25T18:01:02.900Z,right,wrist_2_joint,0,-9.465002,0,0,0.6233073,0,0.781977,NULL,HEADSET
2026-08-25T18:01:02.900Z,right,wrist_3_joint,0,0,-8.23,0,0,0.999128,0.04175226,NULL,HEADSET
2026-08-25T18:01:02.900Z,right,gripper,NULL,NULL,NULL,0,0,0,1,0.2009081,HEADSET
2026-08-25T18:01:02.924Z,right,endEffector,-0.04522213,-0.02374279,0.5374091,0.6231185,-0.026927,-0.6213527,0.4742564,NULL,HEADSET
2026-08-25T18:01:02.924Z,right,base,0.4674831,-0.3414949,0.774679,0.1022549,0.9454549,-0.2065151,0.2302401,NULL,HEADSET
2026-08-25T18:01:02.924Z,right,shoulder_pan_joint,0,8.9159,0,0,0.01879715,0,0.9998233,NULL,HEADSET
2026-08-25T18:01:02.924Z,right,shoulder_lift_joint,NULL,NULL,NULL,0,0,-0.8354543,0.5495601,NULL,HEADSET
2026-08-25T18:01:02.924Z,right,elbow_joint,-42.5,0,0,0,0,-0.8002453,0.5996727,NULL,HEADSET
2026-08-25T18:01:02.924Z,right,wrist_1_joint,-39.225,0,-10.915,0,0,-0.1173589,0.9930896,NULL,HEADSET
2026-08-25T18:01:02.924Z,right,wrist_2_joint,0,-9.465002,0,0,0.6230375,0,0.782192,NULL,HEADSET
2026-08-25T18:01:02.924Z,right,wrist_3_joint,0,0,-8.23,0,0,0.9991265,0.04178854,NULL,HEADSET
2026-08-25T18:01:02.924Z,right,gripper,NULL,NULL,NULL,0,0,0,1,0.1987306,HEADSET
2026-08-25T18:01:02.943Z,right,endEffector,-0.04493664,-0.02286965,0.5375454,0.6199005,-0.02710046,-0.6215991,0.4781249,NULL,HEADSET
2026-08-25T18:01:02.943Z,right,base,0.469265,-0.3380361,0.7749231,0.1014047,0.9452783,-0.2082248,0.2298006,NULL,HEADSET
2026-08-25T18:01:02.943Z,right,shoulder_pan_joint,0,8.9159,0,0,0.0186747,0,0.9998256,NULL,HEADSET
2026-08-25T18:01:02.943Z,right,shoulder_lift_joint,NULL,NULL,NULL,0,0,-0.8356764,0.5492221,NULL,HEADSET
2026-08-25T18:01:02.943Z,right,elbow_joint,-42.5,0,0,0,0,-0.800032,0.5999574,NULL,HEADSET
2026-08-25T18:01:02.943Z,right,wrist_1_joint,-39.225,0,-10.915,0,0,-0.118341,0.992973,NULL,HEADSET
2026-08-25T18:01:02.943Z,right,wrist_2_joint,0,-9.465002,0,0,0.622894,0,0.7823063,NULL,HEADSET
2026-08-25T18:01:02.943Z,right,wrist_3_joint,0,0,-8.23,0,0,0.999126,0.04180144,NULL,HEADSET
2026-08-25T18:01:02.943Z,right,gripper,NULL,NULL,NULL,0,0,0,1,0.1956065,HEADSET
2026-08-25T18:01:02.966Z,right,endEffector,-0.04502451,-0.02250756,0.5374245,0.6173207,-0.02749105,-0.6218218,0.4811415,NULL,HEADSET
2026-08-25T18:01:02.966Z,right,base,0.4697451,-0.3366397,0.7752349,0.1012072,0.9451399,-0.2089838,0.2297679,NULL,HEADSET
2026-08-25T18:01:02.966Z,right,shoulder_pan_joint,0,8.9159,0,0,0.01833839,0,0.9998319,NULL,HEADSET
2026-08-25T18:01:02.966Z,right,shoulder_lift_joint,NULL,NULL,NULL,0,0,-0.8364108,0.5481032,NULL,HEADSET
2026-08-25T18:01:02.966Z,right,elbow_joint,-42.5,0,0,0,0,-0.7994323,0.6007563,NULL,HEADSET
2026-08-25T18:01:02.966Z,right,wrist_1_joint,-39.225,0,-10.915,0,0,-0.1212964,0.9926164,NULL,HEADSET
2026-08-25T18:01:02.966Z,right,wrist_2_joint,0,-9.465002,0,0,0.6223722,0,0.7827215,NULL,HEADSET
2026-08-25T18:01:02.966Z,right,wrist_3_joint,0,0,-8.23,0,0,0.9991208,0.04192486,NULL,HEADSET
2026-08-25T18:01:02.966Z,right,gripper,NULL,NULL,NULL,0,0,0,1,0.1946087,HEADSET
2026-08-25T18:01:02.983Z,right,endEffector,-0.04461382,-0.02138631,0.5371462,0.6136578,-0.02850312,-0.6230057,0.484227,NULL,HEADSET
2026-08-25T18:01:02.983Z,right,base,0.4703474,-0.3348139,0.7757553,0.1016767,0.9448114,-0.2106422,0.2293973,NULL,HEADSET
2026-08-25T18:01:02.983Z,right,shoulder_pan_joint,0,8.9159,0,0,0.01816634,0,0.999835,NULL,HEADSET
2026-08-25T18:01:02.983Z,right,shoulder_lift_joint,NULL,NULL,NULL,0,0,-0.8367423,0.5475969,NULL,HEADSET
2026-08-25T18:01:02.983Z,right,elbow_joint,-42.5,0,0,0,0,-0.7991481,0.6011342,NULL,HEADSET
2026-08-25T18:01:02.983Z,right,wrist_1_joint,-39.225,0,-10.915,0,0,-0.122801,0.9924313,NULL,HEADSET
2026-08-25T18:01:02.983Z,right,wrist_2_joint,0,-9.465002,0,0,0.622044,0,0.7829823,NULL,HEADSET
2026-08-25T18:01:02.983Z,right,wrist_3_joint,0,0,-8.23,0,0,0.9991161,0.04203714,NULL,HEADSET
2026-08-25T18:01:02.983Z,right,gripper,NULL,NULL,NULL,0,0,0,1,0.1926156,HEADSET
2026-08-25T18:01:03.005Z,right,endEffector,-0.04418323,-0.0209851,0.5362245,0.6116131,-0.02927485,-0.6242503,0.4851638,NULL,HEADSET
2026-08-25T18:01:03.005Z,right,base,0.4702845,-0.3350641,0.7757568,0.1027783,0.9446192,-0.211555,0.228857,NULL,HEADSET
2026-08-25T18:01:03.005Z,right,shoulder_pan_joint,0,8.9159,0,0,0.01788088,0,0.9998401,NULL,HEADSET
2026-08-25T18:01:03.005Z,right,shoulder_lift_joint,NULL,NULL,NULL,0,0,-0.8371882,0.5469149,NULL,HEADSET
2026-08-25T18:01:03.005Z,right,elbow_joint,-42.5,0,0,0,0,-0.7987674,0.60164,NULL,HEADSET
2026-08-25T18:01:03.005Z,right,wrist_1_joint,-39.225,0,-10.915,0,0,-0.1249104,0.9921681,NULL,HEADSET
2026-08-25T18:01:03.005Z,right,wrist_2_joint,0,-9.465002,0,0,0.6214741,0,0.7834347,NULL,HEADSET
2026-08-25T18:01:03.005Z,right,wrist_3_joint,0,0,-8.23,0,0,0.9991089,0.04220862,NULL,HEADSET
2026-08-25T18:01:03.005Z,right,gripper,NULL,NULL,NULL,0,0,0,1,0.1914041,HEADSET
2026-08-25T18:01:03.025Z,right,endEffector,-0.04262443,-0.02089733,0.5354611,0.6091306,-0.03140953,-0.6257435,0.4862287,NULL,HEADSET
2026-08-25T18:01:03.025Z,right,base,0.4715589,-0.3347811,0.7754037,0.1036846,0.9444716,-0.2129385,0.2277723,NULL,HEADSET
2026-08-25T18:01:03.025Z,right,shoulder_pan_joint,0,8.9159,0,0,0.01757829,0,0.9998455,NULL,HEADSET
2026-08-25T18:01:03.025Z,right,shoulder_lift_joint,NULL,NULL,NULL,0,0,-0.8374846,0.546461,NULL,HEADSET
2026-08-25T18:01:03.025Z,right,elbow_joint,-42.5,0,0,0,0,-0.7984746,0.6020285,NULL,HEADSET
2026-08-25T18:01:03.025Z,right,wrist_1_joint,-39.225,0,-10.915,0,0,-0.1265101,0.9919654,NULL,HEADSET
2026-08-25T18:01:03.025Z,right,wrist_2_joint,0,-9.465002,0,0,0.6209971,0,0.7838129,NULL,HEADSET
2026-08-25T18:01:03.025Z,right,wrist_3_joint,0,0,-8.23,0,0,0.9991053,0.04229147,NULL,HEADSET
2026-08-25T18:01:03.025Z,right,gripper,NULL,NULL,NULL,0,0,0,1,0.1892372,HEADSET
2026-08-25T18:01:03.047Z,right,endEffector,-0.04176422,-0.02141221,0.5355991,0.60794,-0.03158548,-0.6259852,0.487395,NULL,HEADSET
2026-08-25T18:01:03.047Z,right,base,0.4729996,-0.3340303,0.7750403,0.1033653,0.9445613,-0.2132325,0.2272697,NULL,HEADSET
2026-08-25T18:01:03.047Z,right,shoulder_pan_joint,0,8.9159,0,0,0.01704113,0,0.9998548,NULL,HEADSET
2026-08-25T18:01:03.047Z,right,shoulder_lift_joint,NULL,NULL,NULL,0,0,-0.8378619,0.5458823,NULL,HEADSET
2026-08-25T18:01:03.047Z,right,elbow_joint,-42.5,0,0,0,0,-0.7981462,0.6024637,NULL,HEADSET
2026-08-25T18:01:03.047Z,right,wrist_1_joint,-39.225,0,-10.915,0,0,-0.1285284,0.9917058,NULL,HEADSET
2026-08-25T18:01:03.047Z,right,wrist_2_joint,0,-9.465002,0,0,0.6202651,0,0.7843922,NULL,HEADSET
2026-08-25T18:01:03.047Z,right,wrist_3_joint,0,0,-8.23,0,0,0.9991004,0.04240765,NULL,HEADSET
2026-08-25T18:01:03.047Z,right,gripper,NULL,NULL,NULL,0,0,0,1,0.1880552,HEADSET
2026-08-25T18:01:03.068Z,right,endEffector,-0.04001798,-0.02175036,0.5357941,0.6056253,-0.03198964,-0.6269367,0.4890245,NULL,HEADSET
2026-08-25T18:01:03.068Z,right,base,0.4753942,-0.3331033,0.7741645,0.1035089,0.9446664,-0.2140562,0.2259894,NULL,HEADSET
2026-08-25T18:01:03.068Z,right,shoulder_pan_joint,0,8.9159,0,0,0.01665258,0,0.9998614,NULL,HEADSET
2026-08-25T18:01:03.068Z,right,shoulder_lift_joint,NULL,NULL,NULL,0,0,-0.8381336,0.5454651,NULL,HEADSET
2026-08-25T18:01:03.068Z,right,elbow_joint,-42.5,0,0,0,0,-0.7979594,0.6027112,NULL,HEADSET
2026-08-25T18:01:03.068Z,right,wrist_1_joint,-39.225,0,-10.915,0,0,-0.1299384,0.9915221,NULL,HEADSET
2026-08-25T18:01:03.068Z,right,wrist_2_joint,0,-9.465002,0,0,0.6197174,0,0.784825,NULL,HEADSET
2026-08-25T18:01:03.068Z,right,wrist_3_joint,0,0,-8.23,0,0,0.9990966,0.04249682,NULL,HEADSET
2026-08-25T18:01:03.068Z,right,gripper,NULL,NULL,NULL,0,0,0,1,0.1870337,HEADSET
2026-08-25T18:01:03.089Z,right,endEffector,-0.03918196,-0.02265525,0.5359592,0.6043727,-0.03230973,-0.6277773,0.4894746,NULL,HEADSET
2026-08-25T18:01:03.089Z,right,base,0.4763681,-0.3333974,0.7735859,0.1039537,0.9447065,-0.2144111,0.2252803,NULL,HEADSET
2026-08-25T18:01:03.089Z,right,shoulder_pan_joint,0,8.9159,0,0,0.01588941,0,0.9998738,NULL,HEADSET
2026-08-25T18:01:03.089Z,right,shoulder_lift_joint,NULL,NULL,NULL,0,0,-0.8386864,0.5446147,NULL,HEADSET
2026-08-25T18:01:03.089Z,right,elbow_joint,-42.5,0,0,0,0,-0.7977093,0.6030422,NULL,HEADSET
2026-08-25T18:01:03.089Z,right,wrist_1_joint,-39.225,0,-10.915,0,0,-0.1325522,0.9911761,NULL,HEADSET
2026-08-25T18:01:03.089Z,right,wrist_2_joint,0,-9.465002,0,0,0.6186092,0,0.7856989,NULL,HEADSET
2026-08-25T18:01:03.089Z,right,wrist_3_joint,0,0,-8.23,0,0,0.9990885,0.04268856,NULL,HEADSET
2026-08-25T18:01:03.089Z,right,gripper,NULL,NULL,NULL,0,0,0,1,0.1850711,HEADSET
2026-08-25T18:01:03.107Z,right,endEffector,-0.03682788,-0.02412499,0.5358252,0.6031535,-0.03325581,-0.6290901,0.4892296,NULL,HEADSET
2026-08-25T18:01:03.107Z,right,base,0.4786448,-0.3343909,0.7720444,0.1048328,0.9449,-0.2148425,0.2236446,NULL,HEADSET
2026-08-25T18:01:03.107Z,right,shoulder_pan_joint,0,8.9159,0,0,0.01542731,0,0.999881,NULL,HEADSET
2026-08-25T18:01:03.107Z,right,shoulder_lift_joint,NULL,NULL,NULL,0,0,-0.8390273,0.5440894,NULL,HEADSET
2026-08-25T18:01:03.107Z,right,elbow_joint,-42.5,0,0,0,0,-0.7976185,0.6031623,NULL,HEADSET
2026-08-25T18:01:03.107Z,right,wrist_1_joint,-39.225,0,-10.915,0,0,-0.1341093,0.9909666,NULL,HEADSET
2026-08-25T18:01:03.107Z,right,wrist_2_joint,0,-9.465002,0,0,0.6178928,0,0.7862624,NULL,HEADSET
2026-08-25T18:01:03.107Z,right,wrist_3_joint,0,0,-8.23,0,0,0.9990849,0.04277144,NULL,HEADSET
2026-08-25T18:01:03.107Z,right,gripper,NULL,NULL,NULL,0,0,0,1,0.1836876,HEADSET
2026-08-25T18:01:03.131Z,right,endEffector,-0.03579189,-0.02449562,0.5357181,0.6021977,-0.03354392,-0.6300877,0.4891034,NULL,HEADSET
2026-08-25T18:01:03.131Z,right,base,0.4798164,-0.3342732,0.7713678,0.1051148,0.9449704,-0.2152306,0.22284,NULL,HEADSET
2026-08-25T18:01:03.131Z,right,shoulder_pan_joint,0,8.9159,0,0,0.01466477,0,0.9998925,NULL,HEADSET
2026-08-25T18:01:03.131Z,right,shoulder_lift_joint,NULL,NULL,NULL,0,0,-0.8395095,0.543345,NULL,HEADSET
2026-08-25T18:01:03.131Z,right,elbow_joint,-42.5,0,0,0,0,-0.7976539,0.6031155,NULL,HEADSET
2026-08-25T18:01:03.131Z,right,wrist_1_joint,-39.225,0,-10.915,0,0,-0.1360442,0.9907028,NULL,HEADSET
2026-08-25T18:01:03.131Z,right,wrist_2_joint,0,-9.465002,0,0,0.616851,0,0.7870799,NULL,HEADSET
2026-08-25T18:01:03.131Z,right,wrist_3_joint,0,0,-8.23,0,0,0.9990815,0.04285118,NULL,HEADSET
2026-08-25T18:01:03.131Z,right,gripper,NULL,NULL,NULL,0,0,0,1,0.1836876,HEADSET
2026-08-25T18:01:03.151Z,right,endEffector,-0.03398985,-0.02555594,0.535596,0.6000725,-0.03466813,-0.6316983,0.4895594,NULL,HEADSET
2026-08-25T18:01:03.151Z,right,base,0.481965,-0.3332684,0.7704974,0.1053912,0.9449857,-0.2164176,0.2214904,NULL,HEADSET
2026-08-25T18:01:03.151Z,right,shoulder_pan_joint,0,8.9159,0,0,0.01429339,0,0.9998978,NULL,HEADSET
2026-08-25T18:01:03.151Z,right,shoulder_lift_joint,NULL,NULL,NULL,0,0,-0.8397306,0.5430033,NULL,HEADSET
2026-08-25T18:01:03.151Z,right,elbow_joint,-42.5,0,0,0,0,-0.7976934,0.6030632,NULL,HEADSET
2026-08-25T18:01:03.151Z,right,wrist_1_joint,-39.225,0,-10.915,0,0,-0.1368845,0.990587,NULL,HEADSET
2026-08-25T18:01:03.151Z,right,wrist_2_joint,0,-9.465002,0,0,0.6163437,0,0.7874773,NULL,HEADSET
2026-08-25T18:01:03.151Z,right,wrist_3_joint,0,0,-8.23,0,0,0.9990821,0.04283768,NULL,HEADSET
2026-08-25T18:01:03.151Z,right,gripper,NULL,NULL,NULL,0,0,0,1,0.1826058,HEADSET
2026-08-25T18:01:03.173Z,right,endEffector,-0.03357951,-0.02616599,0.5357499,0.5993182,-0.03518687,-0.6318851,0.4902049,NULL,HEADSET
2026-08-25T18:01:03.173Z,right,base,0.4825128,-0.332574,0.7704698,0.1054004,0.9449067,-0.2170171,0.2212366,NULL,HEADSET
2026-08-25T18:01:03.173Z,right,shoulder_pan_joint,0,8.9159,0,0,0.01316825,0,0.9999133,NULL,HEADSET
2026-08-25T18:01:03.173Z,right,shoulder_lift_joint,NULL,NULL,NULL,0,0,-0.840384,0.5419915,NULL,HEADSET
2026-08-25T18:01:03.173Z,right,elbow_joint,-42.5,0,0,0,0,-0.7979915,0.6026688,NULL,HEADSET
2026-08-25T18:01:03.173Z,right,wrist_1_joint,-39.225,0,-10.915,0,0,-0.1386005,0.9903484,NULL,HEADSET
2026-08-25T18:01:03.173Z,right,wrist_2_joint,0,-9.465002,0,0,0.6149384,0,0.7885751,NULL,HEADSET
2026-08-25T18:01:03.173Z,right,wrist_3_joint,0,0,-8.23,0,0,0.999091,0.04262886,NULL,HEADSET
2026-08-25T18:01:03.173Z,right,gripper,NULL,NULL,NULL,0,0,0,1,0.1816047,HEADSET
2026-08-25T18:01:03.191Z,right,endEffector,-0.03277759,-0.02619371,0.5356202,0.5981429,-0.03650894,-0.6321765,0.4911672,NULL,HEADSET
2026-08-25T18:01:03.191Z,right,base,0.4829648,-0.3313488,0.770623,0.1058916,0.9446852,-0.2180672,0.2209156,NULL,HEADSET
2026-08-25T18:01:03.191Z,right,shoulder_pan_joint,0,8.9159,0,0,0.01268334,0,0.9999196,NULL,HEADSET
2026-08-25T18:01:03.191Z,right,shoulder_lift_joint,NULL,NULL,NULL,0,0,-0.8406792,0.5415335,NULL,HEADSET
2026-08-25T18:01:03.191Z,right,elbow_joint,-42.5,0,0,0,0,-0.7981675,0.6024356,NULL,HEADSET
2026-08-25T18:01:03.191Z,right,wrist_1_joint,-39.225,0,-10.915,0,0,-0.1392902,0.9902517,NULL,HEADSET
2026-08-25T18:01:03.191Z,right,wrist_2_joint,0,-9.465002,0,0,0.6142963,0,0.7890754,NULL,HEADSET
2026-08-25T18:01:03.191Z,right,wrist_3_joint,0,0,-8.23,0,0,0.999096,0.04251092,NULL,HEADSET
2026-08-25T18:01:03.191Z,right,gripper,NULL,NULL,NULL,0,0,0,1,0.1801857,HEADSET
2026-08-25T18:01:03.215Z,right,endEffector,-0.03239324,-0.02570161,0.5355089,0.5972331,-0.0375513,-0.6324521,0.4918405,NULL,HEADSET
2026-08-25T18:01:03.215Z,right,base,0.4829864,-0.330184,0.7711266,0.1062233,0.944446,-0.2190841,0.2207726,NULL,HEADSET
2026-08-25T18:01:03.215Z,right,shoulder_pan_joint,0,8.9159,0,0,0.01192191,0,0.999929,NULL,HEADSET
2026-08-25T18:01:03.215Z,right,shoulder_lift_joint,NULL,NULL,NULL,0,0,-0.8411071,0.5408687,NULL,HEADSET
2026-08-25T18:01:03.215Z,right,elbow_joint,-42.5,0,0,0,0,-0.7985123,0.6019785,NULL,HEADSET
2026-08-25T18:01:03.215Z,right,wrist_1_joint,-39.225,0,-10.915,0,0,-0.1401382,0.990132,NULL,HEADSET
2026-08-25T18:01:03.215Z,right,wrist_2_joint,0,-9.465002,0,0,0.6133581,0,0.7898049,NULL,HEADSET
2026-08-25T18:01:03.215Z,right,wrist_3_joint,0,0,-8.23,0,0,0.9991031,0.0423439,NULL,HEADSET
2026-08-25T18:01:03.215Z,right,gripper,NULL,NULL,NULL,0,0,0,1,0.1796377,HEADSET
2026-08-25T18:01:03.233Z,right,endEffector,-0.03154272,-0.02522092,0.5354483,0.5955444,-0.03901205,-0.6330875,0.4929557,NULL,HEADSET
2026-08-25T18:01:03.233Z,right,base,0.4835456,-0.3284263,0.7718317,0.1066342,0.9440745,-0.2209595,0.2202941,NULL,HEADSET
2026-08-25T18:01:03.233Z,right,shoulder_pan_joint,0,8.9159,0,0,0.01154138,0,0.9999334,NULL,HEADSET
2026-08-25T18:01:03.233Z,right,shoulder_lift_joint,NULL,NULL,NULL,0,0,-0.8412939,0.5405779,NULL,HEADSET
2026-08-25T18:01:03.233Z,right,elbow_joint,-42.5,0,0,0,0,-0.7986856,0.6017486,NULL,HEADSET
2026-08-25T18:01:03.233Z,right,wrist_1_joint,-39.225,0,-10.915,0,0,-0.1405089,0.9900795,NULL,HEADSET
2026-08-25T18:01:03.233Z,right,wrist_2_joint,0,-9.465002,0,0,0.6129062,0,0.7901557,NULL,HEADSET
2026-08-25T18:01:03.233Z,right,wrist_3_joint,0,0,-8.23,0,0,0.9991071,0.04225126,NULL,HEADSET
2026-08-25T18:01:03.233Z,right,gripper,NULL,NULL,NULL,0,0,0,1,0.1796377,HEADSET
2026-08-25T18:01:03.256Z,right,endEffector,-0.03066351,-0.0256235,0.5356722,0.595262,-0.03983123,-0.6333282,0.492922,NULL,HEADSET
2026-08-25T18:01:03.256Z,right,base,0.484244,-0.3281836,0.7716262,0.1066348,0.9440649,-0.22138,0.2199124,NULL,HEADSET
2026-08-25T18:01:03.256Z,right,shoulder_pan_joint,0,8.9159,0,0,0.01084561,0,0.9999412,NULL,HEADSET
2026-08-25T18:01:03.256Z,right,shoulder_lift_joint,NULL,NULL,NULL,0,0,-0.8416196,0.5400707,NULL,HEADSET
2026-08-25T18:01:03.256Z,right,elbow_joint,-42.5,0,0,0,0,-0.7990036,0.6013263,NULL,HEADSET
2026-08-25T18:01:03.256Z,right,wrist_1_joint,-39.225,0,-10.915,0,0,-0.1410377,0.9900042,NULL,HEADSET
2026-08-25T18:01:03.256Z,right,wrist_2_joint,0,-9.465002,0,0,0.6121591,0,0.7907346,NULL,HEADSET
2026-08-25T18:01:03.256Z,right,wrist_3_joint,0,0,-8.23,0,0,0.9991153,0.04205478,NULL,HEADSET
2026-08-25T18:01:03.256Z,right,gripper,NULL,NULL,NULL,0,0,0,1,0.1752048,HEADSET
2026-08-25T18:01:03.274Z,right,endEffector,-0.02969165,-0.02584958,0.5359906,0.5949506,-0.04002744,-0.6329926,0.4937126,NULL,HEADSET
2026-08-25T18:01:03.274Z,right,base,0.485594,-0.3273526,0.7710067,0.1064059,0.9441697,-0.2216723,0.2192779,NULL,HEADSET
2026-08-25T18:01:03.274Z,right,shoulder_pan_joint,0,8.9159,0,0,0.01047126,0,0.9999452,NULL,HEADSET
2026-08-25T18:01:03.274Z,right,shoulder_lift_joint,NULL,NULL,NULL,0,0,-0.8417774,0.5398247,NULL,HEADSET
2026-08-25T18:01:03.274Z,right,elbow_joint,-42.5,0,0,0,0,-0.7992314,0.6010234,NULL,HEADSET
2026-08-25T18:01:03.274Z,right,wrist_1_joint,-39.225,0,-10.915,0,0,-0.1412442,0.9899748,NULL,HEADSET
2026-08-25T18:01:03.274Z,right,wrist_2_joint,0,-9.465002,0,0,0.6117355,0,0.7910625,NULL,HEADSET
2026-08-25T18:01:03.274Z,right,wrist_3_joint,0,0,-8.23,0,0,0.9991198,0.04194937,NULL,HEADSET
2026-08-25T18:01:03.274Z,right,gripper,NULL,NULL,NULL,0,0,0,1,0.1752049,HEADSET
2026-08-25T18:01:03.310Z,right,endEffector,-0.0292035,-0.02608424,0.5361956,0.5942223,-0.04129741,-0.633431,0.4939228,NULL,HEADSET
2026-08-25T18:01:03.310Z,right,base,0.4859716,-0.3266982,0.7710285,0.1064207,0.9441075,-0.2222044,0.2189998,NULL,HEADSET
2026-08-25T18:01:03.310Z,right,shoulder_pan_joint,0,8.9159,0,0,0.009916151,0,0.9999508,NULL,HEADSET
2026-08-25T18:01:03.310Z,right,shoulder_lift_joint,NULL,NULL,NULL,0,0,-0.8420439,0.539409,NULL,HEADSET
2026-08-25T18:01:03.310Z,right,elbow_joint,-42.5,0,0,0,0,-0.799659,0.6004544,NULL,HEADSET
2026-08-25T18:01:03.310Z,right,wrist_1_joint,-39.225,0,-10.915,0,0,-0.1414384,0.9899471,NULL,HEADSET
2026-08-25T18:01:03.310Z,right,wrist_2_joint,0,-9.465002,0,0,0.6111026,0,0.7915514,NULL,HEADSET
2026-08-25T18:01:03.310Z,right,wrist_3_joint,0,0,-8.23,0,0,0.9991227,0.04187981,NULL,HEADSET
2026-08-25T18:01:03.310Z,right,gripper,NULL,NULL,NULL,0,0,0,1,0.1725485,HEADSET
2026-08-25T18:01:03.338Z,right,endEffector,-0.02904673,-0.02691838,0.5362629,0.5943055,-0.04149977,-0.6335848,0.4936084,NULL,HEADSET
2026-08-25T18:01:03.338Z,right,base,0.4860231,-0.3270462,0.7709759,0.1063603,0.9441651,-0.2219195,0.2190702,NULL,HEADSET
2026-08-25T18:01:03.338Z,right,shoulder_pan_joint,0,8.9159,0,0,0.009806735,0,0.999952,NULL,HEADSET
2026-08-25T18:01:03.338Z,right,shoulder_lift_joint,NULL,NULL,NULL,0,0,-0.8420951,0.5393291,NULL,HEADSET
2026-08-25T18:01:03.338Z,right,elbow_joint,-42.5,0,0,0,0,-0.7997491,0.6003343,NULL,HEADSET
2026-08-25T18:01:03.338Z,right,wrist_1_joint,-39.225,0,-10.915,0,0,-0.1414528,0.989945,NULL,HEADSET
2026-08-25T18:01:03.338Z,right,wrist_2_joint,0,-9.465002,0,0,0.610971,0,0.791653,NULL,HEADSET
2026-08-25T18:01:03.338Z,right,wrist_3_joint,0,0,-8.23,0,0,0.9991232,0.04186736,NULL,HEADSET
2026-08-25T18:01:03.338Z,right,gripper,NULL,NULL,NULL,0,0,0,1,0.1690038,HEADSET
2026-08-25T18:01:03.359Z,right,endEffector,-0.02905472,-0.02772433,0.5359426,0.5938717,-0.04166619,-0.6328404,0.4950692,NULL,HEADSET
2026-08-25T18:01:03.359Z,right,base,0.486116,-0.3272282,0.7707877,0.1058632,0.9443497,-0.2210608,0.2193829,NULL,HEADSET
2026-08-25T18:01:03.359Z,right,shoulder_pan_joint,0,8.9159,0,0,0.009579571,0,0.9999541,NULL,HEADSET
2026-08-25T18:01:03.359Z,right,shoulder_lift_joint,NULL,NULL,NULL,0,0,-0.842192,0.5391778,NULL,HEADSET
2026-08-25T18:01:03.359Z,right,elbow_joint,-42.5,0,0,0,0,-0.7999462,0.6000718,NULL,HEADSET
2026-08-25T18:01:03.359Z,right,wrist_1_joint,-39.225,0,-10.915,0,0,-0.1414438,0.9899463,NULL,HEADSET
2026-08-25T18:01:03.359Z,right,wrist_2_joint,0,-9.465002,0,0,0.6106986,0,0.7918631,NULL,HEADSET
2026-08-25T18:01:03.359Z,right,wrist_3_joint,0,0,-8.23,0,0,0.9991248,0.04182952,NULL,HEADSET
2026-08-25T18:01:03.359Z,right,gripper,NULL,NULL,NULL,0,0,0,1,0.1659315,HEADSET
2026-08-25T18:01:03.381Z,right,endEffector,-0.0293174,-0.02778567,0.5359574,0.5938014,-0.04176916,-0.6326286,0.4954152,NULL,HEADSET
2026-08-25T18:01:03.381Z,right,base,0.4858506,-0.3270246,0.770946,0.1057106,0.944357,-0.2208329,0.219654,NULL,HEADSET
2026-08-25T18:01:03.381Z,right,shoulder_pan_joint,0,8.9159,0,0,0.009451834,0,0.9999554,NULL,HEADSET
2026-08-25T18:01:03.381Z,right,shoulder_lift_joint,NULL,NULL,NULL,0,0,-0.8422307,0.5391173,NULL,HEADSET
2026-08-25T18:01:03.381Z,right,elbow_joint,-42.5,0,0,0,0,-0.8000442,0.5999411,NULL,HEADSET
2026-08-25T18:01:03.381Z,right,wrist_1_joint,-39.225,0,-10.915,0,0,-0.1414573,0.9899444,NULL,HEADSET
2026-08-25T18:01:03.381Z,right,wrist_2_joint,0,-9.465002,0,0,0.6105444,0,0.7919821,NULL,HEADSET
2026-08-25T18:01:03.381Z,right,wrist_3_joint,0,0,-8.23,0,0,0.9991243,0.04184042,NULL,HEADSET
2026-08-25T18:01:03.381Z,right,gripper,NULL,NULL,NULL,0,0,0,1,0.1643907,HEADSET
2026-08-25T18:01:03.401Z,right,endEffector,-0.02993727,-0.0276493,0.5363299,0.593462,-0.0419313,-0.6324118,0.4960846,NULL,HEADSET
2026-08-25T18:01:03.401Z,right,base,0.4852036,-0.3260693,0.7718708,0.1054221,0.9442003,-0.2210236,0.220274,NULL,HEADSET
2026-08-25T18:01:03.401Z,right,shoulder_pan_joint,0,8.9159,0,0,0.009451834,0,0.9999554,NULL,HEADSET
2026-08-25T18:01:03.401Z,right,shoulder_lift_joint,NULL,NULL,NULL,0,0,-0.8422307,0.5391173,NULL,HEADSET
2026-08-25T18:01:03.401Z,right,elbow_joint,-42.5,0,0,0,0,-0.8000442,0.5999411,NULL,HEADSET
2026-08-25T18:01:03.401Z,right,wrist_1_joint,-39.225,0,-10.915,0,0,-0.1414573,0.9899444,NULL,HEADSET
2026-08-25T18:01:03.401Z,right,wrist_2_joint,0,-9.465002,0,0,0.6105444,0,0.7919821,NULL,HEADSET
2026-08-25T18:01:03.401Z,right,wrist_3_joint,0,0,-8.23,0,0,0.9991243,0.04184042,NULL,HEADSET
2026-08-25T18:01:03.401Z,right,gripper,NULL,NULL,NULL,0,0,0,1,0.1632499,HEADSET
2026-08-25T18:01:03.435Z,right,endEffector,-0.03014461,-0.02830279,0.5366551,0.5936034,-0.04206419,-0.6321974,0.4961776,NULL,HEADSET
2026-08-25T18:01:03.435Z,right,base,0.4851176,-0.3260548,0.77208,0.1051389,0.944229,-0.2207552,0.220555,NULL,HEADSET
2026-08-25T18:01:03.435Z,right,shoulder_pan_joint,0,8.9159,0,0,0.009327016,0,0.9999565,NULL,HEADSET
2026-08-25T18:01:03.435Z,right,shoulder_lift_joint,NULL,NULL,NULL,0,0,-0.8422699,0.5390561,NULL,HEADSET
2026-08-25T18:01:03.435Z,right,elbow_joint,-42.5,0,0,0,0,-0.8001474,0.5998034,NULL,HEADSET
2026-08-25T18:01:03.435Z,right,wrist_1_joint,-39.225,0,-10.915,0,0,-0.141476,0.9899417,NULL,HEADSET
2026-08-25T18:01:03.435Z,right,wrist_2_joint,0,-9.465002,0,0,0.6103773,0,0.7921108,NULL,HEADSET
2026-08-25T18:01:03.435Z,right,wrist_3_joint,0,0,-8.23,0,0,0.9991238,0.04185316,NULL,HEADSET
2026-08-25T18:01:03.435Z,right,gripper,NULL,NULL,NULL,0,0,0,1,0.161979,HEADSET
2026-08-25T18:01:03.463Z,right,endEffector,-0.03038469,-0.02893205,0.5370305,0.5939678,-0.04346129,-0.6321383,0.4956962,NULL,HEADSET
2026-08-25T18:01:03.463Z,right,base,0.4844523,-0.326719,0.7723488,0.1054133,0.9442249,-0.2204406,0.2207564,NULL,HEADSET
2026-08-25T18:01:03.463Z,right,shoulder_pan_joint,0,8.9159,0,0,0.009094906,0,0.9999586,NULL,HEADSET
2026-08-25T18:01:03.463Z,right,shoulder_lift_joint,NULL,NULL,NULL,0,0,-0.8423507,0.5389298,NULL,HEADSET
2026-08-25T18:01:03.463Z,right,elbow_joint,-42.5,0,0,0,0,-0.8003587,0.5995215,NULL,HEADSET
2026-08-25T18:01:03.463Z,right,wrist_1_joint,-39.225,0,-10.915,0,0,-0.1414836,0.9899406,NULL,HEADSET
2026-08-25T18:01:03.463Z,right,wrist_2_joint,0,-9.465002,0,0,0.6100432,0,0.7923681,NULL,HEADSET
2026-08-25T18:01:03.463Z,right,wrist_3_joint,0,0,-8.23,0,0,0.9991226,0.04188114,NULL,HEADSET
2026-08-25T18:01:03.463Z,right,gripper,NULL,NULL,NULL,0,0,0,1,0.1599535,HEADSET
2026-08-25T18:01:03.484Z,right,endEffector,-0.03045898,-0.02945182,0.5372137,0.5934088,-0.04348864,-0.6323479,0.4960957,NULL,HEADSET
2026-08-25T18:01:03.484Z,right,base,0.4845798,-0.3267322,0.7723804,0.1050293,0.9443276,-0.2200868,0.2208527,NULL,HEADSET
2026-08-25T18:01:03.484Z,right,shoulder_pan_joint,0,8.9159,0,0,0.008982672,0,0.9999596,NULL,HEADSET
2026-08-25T18:01:03.484Z,right,shoulder_lift_joint,NULL,NULL,NULL,0,0,-0.8423867,0.5388737,NULL,HEADSET
2026-08-25T18:01:03.484Z,right,elbow_joint,-42.5,0,0,0,0,-0.8004739,0.5993677,NULL,HEADSET
2026-08-25T18:01:03.484Z,right,wrist_1_joint,-39.225,0,-10.915,0,0,-0.141457,0.9899445,NULL,HEADSET
2026-08-25T18:01:03.484Z,right,wrist_2_joint,0,-9.465002,0,0,0.6098691,0,0.7925022,NULL,HEADSET
2026-08-25T18:01:03.484Z,right,wrist_3_joint,0,0,-8.23,0,0,0.9991214,0.04191066,NULL,HEADSET
2026-08-25T18:01:03.484Z,right,gripper,NULL,NULL,NULL,0,0,0,1,0.1592331,HEADSET
2026-08-25T18:01:03.506Z,right,endEffector,-0.03066319,-0.02962628,0.5374126,0.5934576,-0.04356547,-0.6319948,0.4964806,NULL,HEADSET
2026-08-25T18:01:03.506Z,right,base,0.4844547,-0.3266774,0.7725689,0.1048833,0.9443543,-0.2198909,0.2210037,NULL,HEADSET
2026-08-25T18:01:03.506Z,right,shoulder_pan_joint,0,8.9159,0,0,0.008868736,0,0.9999607,NULL,HEADSET
2026-08-25T18:01:03.506Z,right,shoulder_lift_joint,NULL,NULL,NULL,0,0,-0.8424203,0.538821,NULL,HEADSET
2026-08-25T18:01:03.506Z,right,elbow_joint,-42.5,0,0,0,0,-0.8005889,0.5992141,NULL,HEADSET
2026-08-25T18:01:03.506Z,right,wrist_1_joint,-39.225,0,-10.915,0,0,-0.1414312,0.9899481,NULL,HEADSET
2026-08-25T18:01:03.506Z,right,wrist_2_joint,0,-9.465002,0,0,0.6096794,0,0.7926481,NULL,HEADSET
2026-08-25T18:01:03.506Z,right,wrist_3_joint,0,0,-8.23,0,0,0.9991201,0.04194156,NULL,HEADSET
2026-08-25T18:01:03.506Z,right,gripper,NULL,NULL,NULL,0,0,0,1,0.159232,HEADSET
2026-08-25T18:01:03.523Z,right,endEffector,-0.03115817,-0.03045918,0.5375471,0.5940176,-0.04341983,-0.6319411,0.4958915,NULL,HEADSET
2026-08-25T18:01:03.523Z,right,base,0.4836245,-0.3279803,0.7726977,0.1052164,0.9444035,-0.2192872,0.2212347,NULL,HEADSET
2026-08-25T18:01:03.523Z,right,shoulder_pan_joint,0,8.9159,0,0,0.008868736,0,0.9999607,NULL,HEADSET
2026-08-25T18:01:03.523Z,right,shoulder_lift_joint,NULL,NULL,NULL,0,0,-0.8424203,0.538821,NULL,HEADSET
2026-08-25T18:01:03.523Z,right,elbow_joint,-42.5,0,0,0,0,-0.8005889,0.5992141,NULL,HEADSET
2026-08-25T18:01:03.523Z,right,wrist_1_joint,-39.225,0,-10.915,0,0,-0.1414312,0.9899481,NULL,HEADSET
2026-08-25T18:01:03.523Z,right,wrist_2_joint,0,-9.465002,0,0,0.6096794,0,0.7926481,NULL,HEADSET
2026-08-25T18:01:03.523Z,right,wrist_3_joint,0,0,-8.23,0,0,0.9991201,0.04194156,NULL,HEADSET
2026-08-25T18:01:03.523Z,right,gripper,NULL,NULL,NULL,0,0,0,1,0.1573254,HEADSET
2026-08-25T18:01:03.547Z,right,endEffector,-0.03126466,-0.0311472,0.5376089,0.594302,-0.04335317,-0.6317778,0.4957644,NULL,HEADSET
2026-08-25T18:01:03.547Z,right,base,0.4833504,-0.3290857,0.7725029,0.1054614,0.9444982,-0.218751,0.221244,NULL,HEADSET
2026-08-25T18:01:03.547Z,right,shoulder_pan_joint,0,8.9159,0,0,0.008868736,0,0.9999607,NULL,HEADSET
2026-08-25T18:01:03.547Z,right,shoulder_lift_joint,NULL,NULL,NULL,0,0,-0.8424203,0.538821,NULL,HEADSET
2026-08-25T18:01:03.547Z,right,elbow_joint,-42.5,0,0,0,0,-0.8005889,0.5992141,NULL,HEADSET
2026-08-25T18:01:03.547Z,right,wrist_1_joint,-39.225,0,-10.915,0,0,-0.1414312,0.9899481,NULL,HEADSET
2026-08-25T18:01:03.547Z,right,wrist_2_joint,0,-9.465002,0,0,0.6096794,0,0.7926481,NULL,HEADSET
2026-08-25T18:01:03.547Z,right,wrist_3_joint,0,0,-8.23,0,0,0.9991201,0.04194156,NULL,HEADSET
2026-08-25T18:01:03.547Z,right,gripper,NULL,NULL,NULL,0,0,0,1,0.1565666,HEADSET
2026-08-25T18:01:03.567Z,right,endEffector,-0.0313389,-0.03218174,0.5374891,0.5940359,-0.04279941,-0.631468,0.4965256,NULL,HEADSET
2026-08-25T18:01:03.567Z,right,base,0.4832526,-0.3306214,0.7719831,0.1056145,0.9447351,-0.2176767,0.2212199,NULL,HEADSET
2026-08-25T18:01:03.567Z,right,shoulder_pan_joint,0,8.9159,0,0,0.008868736,0,0.9999607,NULL,HEADSET
2026-08-25T18:01:03.567Z,right,shoulder_lift_joint,NULL,NULL,NULL,0,0,-0.8424203,0.538821,NULL,HEADSET
2026-08-25T18:01:03.567Z,right,elbow_joint,-42.5,0,0,0,0,-0.8005889,0.5992141,NULL,HEADSET
2026-08-25T18:01:03.567Z,right,wrist_1_joint,-39.225,0,-10.915,0,0,-0.1414312,0.9899481,NULL,HEADSET
2026-08-25T18:01:03.567Z,right,wrist_2_joint,0,-9.465002,0,0,0.6096794,0,0.7926481,NULL,HEADSET
2026-08-25T18:01:03.567Z,right,wrist_3_joint,0,0,-8.23,0,0,0.9991201,0.04194156,NULL,HEADSET
2026-08-25T18:01:03.567Z,right,gripper,NULL,NULL,NULL,0,0,0,1,0.1560653,HEADSET
2026-08-25T18:01:03.589Z,right,endEffector,-0.03112259,-0.03257969,0.5374255,0.5941744,-0.04237298,-0.6316383,0.49618,NULL,HEADSET
2026-08-25T18:01:03.589Z,right,base,0.4834951,-0.331216,0.7716854,0.1055997,0.9448612,-0.2172948,0.2210633,NULL,HEADSET
2026-08-25T18:01:03.589Z,right,shoulder_pan_joint,0,8.9159,0,0,0.008868736,0,0.9999607,NULL,HEADSET
2026-08-25T18:01:03.589Z,right,shoulder_lift_joint,NULL,NULL,NULL,0,0,-0.8424203,0.538821,NULL,HEADSET
2026-08-25T18:01:03.589Z,right,elbow_joint,-42.5,0,0,0,0,-0.8005889,0.5992141,NULL,HEADSET
2026-08-25T18:01:03.589Z,right,wrist_1_joint,-39.225,0,-10.915,0,0,-0.1414312,0.9899481,NULL,HEADSET
2026-08-25T18:01:03.589Z,right,wrist_2_joint,0,-9.465002,0,0,0.6096794,0,0.7926481,NULL,HEADSET
2026-08-25T18:01:03.589Z,right,wrist_3_joint,0,0,-8.23,0,0,0.9991201,0.04194156,NULL,HEADSET
2026-08-25T18:01:03.589Z,right,gripper,NULL,NULL,NULL,0,0,0,1,0.1550527,HEADSET
2026-08-25T18:01:03.607Z,right,endEffector,-0.03089856,-0.03330418,0.5376247,0.5946276,-0.04173514,-0.631909,0.4953455,NULL,HEADSET
2026-08-25T18:01:03.607Z,right,base,0.4838446,-0.3321568,0.7710494,0.1055065,0.9450894,-0.2166286,0.2207859,NULL,HEADSET
2026-08-25T18:01:03.607Z,right,shoulder_pan_joint,0,8.9159,0,0,0.008868736,0,0.9999607,NULL,HEADSET
2026-08-25T18:01:03.607Z,right,shoulder_lift_joint,NULL,NULL,NULL,0,0,-0.8424203,0.538821,NULL,HEADSET
2026-08-25T18:01:03.607Z,right,elbow_joint,-42.5,0,0,0,0,-0.8005889,0.5992141,NULL,HEADSET
2026-08-25T18:01:03.607Z,right,wrist_1_joint,-39.225,0,-10.915,0,0,-0.1414312,0.9899481,NULL,HEADSET
2026-08-25T18:01:03.607Z,right,wrist_2_joint,0,-9.465002,0,0,0.6096794,0,0.7926481,NULL,HEADSET
2026-08-25T18:01:03.607Z,right,wrist_3_joint,0,0,-8.23,0,0,0.9991201,0.04194156,NULL,HEADSET
2026-08-25T18:01:03.607Z,right,gripper,NULL,NULL,NULL,0,0,0,1,0.1538859,HEADSET
2026-08-25T18:01:03.631Z,right,endEffector,-0.03103375,-0.03343686,0.537739,0.5946011,-0.04161667,-0.6320078,0.4952612,NULL,HEADSET
2026-08-25T18:01:03.631Z,right,base,0.4836617,-0.3324966,0.7708676,0.1055837,0.9451479,-0.2163576,0.2207642,NULL,HEADSET
2026-08-25T18:01:03.631Z,right,shoulder_pan_joint,0,8.9159,0,0,0.008868736,0,0.9999607,NULL,HEADSET
2026-08-25T18:01:03.631Z,right,shoulder_lift_joint,NULL,NULL,NULL,0,0,-0.8424203,0.538821,NULL,HEADSET
2026-08-25T18:01:03.631Z,right,elbow_joint,-42.5,0,0,0,0,-0.8005889,0.5992141,NULL,HEADSET
2026-08-25T18:01:03.631Z,right,wrist_1_joint,-39.225,0,-10.915,0,0,-0.1414312,0.9899481,NULL,HEADSET
2026-08-25T18:01:03.631Z,right,wrist_2_joint,0,-9.465002,0,0,0.6096794,0,0.7926481,NULL,HEADSET
2026-08-25T18:01:03.631Z,right,wrist_3_joint,0,0,-8.23,0,0,0.9991201,0.04194156,NULL,HEADSET
2026-08-25T18:01:03.631Z,right,gripper,NULL,NULL,NULL,0,0,0,1,0.1534668,HEADSET
2026-08-25T18:01:03.649Z,right,endEffector,-0.03145502,-0.03375551,0.5380051,0.5948346,-0.0416444,-0.632028,0.4949526,NULL,HEADSET
2026-08-25T18:01:03.649Z,right,base,0.4829901,-0.3332593,0.7709645,0.1058741,0.9451625,-0.2160167,0.2208964,NULL,HEADSET
2026-08-25T18:01:03.649Z,right,shoulder_pan_joint,0,8.9159,0,0,0.008868736,0,0.9999607,NULL,HEADSET
2026-08-25T18:01:03.649Z,right,shoulder_lift_joint,NULL,NULL,NULL,0,0,-0.8424203,0.538821,NULL,HEADSET
2026-08-25T18:01:03.649Z,right,elbow_joint,-42.5,0,0,0,0,-0.8005889,0.5992141,NULL,HEADSET
2026-08-25T18:01:03.649Z,right,wrist_1_joint,-39.225,0,-10.915,0,0,-0.1414312,0.9899481,NULL,HEADSET
2026-08-25T18:01:03.649Z,right,wrist_2_joint,0,-9.465002,0,0,0.6096794,0,0.7926481,NULL,HEADSET
2026-08-25T18:01:03.649Z,right,wrist_3_joint,0,0,-8.23,0,0,0.9991201,0.04194156,NULL,HEADSET
2026-08-25T18:01:03.649Z,right,gripper,NULL,NULL,NULL,0,0,0,1,0.1529282,HEADSET
2026-08-25T18:01:03.671Z,right,endEffector,-0.03145204,-0.03331402,0.5381225,0.5949371,-0.04173113,-0.6317575,0.4951675,NULL,HEADSET
2026-08-25T18:01:03.671Z,right,base,0.4831234,-0.3323435,0.7713711,0.1054801,0.9450777,-0.2164235,0.2210497,NULL,HEADSET
2026-08-25T18:01:03.671Z,right,shoulder_pan_joint,0,8.9159,0,0,0.008868736,0,0.9999607,NULL,HEADSET
2026-08-25T18:01:03.671Z,right,shoulder_lift_joint,NULL,NULL,NULL,0,0,-0.8424203,0.538821,NULL,HEADSET
2026-08-25T18:01:03.671Z,right,elbow_joint,-42.5,0,0,0,0,-0.8005889,0.5992141,NULL,HEADSET
2026-08-25T18:01:03.671Z,right,wrist_1_joint,-39.225,0,-10.915,0,0,-0.1414312,0.9899481,NULL,HEADSET
2026-08-25T18:01:03.671Z,right,wrist_2_joint,0,-9.465002,0,0,0.6096794,0,0.7926481,NULL,HEADSET
2026-08-25T18:01:03.671Z,right,wrist_3_joint,0,0,-8.23,0,0,0.9991201,0.04194156,NULL,HEADSET
2026-08-25T18:01:03.671Z,right,gripper,NULL,NULL,NULL,0,0,0,1,0.1525482,HEADSET
2026-08-25T18:01:03.690Z,right,endEffector,-0.03127481,-0.03326833,0.5382963,0.5951083,-0.0412939,-0.6313468,0.4955219,NULL,HEADSET
2026-08-25T18:01:03.690Z,right,base,0.483897,-0.3313049,0.7714921,0.1044875,0.9451642,-0.2164454,0.2211298,NULL,HEADSET
2026-08-25T18:01:03.690Z,right,shoulder_pan_joint,0,8.9159,0,0,0.008868736,0,0.9999607,NULL,HEADSET
2026-08-25T18:01:03.690Z,right,shoulder_lift_joint,NULL,NULL,NULL,0,0,-0.8424203,0.538821,NULL,HEADSET
2026-08-25T18:01:03.690Z,right,elbow_joint,-42.5,0,0,0,0,-0.8005889,0.5992141,NULL,HEADSET
2026-08-25T18:01:03.690Z,right,wrist_1_joint,-39.225,0,-10.915,0,0,-0.1414312,0.9899481,NULL,HEADSET
2026-08-25T18:01:03.690Z,right,wrist_2_joint,0,-9.465002,0,0,0.6096794,0,0.7926481,NULL,HEADSET
2026-08-25T18:01:03.690Z,right,wrist_3_joint,0,0,-8.23,0,0,0.9991201,0.04194156,NULL,HEADSET
2026-08-25T18:01:03.690Z,right,gripper,NULL,NULL,NULL,0,0,0,1,0.151779,HEADSET
2026-08-25T18:01:03.715Z,right,endEffector,-0.03124646,-0.03347461,0.5383584,0.5954353,-0.04077307,-0.6312029,0.4953557,NULL,HEADSET
2026-08-25T18:01:03.715Z,right,base,0.4841405,-0.3314668,0.7713221,0.1042623,0.945262,-0.2162146,0.2210441,NULL,HEADSET
2026-08-25T18:01:03.715Z,right,shoulder_pan_joint,0,8.9159,0,0,0.008868736,0,0.9999607,NULL,HEADSET
2026-08-25T18:01:03.715Z,right,shoulder_lift_joint,NULL,NULL,NULL,0,0,-0.8424203,0.538821,NULL,HEADSET
2026-08-25T18:01:03.715Z,right,elbow_joint,-42.5,0,0,0,0,-0.8005889,0.5992141,NULL,HEADSET
2026-08-25T18:01:03.715Z,right,wrist_1_joint,-39.225,0,-10.915,0,0,-0.1414312,0.9899481,NULL,HEADSET
2026-08-25T18:01:03.715Z,right,wrist_2_joint,0,-9.465002,0,0,0.6096794,0,0.7926481,NULL,HEADSET
2026-08-25T18:01:03.715Z,right,wrist_3_joint,0,0,-8.23,0,0,0.9991201,0.04194156,NULL,HEADSET
2026-08-25T18:01:03.715Z,right,gripper,NULL,NULL,NULL,0,0,0,1,0.1515101,HEADSET
2026-08-25T18:01:03.732Z,right,endEffector,-0.03187592,-0.03379183,0.5383011,0.5960764,-0.04040755,-0.6309254,0.4949682,NULL,HEADSET
2026-08-25T18:01:03.732Z,right,base,0.483374,-0.3322917,0.7713981,0.1044854,0.9452796,-0.2158476,0.2212219,NULL,HEADSET
2026-08-25T18:01:03.732Z,right,shoulder_pan_joint,0,8.9159,0,0,0.008868736,0,0.9999607,NULL,HEADSET
2026-08-25T18:01:03.732Z,right,shoulder_lift_joint,NULL,NULL,NULL,0,0,-0.8424203,0.538821,NULL,HEADSET
2026-08-25T18:01:03.732Z,right,elbow_joint,-42.5,0,0,0,0,-0.8005889,0.5992141,NULL,HEADSET
2026-08-25T18:01:03.732Z,right,wrist_1_joint,-39.225,0,-10.915,0,0,-0.1414312,0.9899481,NULL,HEADSET
2026-08-25T18:01:03.732Z,right,wrist_2_joint,0,-9.465002,0,0,0.6096794,0,0.7926481,NULL,HEADSET
2026-08-25T18:01:03.732Z,right,wrist_3_joint,0,0,-8.23,0,0,0.9991201,0.04194156,NULL,HEADSET
2026-08-25T18:01:03.732Z,right,gripper,NULL,NULL,NULL,0,0,0,1,0.151293,HEADSET
2026-08-25T18:01:03.755Z,right,endEffector,-0.03241024,-0.03379261,0.5383728,0.5963963,-0.04049153,-0.6306658,0.4949066,NULL,HEADSET
2026-08-25T18:01:03.755Z,right,base,0.4827653,-0.3323206,0.771796,0.1044535,0.9452403,-0.2156942,0.2215542,NULL,HEADSET
2026-08-25T18:01:03.755Z,right,shoulder_pan_joint,0,8.9159,0,0,0.008868736,0,0.9999607,NULL,HEADSET
2026-08-25T18:01:03.755Z,right,shoulder_lift_joint,NULL,NULL,NULL,0,0,-0.8424203,0.538821,NULL,HEADSET
2026-08-25T18:01:03.755Z,right,elbow_joint,-42.5,0,0,0,0,-0.8005889,0.5992141,NULL,HEADSET
2026-08-25T18:01:03.755Z,right,wrist_1_joint,-39.225,0,-10.915,0,0,-0.1414312,0.9899481,NULL,HEADSET
2026-08-25T18:01:03.755Z,right,wrist_2_joint,0,-9.465002,0,0,0.6096794,0,0.7926481,NULL,HEADSET
2026-08-25T18:01:03.755Z,right,wrist_3_joint,0,0,-8.23,0,0,0.9991201,0.04194156,NULL,HEADSET
2026-08-25T18:01:03.755Z,right,gripper,NULL,NULL,NULL,0,0,0,1,0.1510017,HEADSET
2026-08-25T18:01:03.773Z,right,endEffector,-0.03329761,-0.03424683,0.5385672,0.5970757,-0.04034747,-0.630063,0.4948669,NULL,HEADSET
2026-08-25T18:01:03.773Z,right,base,0.4822667,-0.3318776,0.7723986,0.1036696,0.9452677,-0.215186,0.2222983,NULL,HEADSET
2026-08-25T18:01:03.773Z,right,shoulder_pan_joint,0,8.9159,0,0,0.008868736,0,0.9999607,NULL,HEADSET
2026-08-25T18:01:03.773Z,right,shoulder_lift_joint,NULL,NULL,NULL,0,0,-0.8424203,0.538821,NULL,HEADSET
2026-08-25T18:01:03.773Z,right,elbow_joint,-42.5,0,0,0,0,-0.8005889,0.5992141,NULL,HEADSET
2026-08-25T18:01:03.773Z,right,wrist_1_joint,-39.225,0,-10.915,0,0,-0.1414312,0.9899481,NULL,HEADSET
2026-08-25T18:01:03.773Z,right,wrist_2_joint,0,-9.465002,0,0,0.6096794,0,0.7926481,NULL,HEADSET
2026-08-25T18:01:03.773Z,right,wrist_3_joint,0,0,-8.23,0,0,0.9991201,0.04194156,NULL,HEADSET
2026-08-25T18:01:03.773Z,right,gripper,NULL,NULL,NULL,0,0,0,1,0.1509509,HEADSET
2026-08-25T18:01:03.810Z,right,endEffector,-0.03413869,-0.03577699,0.5386423,0.5975011,-0.0394163,-0.6298257,0.4947307,NULL,HEADSET
2026-08-25T18:01:03.810Z,right,base,0.4814204,-0.3336648,0.772302,0.1037068,0.9454436,-0.2139554,0.2227203,NULL,HEADSET
2026-08-25T18:01:03.810Z,right,shoulder_pan_joint,0,8.9159,0,0,0.008868736,0,0.9999607,NULL,HEADSET
2026-08-25T18:01:03.810Z,right,shoulder_lift_joint,NULL,NULL,NULL,0,0,-0.8424203,0.538821,NULL,HEADSET
2026-08-25T18:01:03.810Z,right,elbow_joint,-42.5,0,0,0,0,-0.8005889,0.5992141,NULL,HEADSET
2026-08-25T18:01:03.810Z,right,wrist_1_joint,-39.225,0,-10.915,0,0,-0.1414312,0.9899481,NULL,HEADSET
2026-08-25T18:01:03.810Z,right,wrist_2_joint,0,-9.465002,0,0,0.6096794,0,0.7926481,NULL,HEADSET
2026-08-25T18:01:03.810Z,right,wrist_3_joint,0,0,-8.23,0,0,0.9991201,0.04194156,NULL,HEADSET
2026-08-25T18:01:03.810Z,right,gripper,NULL,NULL,NULL,0,0,0,1,0.1507428,HEADSET
2026-08-25T18:01:03.838Z,right,endEffector,-0.03543755,-0.03714642,0.5387274,0.5991244,-0.0382916,-0.6289874,0.4939215,NULL,HEADSET
2026-08-25T18:01:03.838Z,right,base,0.4798307,-0.3353095,0.7724674,0.1036804,0.9455732,-0.2124957,0.2235784,NULL,HEADSET
2026-08-25T18:01:03.838Z,right,shoulder_pan_joint,0,8.9159,0,0,0.008868736,0,0.9999607,NULL,HEADSET
2026-08-25T18:01:03.838Z,right,shoulder_lift_joint,NULL,NULL,NULL,0,0,-0.8424203,0.538821,NULL,HEADSET
2026-08-25T18:01:03.838Z,right,elbow_joint,-42.5,0,0,0,0,-0.8005889,0.5992141,NULL,HEADSET
2026-08-25T18:01:03.838Z,right,wrist_1_joint,-39.225,0,-10.915,0,0,-0.1414312,0.9899481,NULL,HEADSET
2026-08-25T18:01:03.838Z,right,wrist_2_joint,0,-9.465002,0,0,0.6096794,0,0.7926481,NULL,HEADSET
2026-08-25T18:01:03.838Z,right,wrist_3_joint,0,0,-8.23,0,0,0.9991201,0.04194156,NULL,HEADSET
2026-08-25T18:01:03.838Z,right,gripper,NULL,NULL,NULL,0,0,0,1,0.1502354,HEADSET
2026-08-25T18:01:03.858Z,right,endEffector,-0.03669327,-0.03713955,0.5384507,0.5994879,-0.03783254,-0.6285289,0.4940993,NULL,HEADSET
2026-08-25T18:01:03.858Z,right,base,0.4777873,-0.3360087,0.773356,0.103936,0.9454932,-0.2116563,0.2245916,NULL,HEADSET
2026-08-25T18:01:03.858Z,right,shoulder_pan_joint,0,8.9159,0,0,0.008868736,0,0.9999607,NULL,HEADSET
2026-08-25T18:01:03.858Z,right,shoulder_lift_joint,NULL,NULL,NULL,0,0,-0.8424203,0.538821,NULL,HEADSET
2026-08-25T18:01:03.858Z,right,elbow_joint,-42.5,0,0,0,0,-0.8005889,0.5992141,NULL,HEADSET
2026-08-25T18:01:03.858Z,right,wrist_1_joint,-39.225,0,-10.915,0,0,-0.1414312,0.9899481,NULL,HEADSET
2026-08-25T18:01:03.858Z,right,wrist_2_joint,0,-9.465002,0,0,0.6096794,0,0.7926481,NULL,HEADSET
2026-08-25T18:01:03.858Z,right,wrist_3_joint,0,0,-8.23,0,0,0.9991201,0.04194156,NULL,HEADSET
2026-08-25T18:01:03.858Z,right,gripper,NULL,NULL,NULL,0,0,0,1,0.1503849,HEADSET
2026-08-25T18:01:03.880Z,right,endEffector,-0.0368338,-0.03676315,0.5378842,0.5998185,-0.03808712,-0.6284851,0.4937346,NULL,HEADSET
2026-08-25T18:01:03.880Z,right,base,0.4770433,-0.3362784,0.7737498,0.1040763,0.9454435,-0.21152,0.2248646,NULL,HEADSET
2026-08-25T18:01:03.880Z,right,shoulder_pan_joint,0,8.9159,0,0,0.008868736,0,0.9999607,NULL,HEADSET
2026-08-25T18:01:03.880Z,right,shoulder_lift_joint,NULL,NULL,NULL,0,0,-0.8424203,0.538821,NULL,HEADSET
2026-08-25T18:01:03.880Z,right,elbow_joint,-42.5,0,0,0,0,-0.8005889,0.5992141,NULL,HEADSET
2026-08-25T18:01:03.880Z,right,wrist_1_joint,-39.225,0,-10.915,0,0,-0.1414312,0.9899481,NULL,HEADSET
2026-08-25T18:01:03.880Z,right,wrist_2_joint,0,-9.465002,0,0,0.6096794,0,0.7926481,NULL,HEADSET
2026-08-25T18:01:03.880Z,right,wrist_3_joint,0,0,-8.23,0,0,0.9991201,0.04194156,NULL,HEADSET
2026-08-25T18:01:03.880Z,right,gripper,NULL,NULL,NULL,0,0,0,1,0.1510779,HEADSET
2026-08-25T18:01:03.899Z,right,endEffector,-0.03714047,-0.03638212,0.5370412,0.6009729,-0.03860106,-0.6280749,0.4928118,NULL,HEADSET
2026-08-25T18:01:03.899Z,right,base,0.4757894,-0.3367383,0.7743618,0.104106,0.9454033,-0.2111071,0.2254068,NULL,HEADSET
2026-08-25T18:01:03.899Z,right,shoulder_pan_joint,0,8.9159,0,0,0.008868736,0,0.9999607,NULL,HEADSET
2026-08-25T18:01:03.899Z,right,shoulder_lift_joint,NULL,NULL,NULL,0,0,-0.8424203,0.538821,NULL,HEADSET
2026-08-25T18:01:03.899Z,right,elbow_joint,-42.5,0,0,0,0,-0.8005889,0.5992141,NULL,HEADSET
2026-08-25T18:01:03.899Z,right,wrist_1_joint,-39.225,0,-10.915,0,0,-0.1414312,0.9899481,NULL,HEADSET
2026-08-25T18:01:03.899Z,right,wrist_2_joint,0,-9.465002,0,0,0.6096794,0,0.7926481,NULL,HEADSET
2026-08-25T18:01:03.899Z,right,wrist_3_joint,0,0,-8.23,0,0,0.9991201,0.04194156,NULL,HEADSET
2026-08-25T18:01:03.899Z,right,gripper,NULL,NULL,NULL,0,0,0,1,0.1514048,HEADSET
2026-08-25T18:01:03.921Z,right,endEffector,-0.03701092,-0.0359765,0.5369511,0.6014157,-0.03827555,-0.6283076,0.4919999,NULL,HEADSET
2026-08-25T18:01:03.921Z,right,base,0.4753278,-0.3368958,0.7746195,0.1040574,0.9454138,-0.2108593,0.2256173,NULL,HEADSET
2026-08-25T18:01:03.921Z,right,shoulder_pan_joint,0,8.9159,0,0,0.008868736,0,0.9999607,NULL,HEADSET
2026-08-25T18:01:03.921Z,right,shoulder_lift_joint,NULL,NULL,NULL,0,0,-0.8424203,0.538821,NULL,HEADSET
2026-08-25T18:01:03.921Z,right,elbow_joint,-42.5,0,0,0,0,-0.8005889,0.5992141,NULL,HEADSET
2026-08-25T18:01:03.921Z,right,wrist_1_joint,-39.225,0,-10.915,0,0,-0.1414312,0.9899481,NULL,HEADSET
2026-08-25T18:01:03.921Z,right,wrist_2_joint,0,-9.465002,0,0,0.6096794,0,0.7926481,NULL,HEADSET
2026-08-25T18:01:03.921Z,right,wrist_3_joint,0,0,-8.23,0,0,0.9991201,0.04194156,NULL,HEADSET
2026-08-25T18:01:03.921Z,right,gripper,NULL,NULL,NULL,0,0,0,1,0.1513382,HEADSET
2026-08-25T18:01:03.940Z,right,endEffector,-0.03668039,-0.03504309,0.5372788,0.6015818,-0.03819177,-0.6281218,0.4920405,NULL,HEADSET
2026-08-25T18:01:03.940Z,right,base,0.4752462,-0.335936,0.7751905,0.1033545,0.945438,-0.2108799,0.2258193,NULL,HEADSET
2026-08-25T18:01:03.940Z,right,shoulder_pan_joint,0,8.9159,0,0,0.008868736,0,0.9999607,NULL,HEADSET
2026-08-25T18:01:03.940Z,right,shoulder_lift_joint,NULL,NULL,NULL,0,0,-0.8424203,0.538821,NULL,HEADSET
2026-08-25T18:01:03.940Z,right,elbow_joint,-42.5,0,0,0,0,-0.8005889,0.5992141,NULL,HEADSET
2026-08-25T18:01:03.940Z,right,wrist_1_joint,-39.225,0,-10.915,0,0,-0.1414312,0.9899481,NULL,HEADSET
2026-08-25T18:01:03.940Z,right,wrist_2_joint,0,-9.465002,0,0,0.6096794,0,0.7926481,NULL,HEADSET
2026-08-25T18:01:03.940Z,right,wrist_3_joint,0,0,-8.23,0,0,0.9991201,0.04194156,NULL,HEADSET
2026-08-25T18:01:03.940Z,right,gripper,NULL,NULL,NULL,0,0,0,1,0.1513057,HEADSET
2026-08-25T18:01:03.964Z,right,endEffector,-0.03658093,-0.0349075,0.5372125,0.6016912,-0.03773367,-0.6280528,0.4920299,NULL,HEADSET
2026-08-25T18:01:03.964Z,right,base,0.4751911,-0.3358829,0.7752798,0.1029365,0.9454971,-0.2106262,0.2259995,NULL,HEADSET
2026-08-25T18:01:03.964Z,right,shoulder_pan_joint,0,8.9159,0,0,0.008868736,0,0.9999607,NULL,HEADSET
2026-08-25T18:01:03.964Z,right,shoulder_lift_joint,NULL,NULL,NULL,0,0,-0.8424203,0.538821,NULL,HEADSET
2026-08-25T18:01:03.964Z,right,elbow_joint,-42.5,0,0,0,0,-0.8005889,0.5992141,NULL,HEADSET
2026-08-25T18:01:03.964Z,right,wrist_1_joint,-39.225,0,-10.915,0,0,-0.1414312,0.9899481,NULL,HEADSET
2026-08-25T18:01:03.964Z,right,wrist_2_joint,0,-9.465002,0,0,0.6096794,0,0.7926481,NULL,HEADSET
2026-08-25T18:01:03.964Z,right,wrist_3_joint,0,0,-8.23,0,0,0.9991201,0.04194156,NULL,HEADSET
2026-08-25T18:01:03.964Z,right,gripper,NULL,NULL,NULL,0,0,0,1,0.1514639,HEADSET
2026-08-25T18:01:03.983Z,right,endEffector,-0.03659645,-0.03432639,0.537102,0.602451,-0.03720228,-0.6276721,0.4916265,NULL,HEADSET
2026-08-25T18:01:03.983Z,right,base,0.4743108,-0.3364913,0.7754933,0.1027064,0.9456043,-0.2098216,0.2264041,NULL,HEADSET
2026-08-25T18:01:03.983Z,right,shoulder_pan_joint,0,8.9159,0,0,0.008710771,0,0.9999621,NULL,HEADSET
2026-08-25T18:01:03.983Z,right,shoulder_lift_joint,NULL,NULL,NULL,0,0,-0.8422739,0.5390499,NULL,HEADSET
2026-08-25T18:01:03.983Z,right,elbow_joint,-42.5,0,0,0,0,-0.8007296,0.599026,NULL,HEADSET
2026-08-25T18:01:03.983Z,right,wrist_1_joint,-39.225,0,-10.915,0,0,-0.1414603,0.9899439,NULL,HEADSET
2026-08-25T18:01:03.983Z,right,wrist_2_joint,0,-9.465002,0,0,0.6094847,0,0.7927978,NULL,HEADSET
2026-08-25T18:01:03.983Z,right,wrist_3_joint,0,0,-8.23,0,0,0.9991205,0.04193075,NULL,HEADSET
2026-08-25T18:01:03.983Z,right,gripper,NULL,NULL,NULL,0,0,0,1,0.1515366,HEADSET
2026-08-25T18:01:04.005Z,right,endEffector,-0.03662338,-0.03400847,0.5371612,0.6029761,-0.03681342,-0.6280039,0.4905874,NULL,HEADSET
2026-08-25T18:01:04.005Z,right,base,0.4734483,-0.3369492,0.7757699,0.1027607,0.9456114,-0.2093989,0.226741,NULL,HEADSET
2026-08-25T18:01:04.005Z,right,shoulder_pan_joint,0,8.9159,0,0,0.008139696,0,0.9999669,NULL,HEADSET
2026-08-25T18:01:04.005Z,right,shoulder_lift_joint,NULL,NULL,NULL,0,0,-0.8415899,0.5401171,NULL,HEADSET
2026-08-25T18:01:04.005Z,right,elbow_joint,-42.5,0,0,0,0,-0.8012617,0.5983141,NULL,HEADSET
2026-08-25T18:01:04.005Z,right,wrist_1_joint,-39.225,0,-10.915,0,0,-0.1416432,0.9899178,NULL,HEADSET
2026-08-25T18:01:04.005Z,right,wrist_2_joint,0,-9.465002,0,0,0.6087481,0,0.7933636,NULL,HEADSET
2026-08-25T18:01:04.005Z,right,wrist_3_joint,0,0,-8.23,0,0,0.9991224,0.04188634,NULL,HEADSET
2026-08-25T18:01:04.005Z,right,gripper,NULL,NULL,NULL,0,0,0,1,0.1516867,HEADSET
2026-08-25T18:01:04.024Z,right,endEffector,-0.03684433,-0.03357869,0.5375593,0.6038415,-0.03718785,-0.6280038,0.4894933,NULL,HEADSET
2026-08-25T18:01:04.024Z,right,base,0.4715249,-0.3376935,0.7765926,0.1029678,0.9455411,-0.2088558,0.2274399,NULL,HEADSET
2026-08-25T18:01:04.024Z,right,shoulder_pan_joint,0,8.9159,0,0,0.007657424,0,0.9999707,NULL,HEADSET
2026-08-25T18:01:04.024Z,right,shoulder_lift_joint,NULL,NULL,NULL,0,0,-0.8409202,0.5411593,NULL,HEADSET
2026-08-25T18:01:04.024Z,right,elbow_joint,-42.5,0,0,0,0,-0.8017519,0.597657,NULL,HEADSET
2026-08-25T18:01:04.024Z,right,wrist_1_joint,-39.225,0,-10.915,0,0,-0.1418151,0.9898931,NULL,HEADSET
2026-08-25T18:01:04.024Z,right,wrist_2_joint,0,-9.465002,0,0,0.6080621,0,0.7938895,NULL,HEADSET
2026-08-25T18:01:04.024Z,right,wrist_3_joint,0,0,-8.23,0,0,0.9991279,0.04175505,NULL,HEADSET
2026-08-25T18:01:04.024Z,right,gripper,NULL,NULL,NULL,0,0,0,1,0.1519861,HEADSET
2026-08-25T18:01:04.046Z,right,endEffector,-0.03648603,-0.03317028,0.5377099,0.6046014,-0.0368714,-0.6280103,0.4885701,NULL,HEADSET
2026-08-25T18:01:04.046Z,right,base,0.4705919,-0.3383065,0.776951,0.10305,0.9455425,-0.2083722,0.2278398,NULL,HEADSET
2026-08-25T18:01:04.046Z,right,shoulder_pan_joint,0,8.9159,0,0,0.007155712,0,0.9999744,NULL,HEADSET
2026-08-25T18:01:04.046Z,right,shoulder_lift_joint,NULL,NULL,NULL,0,0,-0.8400133,0.5425659,NULL,HEADSET
2026-08-25T18:01:04.046Z,right,elbow_joint,-42.5,0,0,0,0,-0.8024092,0.5967742,NULL,HEADSET
2026-08-25T18:01:04.046Z,right,wrist_1_joint,-39.225,0,-10.915,0,0,-0.1419929,0.9898677,NULL,HEADSET
2026-08-25T18:01:04.046Z,right,wrist_2_joint,0,-9.465002,0,0,0.6072544,0,0.7945074,NULL,HEADSET
2026-08-25T18:01:04.046Z,right,wrist_3_joint,0,0,-8.23,0,0,0.9991362,0.04155485,NULL,HEADSET
2026-08-25T18:01:04.046Z,right,gripper,NULL,NULL,NULL,0,0,0,1,0.151722,HEADSET
2026-08-25T18:01:04.065Z,right,endEffector,-0.03567142,-0.03268538,0.5378358,0.6056855,-0.0356847,-0.6275809,0.4878668,NULL,HEADSET
2026-08-25T18:01:04.065Z,right,base,0.47012,-0.3386239,0.7771914,0.1022253,0.9457565,-0.2072029,0.2283891,NULL,HEADSET
2026-08-25T18:01:04.065Z,right,shoulder_pan_joint,0,8.9159,0,0,0.006743538,0,0.9999773,NULL,HEADSET
2026-08-25T18:01:04.065Z,right,shoulder_lift_joint,NULL,NULL,NULL,0,0,-0.8391019,0.5439743,NULL,HEADSET
2026-08-25T18:01:04.065Z,right,elbow_joint,-42.5,0,0,0,0,-0.8030443,0.5959194,NULL,HEADSET
2026-08-25T18:01:04.065Z,right,wrist_1_joint,-39.225,0,-10.915,0,0,-0.142177,0.9898413,NULL,HEADSET
2026-08-25T18:01:04.065Z,right,wrist_2_joint,0,-9.465002,0,0,0.6065378,0,0.7950547,NULL,HEADSET
2026-08-25T18:01:04.065Z,right,wrist_3_joint,0,0,-8.23,0,0,0.9991468,0.04129975,NULL,HEADSET
2026-08-25T18:01:04.065Z,right,gripper,NULL,NULL,NULL,0,0,0,1,0.1521161,HEADSET
2026-08-25T18:01:04.088Z,right,endEffector,-0.03509168,-0.03201522,0.5374353,0.6060899,-0.03531589,-0.6275302,0.4874565,NULL,HEADSET
2026-08-25T18:01:04.088Z,right,base,0.4700982,-0.3384645,0.7772223,0.1017086,0.9458731,-0.2067389,0.2285577,NULL,HEADSET
2026-08-25T18:01:04.088Z,right,shoulder_pan_joint,0,8.9159,0,0,0.00618334,0,0.9999809,NULL,HEADSET
2026-08-25T18:01:04.088Z,right,shoulder_lift_joint,NULL,NULL,NULL,0,0,-0.8375525,0.5463569,NULL,HEADSET
2026-08-25T18:01:04.088Z,right,elbow_joint,-42.5,0,0,0,0,-0.804035,0.594582,NULL,HEADSET
2026-08-25T18:01:04.088Z,right,wrist_1_joint,-39.225,0,-10.915,0,0,-0.1425385,0.9897893,NULL,HEADSET
2026-08-25T18:01:04.088Z,right,wrist_2_joint,0,-9.465002,0,0,0.6055426,0,0.7958129,NULL,HEADSET
2026-08-25T18:01:04.088Z,right,wrist_3_joint,0,0,-8.23,0,0,0.9991667,0.04081586,NULL,HEADSET
2026-08-25T18:01:04.088Z,right,gripper,NULL,NULL,NULL,0,0,0,1,0.1531251,HEADSET
2026-08-25T18:01:04.108Z,right,endEffector,-0.03394344,-0.03087358,0.5362744,0.6076634,-0.03416549,-0.6276165,0.4854644,NULL,HEADSET
2026-08-25T18:01:04.108Z,right,base,0.4693295,-0.3393467,0.7772008,0.1012896,0.946079,-0.2056653,0.2288595,NULL,HEADSET
2026-08-25T18:01:04.108Z,right,shoulder_pan_joint,0,8.9159,0,0,0.005839052,0,0.999983,NULL,HEADSET
2026-08-25T18:01:04.108Z,right,shoulder_lift_joint,NULL,NULL,NULL,0,0,-0.8366744,0.5477006,NULL,HEADSET
2026-08-25T18:01:04.108Z,right,elbow_joint,-42.5,0,0,0,0,-0.8045248,0.5939191,NULL,HEADSET
2026-08-25T18:01:04.108Z,right,wrist_1_joint,-39.225,0,-10.915,0,0,-0.1427938,0.9897525,NULL,HEADSET
2026-08-25T18:01:04.108Z,right,wrist_2_joint,0,-9.465002,0,0,0.6049774,0,0.7962427,NULL,HEADSET
2026-08-25T18:01:04.108Z,right,wrist_3_joint,0,0,-8.23,0,0,0.9991798,0.04049343,NULL,HEADSET
2026-08-25T18:01:04.108Z,right,gripper,NULL,NULL,NULL,0,0,0,1,0.1532325,HEADSET
2026-08-25T18:01:04.132Z,right,endEffector,-0.03353585,-0.03051013,0.5359389,0.6084401,-0.03338079,-0.6277181,0.4844134,NULL,HEADSET
2026-08-25T18:01:04.132Z,right,base,0.4688123,-0.3399276,0.7771851,0.1010924,0.9461852,-0.2049869,0.2291159,NULL,HEADSET
2026-08-25T18:01:04.132Z,right,shoulder_pan_joint,0,8.9159,0,0,0.005054309,0,0.9999872,NULL,HEADSET
2026-08-25T18:01:04.132Z,right,shoulder_lift_joint,NULL,NULL,NULL,0,0,-0.8348636,0.5504569,NULL,HEADSET
2026-08-25T18:01:04.132Z,right,elbow_joint,-42.5,0,0,0,0,-0.8053197,0.5928407,NULL,HEADSET
2026-08-25T18:01:04.132Z,right,wrist_1_joint,-39.225,0,-10.915,0,0,-0.1433624,0.9896703,NULL,HEADSET
2026-08-25T18:01:04.132Z,right,wrist_2_joint,0,-9.465002,0,0,0.6041173,0,0.7968954,NULL,HEADSET
2026-08-25T18:01:04.132Z,right,wrist_3_joint,0,0,-8.23,0,0,0.9992145,0.03962899,NULL,HEADSET
2026-08-25T18:01:04.132Z,right,gripper,NULL,NULL,NULL,0,0,0,1,0.1531907,HEADSET
2026-08-25T18:01:04.153Z,right,endEffector,-0.03293332,-0.02876471,0.535518,0.6098608,-0.03311864,-0.6276315,0.4827543,NULL,HEADSET
2026-08-25T18:01:04.153Z,right,base,0.4671583,-0.3395796,0.778151,0.1006032,0.9461281,-0.2043763,0.2301107,NULL,HEADSET
2026-08-25T18:01:04.153Z,right,shoulder_pan_joint,0,8.9159,0,0,0.004551229,0,0.9999896,NULL,HEADSET
2026-08-25T18:01:04.153Z,right,shoulder_lift_joint,NULL,NULL,NULL,0,0,-0.8336533,0.5522881,NULL,HEADSET
2026-08-25T18:01:04.153Z,right,elbow_joint,-42.5,0,0,0,0,-0.80581,0.5921742,NULL,HEADSET
2026-08-25T18:01:04.153Z,right,wrist_1_joint,-39.225,0,-10.915,0,0,-0.1438407,0.9896009,NULL,HEADSET
2026-08-25T18:01:04.153Z,right,wrist_2_joint,0,-9.465002,0,0,0.6035511,0,0.7973244,NULL,HEADSET
2026-08-25T18:01:04.153Z,right,wrist_3_joint,0,0,-8.23,0,0,0.9992429,0.03890524,NULL,HEADSET
2026-08-25T18:01:04.153Z,right,gripper,NULL,NULL,NULL,0,0,0,1,0.1532607,HEADSET
2026-08-25T18:01:04.177Z,right,endEffector,-0.03279518,-0.02818769,0.5352098,0.61009,-0.03321618,-0.6277443,0.482311,NULL,HEADSET
2026-08-25T18:01:04.177Z,right,base,0.4660538,-0.3399646,0.7785643,0.1006002,0.9460931,-0.2040496,0.2305456,NULL,HEADSET
2026-08-25T18:01:04.177Z,right,shoulder_pan_joint,0,8.9159,0,0,0.003909855,0,0.9999924,NULL,HEADSET
2026-08-25T18:01:04.177Z,right,shoulder_lift_joint,NULL,NULL,NULL,0,0,-0.8319122,0.5549074,NULL,HEADSET
2026-08-25T18:01:04.177Z,right,elbow_joint,-42.5,0,0,0,0,-0.8065369,0.5911837,NULL,HEADSET
2026-08-25T18:01:04.177Z,right,wrist_1_joint,-39.225,0,-10.915,0,0,-0.1444372,0.989514,NULL,HEADSET
2026-08-25T18:01:04.177Z,right,wrist_2_joint,0,-9.465002,0,0,0.6028976,0,0.7978185,NULL,HEADSET
2026-08-25T18:01:04.177Z,right,wrist_3_joint,0,0,-8.23,0,0,0.9992851,0.03780586,NULL,HEADSET
2026-08-25T18:01:04.177Z,right,gripper,NULL,NULL,NULL,0,0,0,1,0.153565,HEADSET
2026-08-25T18:01:04.190Z,right,endEffector,-0.03327356,-0.02761146,0.5350572,0.6118108,-0.03318701,-0.6275722,0.4803535,NULL,HEADSET
2026-08-25T18:01:04.190Z,right,base,0.4631574,-0.3411906,0.7794402,0.1009378,0.9459683,-0.2031835,0.2316725,NULL,HEADSET
2026-08-25T18:01:04.190Z,right,shoulder_pan_joint,0,8.9159,0,0,0.003514075,0,0.9999939,NULL,HEADSET
2026-08-25T18:01:04.190Z,right,shoulder_lift_joint,NULL,NULL,NULL,0,0,-0.8308697,0.556467,NULL,HEADSET
2026-08-25T18:01:04.190Z,right,elbow_joint,-42.5,0,0,0,0,-0.8069526,0.5906163,NULL,HEADSET
2026-08-25T18:01:04.190Z,right,wrist_1_joint,-39.225,0,-10.915,0,0,-0.1449069,0.9894453,NULL,HEADSET
2026-08-25T18:01:04.190Z,right,wrist_2_joint,0,-9.465002,0,0,0.6024567,0,0.7981516,NULL,HEADSET
2026-08-25T18:01:04.190Z,right,wrist_3_joint,0,0,-8.23,0,0,0.9993109,0.03712012,NULL,HEADSET
2026-08-25T18:01:04.190Z,right,gripper,NULL,NULL,NULL,0,0,0,1,0.1539018,HEADSET
2026-08-25T18:01:04.213Z,right,endEffector,-0.03294113,-0.02675278,0.5348241,0.6128756,-0.03377134,-0.6275479,0.478985,NULL,HEADSET
2026-08-25T18:01:04.213Z,right,base,0.4617304,-0.341495,0.7800362,0.1009538,0.9458756,-0.2028323,0.2323505,NULL,HEADSET
2026-08-25T18:01:04.213Z,right,shoulder_pan_joint,0,8.9159,0,0,0.003045897,0,0.9999954,NULL,HEADSET
2026-08-25T18:01:04.213Z,right,shoulder_lift_joint,NULL,NULL,NULL,0,0,-0.8293769,0.5586896,NULL,HEADSET
2026-08-25T18:01:04.213Z,right,elbow_joint,-42.5,0,0,0,0,-0.8076021,0.5897278,NULL,HEADSET
2026-08-25T18:01:04.213Z,right,wrist_1_joint,-39.225,0,-10.915,0,0,-0.1454882,0.98936,NULL,HEADSET
2026-08-25T18:01:04.213Z,right,wrist_2_joint,0,-9.465002,0,0,0.6019462,0,0.7985367,NULL,HEADSET
2026-08-25T18:01:04.213Z,right,wrist_3_joint,0,0,-8.23,0,0,0.9993474,0.03612084,NULL,HEADSET
2026-08-25T18:01:04.213Z,right,gripper,NULL,NULL,NULL,0,0,0,1,0.1543556,HEADSET
2026-08-25T18:01:04.232Z,right,endEffector,-0.0325337,-0.0251641,0.5345196,0.6140407,-0.03401006,-0.626698,0.4785885,NULL,HEADSET
2026-08-25T18:01:04.232Z,right,base,0.4599409,-0.3409048,0.7809435,0.1000981,0.9458148,-0.2021119,0.2335925,NULL,HEADSET
2026-08-25T18:01:04.232Z,right,shoulder_pan_joint,0,8.9159,0,0,0.002713712,0,0.9999963,NULL,HEADSET
2026-08-25T18:01:04.232Z,right,shoulder_lift_joint,NULL,NULL,NULL,0,0,-0.8282647,0.560337,NULL,HEADSET
2026-08-25T18:01:04.232Z,right,elbow_joint,-42.5,0,0,0,0,-0.8081066,0.5890362,NULL,HEADSET
2026-08-25T18:01:04.232Z,right,wrist_1_joint,-39.225,0,-10.915,0,0,-0.1458485,0.9893069,NULL,HEADSET
2026-08-25T18:01:04.232Z,right,wrist_2_joint,0,-9.465002,0,0,0.6015814,0,0.7988115,NULL,HEADSET
2026-08-25T18:01:04.232Z,right,wrist_3_joint,0,0,-8.23,0,0,0.9993737,0.03538762,NULL,HEADSET
2026-08-25T18:01:04.232Z,right,gripper,NULL,NULL,NULL,0,0,0,1,0.1544777,HEADSET
2026-08-25T18:01:04.256Z,right,endEffector,-0.03205702,-0.02366716,0.5342077,0.6144763,-0.03414091,-0.6265464,0.4782186,NULL,HEADSET
2026-08-25T18:01:04.256Z,right,base,0.4589597,-0.3402765,0.7815759,0.0996163,0.9457405,-0.2019212,0.2342637,NULL,HEADSET
2026-08-25T18:01:04.256Z,right,shoulder_pan_joint,0,8.9159,0,0,0.002238409,0,0.9999975,NULL,HEADSET
2026-08-25T18:01:04.256Z,right,shoulder_lift_joint,NULL,NULL,NULL,0,0,-0.826371,0.5631261,NULL,HEADSET
2026-08-25T18:01:04.256Z,right,elbow_joint,-42.5,0,0,0,0,-0.8089793,0.5878371,NULL,HEADSET
2026-08-25T18:01:04.256Z,right,wrist_1_joint,-39.225,0,-10.915,0,0,-0.1464483,0.9892184,NULL,HEADSET
2026-08-25T18:01:04.256Z,right,wrist_2_joint,0,-9.465002,0,0,0.6011292,0,0.7991519,NULL,HEADSET
2026-08-25T18:01:04.256Z,right,wrist_3_joint,0,0,-8.23,0,0,0.9994007,0.03461679,NULL,HEADSET
2026-08-25T18:01:04.256Z,right,gripper,NULL,NULL,NULL,0,0,0,1,0.1550742,HEADSET
2026-08-25T18:01:04.273Z,right,endEffector,-0.03234569,-0.02171327,0.5337397,0.6162184,-0.03554321,-0.6257015,0.4769793,NULL,HEADSET
2026-08-25T18:01:04.273Z,right,base,0.4557437,-0.3396583,0.7830473,0.09921877,0.9454543,-0.2015989,0.2358595,NULL,HEADSET
2026-08-25T18:01:04.273Z,right,shoulder_pan_joint,0,8.9159,0,0,0.001848942,0,0.9999983,NULL,HEADSET
2026-08-25T18:01:04.273Z,right,shoulder_lift_joint,NULL,NULL,NULL,0,0,-0.8248207,0.5653943,NULL,HEADSET
2026-08-25T18:01:04.273Z,right,elbow_joint,-42.5,0,0,0,0,-0.8096436,0.5869219,NULL,HEADSET
2026-08-25T18:01:04.273Z,right,wrist_1_joint,-39.225,0,-10.915,0,0,-0.1470477,0.9891294,NULL,HEADSET
2026-08-25T18:01:04.273Z,right,wrist_2_joint,0,-9.465002,0,0,0.6006809,0,0.7994889,NULL,HEADSET
2026-08-25T18:01:04.273Z,right,wrist_3_joint,0,0,-8.23,0,0,0.9994261,0.0338728,NULL,HEADSET
2026-08-25T18:01:04.273Z,right,gripper,NULL,NULL,NULL,0,0,0,1,0.1566641,HEADSET
2026-08-25T18:01:04.298Z,right,endEffector,-0.03181685,-0.02004437,0.5331206,0.6174338,-0.03642292,-0.6253489,0.4758021,NULL,HEADSET
2026-08-25T18:01:04.298Z,right,base,0.4537608,-0.3392869,0.7841097,0.09902519,0.9452454,-0.2014145,0.2369331,NULL,HEADSET
2026-08-25T18:01:04.298Z,right,shoulder_pan_joint,0,8.9159,0,0,0.001389689,0,0.999999,NULL,HEADSET
2026-08-25T18:01:04.298Z,right,shoulder_lift_joint,NULL,NULL,NULL,0,0,-0.8228853,0.5682075,NULL,HEADSET
2026-08-25T18:01:04.298Z,right,elbow_joint,-42.5,0,0,0,0,-0.8105195,0.5857116,NULL,HEADSET
2026-08-25T18:01:04.298Z,right,wrist_1_joint,-39.225,0,-10.915,0,0,-0.1476405,0.9890411,NULL,HEADSET
2026-08-25T18:01:04.298Z,right,wrist_2_joint,0,-9.465002,0,0,0.6003306,0,0.7997519,NULL,HEADSET
2026-08-25T18:01:04.298Z,right,wrist_3_joint,0,0,-8.23,0,0,0.9994435,0.03335768,NULL,HEADSET
2026-08-25T18:01:04.298Z,right,gripper,NULL,NULL,NULL,0,0,0,1,0.1576449,HEADSET
2026-08-25T18:01:04.318Z,right,endEffector,-0.03184979,-0.01793343,0.5320879,0.619686,-0.03760195,-0.6243703,0.4740644,NULL,HEADSET
2026-08-25T18:01:04.318Z,right,base,0.4500791,-0.3387576,0.7860833,0.09864043,0.944863,-0.2010032,0.23896,NULL,HEADSET
2026-08-25T18:01:04.318Z,right,shoulder_pan_joint,0,8.9159,0,0,0.000838228,0,0.9999996,NULL,HEADSET
2026-08-25T18:01:04.318Z,right,shoulder_lift_joint,NULL,NULL,NULL,0,0,-0.8209808,0.5709558,NULL,HEADSET
2026-08-25T18:01:04.318Z,right,elbow_joint,-42.5,0,0,0,0,-0.8113747,0.5845264,NULL,HEADSET
2026-08-25T18:01:04.318Z,right,wrist_1_joint,-39.225,0,-10.915,0,0,-0.1481839,0.9889598,NULL,HEADSET
2026-08-25T18:01:04.318Z,right,wrist_2_joint,0,-9.465002,0,0,0.5999131,0,0.8000652,NULL,HEADSET
2026-08-25T18:01:04.318Z,right,wrist_3_joint,0,0,-8.23,0,0,0.9994659,0.03267951,NULL,HEADSET
2026-08-25T18:01:04.318Z,right,gripper,NULL,NULL,NULL,0,0,0,1,0.1585899,HEADSET
2026-08-25T18:01:04.339Z,right,endEffector,-0.03078114,-0.01645938,0.5313926,0.6207173,-0.03810723,-0.6234381,0.4739017,NULL,HEADSET
2026-08-25T18:01:04.339Z,right,base,0.4488102,-0.3384205,0.7867226,0.09801143,0.9448095,-0.2004022,0.2399331,NULL,HEADSET
2026-08-25T18:01:04.339Z,right,shoulder_pan_joint,0,8.9159,0,0,5.161488E-05,0,1,NULL,HEADSET
2026-08-25T18:01:04.339Z,right,shoulder_lift_joint,NULL,NULL,NULL,0,0,-0.8188296,0.5740367,NULL,HEADSET
2026-08-25T18:01:04.339Z,right,elbow_joint,-42.5,0,0,0,0,-0.8123287,0.5831999,NULL,HEADSET
2026-08-25T18:01:04.339Z,right,wrist_1_joint,-39.225,0,-10.915,0,0,-0.1486604,0.9888883,NULL,HEADSET
2026-08-25T18:01:04.339Z,right,wrist_2_joint,0,-9.465002,0,0,0.5993242,0,0.8005064,NULL,HEADSET
2026-08-25T18:01:04.339Z,right,wrist_3_joint,0,0,-8.23,0,0,0.9995025,0.03153869,NULL,HEADSET
2026-08-25T18:01:04.339Z,right,gripper,NULL,NULL,NULL,0,0,0,1,0.1587423,HEADSET
2026-08-25T18:01:04.358Z,right,endEffector,-0.03003083,-0.01487963,0.531155,0.6224969,-0.03901339,-0.6228758,0.4722301,NULL,HEADSET
2026-08-25T18:01:04.358Z,right,base,0.4453832,-0.338492,0.7881414,0.09756266,0.9445841,-0.1995133,0.2417375,NULL,HEADSET
2026-08-25T18:01:04.358Z,right,shoulder_pan_joint,0,8.9159,0,0,-0.0006800664,0,0.9999998,NULL,HEADSET
2026-08-25T18:01:04.358Z,right,shoulder_lift_joint,NULL,NULL,NULL,0,0,-0.8166929,0.5770726,NULL,HEADSET
2026-08-25T18:01:04.358Z,right,elbow_joint,-42.5,0,0,0,0,-0.8132331,0.5819381,NULL,HEADSET
2026-08-25T18:01:04.358Z,right,wrist_1_joint,-39.225,0,-10.915,0,0,-0.149383,0.9887794,NULL,HEADSET
2026-08-25T18:01:04.358Z,right,wrist_2_joint,0,-9.465002,0,0,0.5990983,0,0.8006755,NULL,HEADSET
2026-08-25T18:01:04.358Z,right,wrist_3_joint,0,0,-8.23,0,0,0.9995115,0.0312525,NULL,HEADSET
2026-08-25T18:01:04.358Z,right,gripper,NULL,NULL,NULL,0,0,0,1,0.1599707,HEADSET
2026-08-25T18:01:04.381Z,right,endEffector,-0.0290775,-0.01375426,0.5313299,0.6234753,-0.0403389,-0.6226546,0.4711185,NULL,HEADSET
2026-08-25T18:01:04.381Z,right,base,0.4429569,-0.3387076,0.7892455,0.09781227,0.9443208,-0.1993724,0.2427793,NULL,HEADSET
2026-08-25T18:01:04.381Z,right,shoulder_pan_joint,0,8.9159,0,0,-0.001534653,0,0.9999988,NULL,HEADSET
2026-08-25T18:01:04.381Z,right,shoulder_lift_joint,NULL,NULL,NULL,0,0,-0.8141966,0.5805892,NULL,HEADSET
2026-08-25T18:01:04.381Z,right,elbow_joint,-42.5,0,0,0,0,-0.8144971,0.5801677,NULL,HEADSET
2026-08-25T18:01:04.381Z,right,wrist_1_joint,-39.225,0,-10.915,0,0,-0.1499205,0.9886981,NULL,HEADSET
2026-08-25T18:01:04.381Z,right,wrist_2_joint,0,-9.465002,0,0,0.5983669,0,0.8012222,NULL,HEADSET
2026-08-25T18:01:04.381Z,right,wrist_3_joint,0,0,-8.23,0,0,0.999546,0.0301313,NULL,HEADSET
2026-08-25T18:01:04.381Z,right,gripper,NULL,NULL,NULL,0,0,0,1,0.1605151,HEADSET
2026-08-25T18:01:04.400Z,right,endEffector,-0.0279431,-0.01247019,0.5309212,0.6242772,-0.04201526,-0.6224971,0.4701173,NULL,HEADSET
2026-08-25T18:01:04.400Z,right,base,0.4400941,-0.3389869,0.790545,0.09747467,0.9441308,-0.1987452,0.2441641,NULL,HEADSET
2026-08-25T18:01:04.400Z,right,shoulder_pan_joint,0,8.9159,0,0,-0.002301397,0,0.9999974,NULL,HEADSET
2026-08-25T18:01:04.400Z,right,shoulder_lift_joint,NULL,NULL,NULL,0,0,-0.8118037,0.5839306,NULL,HEADSET
2026-08-25T18:01:04.400Z,right,elbow_joint,-42.5,0,0,0,0,-0.8158499,0.5782637,NULL,HEADSET
2026-08-25T18:01:04.400Z,right,wrist_1_joint,-39.225,0,-10.915,0,0,-0.1503969,0.9886257,NULL,HEADSET
2026-08-25T18:01:04.400Z,right,wrist_2_joint,0,-9.465002,0,0,0.5976417,0,0.8017633,NULL,HEADSET
2026-08-25T18:01:04.400Z,right,wrist_3_joint,0,0,-8.23,0,0,0.9995761,0.02911444,NULL,HEADSET
2026-08-25T18:01:04.400Z,right,gripper,NULL,NULL,NULL,0,0,0,1,0.1617435,HEADSET
2026-08-25T18:01:04.422Z,right,endEffector,-0.02703652,-0.01176275,0.5308062,0.6245504,-0.04183198,-0.6221591,0.4702181,NULL,HEADSET
2026-08-25T18:01:04.422Z,right,base,0.4396659,-0.3385361,0.790837,0.09662697,0.9442019,-0.1982585,0.2446211,NULL,HEADSET
2026-08-25T18:01:04.422Z,right,shoulder_pan_joint,0,8.9159,0,0,-0.003282136,0,0.9999946,NULL,HEADSET
2026-08-25T18:01:04.422Z,right,shoulder_lift_joint,NULL,NULL,NULL,0,0,-0.8091814,0.5875589,NULL,HEADSET
2026-08-25T18:01:04.422Z,right,elbow_joint,-42.5,0,0,0,0,-0.8173178,0.5761872,NULL,HEADSET
2026-08-25T18:01:04.422Z,right,wrist_1_joint,-39.225,0,-10.915,0,0,-0.1509089,0.9885477,NULL,HEADSET
2026-08-25T18:01:04.422Z,right,wrist_2_joint,0,-9.465002,0,0,0.5967042,0,0.8024613,NULL,HEADSET
2026-08-25T18:01:04.422Z,right,wrist_3_joint,0,0,-8.23,0,0,0.9996035,0.02815949,NULL,HEADSET
2026-08-25T18:01:04.422Z,right,gripper,NULL,NULL,NULL,0,0,0,1,0.1620319,HEADSET
2026-08-25T18:01:04.443Z,right,endEffector,-0.02541567,-0.0106032,0.5314261,0.6262414,-0.04360908,-0.6209135,0.4694534,NULL,HEADSET
2026-08-25T18:01:04.443Z,right,base,0.4371829,-0.3387127,0.7917869,0.09563612,0.9441822,-0.1971644,0.2459672,NULL,HEADSET
2026-08-25T18:01:04.443Z,right,shoulder_pan_joint,0,8.9159,0,0,-0.004139894,0,0.9999914,NULL,HEADSET
2026-08-25T18:01:04.443Z,right,shoulder_lift_joint,NULL,NULL,NULL,0,0,-0.8069546,0.5906135,NULL,HEADSET
2026-08-25T18:01:04.443Z,right,elbow_joint,-42.5,0,0,0,0,-0.8185168,0.5744827,NULL,HEADSET
2026-08-25T18:01:04.443Z,right,wrist_1_joint,-39.225,0,-10.915,0,0,-0.15152,0.9884542,NULL,HEADSET
2026-08-25T18:01:04.443Z,right,wrist_2_joint,0,-9.465002,0,0,0.5958097,0,0.8031257,NULL,HEADSET
2026-08-25T18:01:04.443Z,right,wrist_3_joint,0,0,-8.23,0,0,0.9996271,0.02730838,NULL,HEADSET
2026-08-25T18:01:04.443Z,right,gripper,NULL,NULL,NULL,0,0,0,1,0.1635552,HEADSET
2026-08-25T18:01:04.466Z,right,endEffector,-0.02575171,-0.01053987,0.5316243,0.6271833,-0.04370165,-0.6203116,0.4689828,NULL,HEADSET
2026-08-25T18:01:04.466Z,right,base,0.4352197,-0.3393973,0.7924347,0.09555656,0.9441092,-0.1964114,0.2468791,NULL,HEADSET
2026-08-25T18:01:04.466Z,right,shoulder_pan_joint,0,8.9159,0,0,-0.004936735,0,0.9999878,NULL,HEADSET
2026-08-25T18:01:04.466Z,right,shoulder_lift_joint,NULL,NULL,NULL,0,0,-0.804207,0.5943494,NULL,HEADSET
2026-08-25T18:01:04.466Z,right,elbow_joint,-42.5,0,0,0,0,-0.8201287,0.5721791,NULL,HEADSET
2026-08-25T18:01:04.466Z,right,wrist_1_joint,-39.225,0,-10.915,0,0,-0.1519849,0.9883828,NULL,HEADSET
2026-08-25T18:01:04.466Z,right,wrist_2_joint,0,-9.465002,0,0,0.5950487,0,0.8036897,NULL,HEADSET
2026-08-25T18:01:04.466Z,right,wrist_3_joint,0,0,-8.23,0,0,0.999639,0.02686868,NULL,HEADSET
2026-08-25T18:01:04.466Z,right,gripper,NULL,NULL,NULL,0,0,0,1,0.1652097,HEADSET
2026-08-25T18:01:04.484Z,right,endEffector,-0.02282014,-0.008605301,0.5318861,0.6297292,-0.04577014,-0.6192688,0.4667468,NULL,HEADSET
2026-08-25T18:01:04.484Z,right,base,0.4312246,-0.3417005,0.7936185,0.09580164,0.9439697,-0.194878,0.2485277,NULL,HEADSET
2026-08-25T18:01:04.484Z,right,shoulder_pan_joint,0,8.9159,0,0,-0.005519448,0,0.9999848,NULL,HEADSET
2026-08-25T18:01:04.484Z,right,shoulder_lift_joint,NULL,NULL,NULL,0,0,-0.8020145,0.5973046,NULL,HEADSET
2026-08-25T18:01:04.484Z,right,elbow_joint,-42.5,0,0,0,0,-0.8213704,0.5703952,NULL,HEADSET
2026-08-25T18:01:04.484Z,right,wrist_1_joint,-39.225,0,-10.915,0,0,-0.1524861,0.9883056,NULL,HEADSET
2026-08-25T18:01:04.484Z,right,wrist_2_joint,0,-9.465002,0,0,0.5946054,0,0.8040177,NULL,HEADSET
2026-08-25T18:01:04.484Z,right,wrist_3_joint,0,0,-8.23,0,0,0.9996459,0.02660745,NULL,HEADSET
2026-08-25T18:01:04.484Z,right,gripper,NULL,NULL,NULL,0,0,0,1,0.1672684,HEADSET
2026-08-25T18:01:04.506Z,right,endEffector,-0.02027111,-0.007052198,0.5307284,0.6305763,-0.04566386,-0.6191582,0.4657589,NULL,HEADSET
2026-08-25T18:01:04.506Z,right,base,0.4298394,-0.3434421,0.7936677,0.09559542,0.9440883,-0.1935179,0.249218,NULL,HEADSET
2026-08-25T18:01:04.506Z,right,shoulder_pan_joint,0,8.9159,0,0,-0.006396969,0,0.9999796,NULL,HEADSET
2026-08-25T18:01:04.506Z,right,shoulder_lift_joint,NULL,NULL,NULL,0,0,-0.7986691,0.6017705,NULL,HEADSET
2026-08-25T18:01:04.506Z,right,elbow_joint,-42.5,0,0,0,0,-0.8231748,0.5677882,NULL,HEADSET
2026-08-25T18:01:04.506Z,right,wrist_1_joint,-39.225,0,-10.915,0,0,-0.1530901,0.9882122,NULL,HEADSET
2026-08-25T18:01:04.506Z,right,wrist_2_joint,0,-9.465002,0,0,0.593801,0,0.804612,NULL,HEADSET
2026-08-25T18:01:04.506Z,right,wrist_3_joint,0,0,-8.23,0,0,0.9996541,0.02629923,NULL,HEADSET
2026-08-25T18:01:04.506Z,right,gripper,NULL,NULL,NULL,0,0,0,1,0.1683514,HEADSET
2026-08-25T18:01:04.526Z,right,endEffector,-0.01799562,-0.007244751,0.5288823,0.632574,-0.04442185,-0.6189825,0.4633979,NULL,HEADSET
2026-08-25T18:01:04.526Z,right,base,0.4278694,-0.3470968,0.7926489,0.09482038,0.9445964,-0.1901551,0.2501758,NULL,HEADSET
2026-08-25T18:01:04.526Z,right,shoulder_pan_joint,0,8.9159,0,0,-0.0075623,0,0.9999714,NULL,HEADSET
2026-08-25T18:01:04.526Z,right,shoulder_lift_joint,NULL,NULL,NULL,0,0,-0.7952404,0.6062942,NULL,HEADSET
2026-08-25T18:01:04.526Z,right,elbow_joint,-42.5,0,0,0,0,-0.8246631,0.5656243,NULL,HEADSET
2026-08-25T18:01:04.526Z,right,wrist_1_joint,-39.225,0,-10.915,0,0,-0.1541323,0.9880502,NULL,HEADSET
2026-08-25T18:01:04.526Z,right,wrist_2_joint,0,-9.465002,0,0,0.5927073,0,0.805418,NULL,HEADSET
2026-08-25T18:01:04.526Z,right,wrist_3_joint,0,0,-8.23,0,0,0.9996662,0.02583708,NULL,HEADSET
2026-08-25T18:01:04.526Z,right,gripper,NULL,NULL,NULL,0,0,0,1,0.1709187,HEADSET
2026-08-25T18:01:04.548Z,right,endEffector,-0.01604737,-0.006083727,0.5283991,0.6334703,-0.043897,-0.619027,0.4621625,NULL,HEADSET
2026-08-25T18:01:04.548Z,right,base,0.4264857,-0.3477217,0.7927879,0.09413829,0.9446875,-0.1888586,0.2510696,NULL,HEADSET
2026-08-25T18:01:04.548Z,right,shoulder_pan_joint,0,8.9159,0,0,-0.009210865,0,0.9999576,NULL,HEADSET
2026-08-25T18:01:04.548Z,right,shoulder_lift_joint,NULL,NULL,NULL,0,0,-0.7915047,0.6111631,NULL,HEADSET
2026-08-25T18:01:04.548Z,right,elbow_joint,-42.5,0,0,0,0,-0.8260598,0.5635825,NULL,HEADSET
2026-08-25T18:01:04.548Z,right,wrist_1_joint,-39.225,0,-10.915,0,0,-0.1555061,0.9878349,NULL,HEADSET
2026-08-25T18:01:04.548Z,right,wrist_2_joint,0,-9.465002,0,0,0.5914193,0,0.8063643,NULL,HEADSET
2026-08-25T18:01:04.548Z,right,wrist_3_joint,0,0,-8.23,0,0,0.9996844,0.02512216,NULL,HEADSET
2026-08-25T18:01:04.548Z,right,gripper,NULL,NULL,NULL,0,0,0,1,0.1715117,HEADSET
2026-08-25T18:01:04.565Z,right,endEffector,-0.01430571,-0.005064055,0.5282269,0.6346036,-0.04369625,-0.6186545,0.4611245,NULL,HEADSET
2026-08-25T18:01:04.565Z,right,base,0.423306,-0.3486587,0.7933707,0.09313107,0.9446543,-0.187062,0.2529085,NULL,HEADSET
2026-08-25T18:01:04.565Z,right,shoulder_pan_joint,0,8.9159,0,0,-0.01075576,0,0.9999422,NULL,HEADSET
2026-08-25T18:01:04.565Z,right,shoulder_lift_joint,NULL,NULL,NULL,0,0,-0.7879523,0.6157362,NULL,HEADSET
2026-08-25T18:01:04.565Z,right,elbow_joint,-42.5,0,0,0,0,-0.8274007,0.5616121,NULL,HEADSET
2026-08-25T18:01:04.565Z,right,wrist_1_joint,-39.225,0,-10.915,0,0,-0.1570158,0.9875961,NULL,HEADSET
2026-08-25T18:01:04.565Z,right,wrist_2_joint,0,-9.465002,0,0,0.5901083,0,0.8073241,NULL,HEADSET
2026-08-25T18:01:04.565Z,right,wrist_3_joint,0,0,-8.23,0,0,0.9997067,0.0242181,NULL,HEADSET
2026-08-25T18:01:04.565Z,right,gripper,NULL,NULL,NULL,0,0,0,1,0.1726928,HEADSET
2026-08-25T18:01:04.587Z,right,endEffector,-0.0135437,-0.004959568,0.5283298,0.6353765,-0.04330352,-0.6183668,0.4604825,NULL,HEADSET
2026-08-25T18:01:04.587Z,right,base,0.4217075,-0.3495798,0.7935079,0.09272494,0.9446789,-0.185948,0.2537857,NULL,HEADSET
2026-08-25T18:01:04.587Z,right,shoulder_pan_joint,0,8.9159,0,0,-0.01231049,0,0.9999242,NULL,HEADSET
2026-08-25T18:01:04.587Z,right,shoulder_lift_joint,NULL,NULL,NULL,0,0,-0.7840291,0.620724,NULL,HEADSET
2026-08-25T18:01:04.587Z,right,elbow_joint,-42.5,0,0,0,0,-0.829039,0.5591908,NULL,HEADSET
2026-08-25T18:01:04.587Z,right,wrist_1_joint,-39.225,0,-10.915,0,0,-0.1587054,0.987326,NULL,HEADSET
2026-08-25T18:01:04.587Z,right,wrist_2_joint,0,-9.465002,0,0,0.5886426,0,0.8083934,NULL,HEADSET
2026-08-25T18:01:04.587Z,right,wrist_3_joint,0,0,-8.23,0,0,0.9997314,0.02317663,NULL,HEADSET
2026-08-25T18:01:04.587Z,right,gripper,NULL,NULL,NULL,0,0,0,1,0.1730499,HEADSET
2026-08-25T18:01:04.606Z,right,endEffector,-0.01030117,-0.001984,0.5287585,0.6350504,-0.04411441,-0.6190882,0.4598856,NULL,HEADSET
2026-08-25T18:01:04.606Z,right,base,0.4180617,-0.3498597,0.7945316,0.09186995,0.9445143,-0.18463,0.2556648,NULL,HEADSET
2026-08-25T18:01:04.606Z,right,shoulder_pan_joint,0,8.9159,0,0,-0.01357227,0,0.9999079,NULL,HEADSET
2026-08-25T18:01:04.606Z,right,shoulder_lift_joint,NULL,NULL,NULL,0,0,-0.780713,0.6248898,NULL,HEADSET
2026-08-25T18:01:04.606Z,right,elbow_joint,-42.5,0,0,0,0,-0.8304376,0.5571116,NULL,HEADSET
2026-08-25T18:01:04.606Z,right,wrist_1_joint,-39.225,0,-10.915,0,0,-0.1604066,0.987051,NULL,HEADSET
2026-08-25T18:01:04.606Z,right,wrist_2_joint,0,-9.465002,0,0,0.587274,0,0.8093882,NULL,HEADSET
2026-08-25T18:01:04.606Z,right,wrist_3_joint,0,0,-8.23,0,0,0.9997547,0.02215017,NULL,HEADSET
2026-08-25T18:01:04.606Z,right,gripper,NULL,NULL,NULL,0,0,0,1,0.1758236,HEADSET
2026-08-25T18:01:04.630Z,right,endEffector,-0.009427205,0.0003347844,0.5280959,0.6348135,-0.04494023,-0.6189194,0.4603597,NULL,HEADSET
2026-08-25T18:01:04.630Z,right,base,0.4158757,-0.3486471,0.7958136,0.09102309,0.9442523,-0.1844262,0.2570788,NULL,HEADSET
2026-08-25T18:01:04.630Z,right,shoulder_pan_joint,0,8.9159,0,0,-0.01501262,0,0.9998873,NULL,HEADSET
2026-08-25T18:01:04.630Z,right,shoulder_lift_joint,NULL,NULL,NULL,0,0,-0.7762849,0.6303822,NULL,HEADSET
2026-08-25T18:01:04.630Z,right,elbow_joint,-42.5,0,0,0,0,-0.8323652,0.5542277,NULL,HEADSET
2026-08-25T18:01:04.630Z,right,wrist_1_joint,-39.225,0,-10.915,0,0,-0.1625388,0.9867021,NULL,HEADSET
2026-08-25T18:01:04.630Z,right,wrist_2_joint,0,-9.465002,0,0,0.5854796,0,0.8106871,NULL,HEADSET
2026-08-25T18:01:04.630Z,right,wrist_3_joint,0,0,-8.23,0,0,0.9997784,0.0210534,NULL,HEADSET
2026-08-25T18:01:04.630Z,right,gripper,NULL,NULL,NULL,0,0,0,1,0.1770527,HEADSET
2026-08-25T18:01:04.649Z,right,endEffector,-0.007146947,0.004863814,0.526775,0.6340773,-0.04680133,-0.6189737,0.4611152,NULL,HEADSET
2026-08-25T18:01:04.649Z,right,base,0.4117566,-0.3465534,0.7983635,0.08929363,0.9437377,-0.1840387,0.2598379,NULL,HEADSET
2026-08-25T18:01:04.649Z,right,shoulder_pan_joint,0,8.9159,0,0,-0.01648907,0,0.999864,NULL,HEADSET
2026-08-25T18:01:04.649Z,right,shoulder_lift_joint,NULL,NULL,NULL,0,0,-0.7723945,0.635143,NULL,HEADSET
2026-08-25T18:01:04.649Z,right,elbow_joint,-42.5,0,0,0,0,-0.8338444,0.5519996,NULL,HEADSET
2026-08-25T18:01:04.649Z,right,wrist_1_joint,-39.225,0,-10.915,0,0,-0.1648901,0.986312,NULL,HEADSET
2026-08-25T18:01:04.649Z,right,wrist_2_joint,0,-9.465002,0,0,0.5836157,0,0.81203,NULL,HEADSET
2026-08-25T18:01:04.649Z,right,wrist_3_joint,0,0,-8.23,0,0,0.9998008,0.01995836,NULL,HEADSET
2026-08-25T18:01:04.649Z,right,gripper,NULL,NULL,NULL,0,0,0,1,0.1786559,HEADSET
2026-08-25T18:01:04.673Z,right,endEffector,-0.005877756,0.005028218,0.5270888,0.6348816,-0.04712477,-0.6192385,0.4596179,NULL,HEADSET
2026-08-25T18:01:04.673Z,right,base,0.4096451,-0.3477519,0.7988096,0.08903112,0.9436409,-0.1831313,0.2609185,NULL,HEADSET
2026-08-25T18:01:04.673Z,right,shoulder_pan_joint,0,8.9159,0,0,-0.01855479,0,0.9998279,NULL,HEADSET
2026-08-25T18:01:04.673Z,right,shoulder_lift_joint,NULL,NULL,NULL,0,0,-0.7676936,0.6408172,NULL,HEADSET
2026-08-25T18:01:04.673Z,right,elbow_joint,-42.5,0,0,0,0,-0.8353886,0.5496598,NULL,HEADSET
2026-08-25T18:01:04.673Z,right,wrist_1_joint,-39.225,0,-10.915,0,0,-0.1678375,0.9858147,NULL,HEADSET
2026-08-25T18:01:04.673Z,right,wrist_2_joint,0,-9.465002,0,0,0.58124,0,0.8137322,NULL,HEADSET
2026-08-25T18:01:04.673Z,right,wrist_3_joint,0,0,-8.23,0,0,0.9998251,0.01870411,NULL,HEADSET
2026-08-25T18:01:04.673Z,right,gripper,NULL,NULL,NULL,0,0,0,1,0.1792697,HEADSET
2026-08-25T18:01:04.689Z,right,endEffector,-0.003181837,0.005871147,0.5282989,0.6370867,-0.04717987,-0.6193346,0.4564202,NULL,HEADSET
2026-08-25T18:01:04.689Z,right,base,0.4051709,-0.3503639,0.7992373,0.08855037,0.9435456,-0.1806259,0.2631628,NULL,HEADSET
2026-08-25T18:01:04.689Z,right,shoulder_pan_joint,0,8.9159,0,0,-0.02027798,0,0.9997944,NULL,HEADSET
2026-08-25T18:01:04.689Z,right,shoulder_lift_joint,NULL,NULL,NULL,0,0,-0.7635854,0.6457068,NULL,HEADSET
2026-08-25T18:01:04.689Z,right,elbow_joint,-42.5,0,0,0,0,-0.8368387,0.5474496,NULL,HEADSET
2026-08-25T18:01:04.689Z,right,wrist_1_joint,-39.225,0,-10.915,0,0,-0.1705587,0.9853475,NULL,HEADSET
2026-08-25T18:01:04.689Z,right,wrist_2_joint,0,-9.465002,0,0,0.5790089,0,0.8153212,NULL,HEADSET
2026-08-25T18:01:04.689Z,right,wrist_3_joint,0,0,-8.23,0,0,0.9998497,0.01733754,NULL,HEADSET
2026-08-25T18:01:04.689Z,right,gripper,NULL,NULL,NULL,0,0,0,1,0.1804417,HEADSET
2026-08-25T18:01:04.717Z,right,endEffector,-0.001555331,0.007627979,0.5286034,0.6378075,-0.047004,-0.6193943,0.4553497,NULL,HEADSET
2026-08-25T18:01:04.717Z,right,base,0.4029562,-0.3509035,0.7997146,0.08808199,0.9434544,-0.1795329,0.2643928,NULL,HEADSET
2026-08-25T18:01:04.717Z,right,shoulder_pan_joint,0,8.9159,0,0,-0.02193717,0,0.9997594,NULL,HEADSET
2026-08-25T18:01:04.717Z,right,shoulder_lift_joint,NULL,NULL,NULL,0,0,-0.758559,0.6516044,NULL,HEADSET
2026-08-25T18:01:04.717Z,right,elbow_joint,-42.5,0,0,0,0,-0.8388841,0.5443101,NULL,HEADSET
2026-08-25T18:01:04.717Z,right,wrist_1_joint,-39.225,0,-10.915,0,0,-0.1731777,0.9848906,NULL,HEADSET
2026-08-25T18:01:04.717Z,right,wrist_2_joint,0,-9.465002,0,0,0.5767373,0,0.8169296,NULL,HEADSET
2026-08-25T18:01:04.717Z,right,wrist_3_joint,0,0,-8.23,0,0,0.9998755,0.01577844,NULL,HEADSET
2026-08-25T18:01:04.717Z,right,gripper,NULL,NULL,NULL,0,0,0,1,0.1808553,HEADSET
2026-08-25T18:01:04.733Z,right,endEffector,-0.00117667,0.01079001,0.5278878,0.6381888,-0.04791254,-0.6197103,0.454289,NULL,HEADSET
2026-08-25T18:01:04.733Z,right,base,0.3983139,-0.3506336,0.801543,0.08711211,0.9430219,-0.1783932,0.2670152,NULL,HEADSET
2026-08-25T18:01:04.733Z,right,shoulder_pan_joint,0,8.9159,0,0,-0.02339702,0,0.9997263,NULL,HEADSET
2026-08-25T18:01:04.733Z,right,shoulder_lift_joint,NULL,NULL,NULL,0,0,-0.7539459,0.6569365,NULL,HEADSET
2026-08-25T18:01:04.733Z,right,elbow_joint,-42.5,0,0,0,0,-0.8405861,0.541678,NULL,HEADSET
2026-08-25T18:01:04.733Z,right,wrist_1_joint,-39.225,0,-10.915,0,0,-0.1759115,0.984406,NULL,HEADSET
2026-08-25T18:01:04.733Z,right,wrist_2_joint,0,-9.465002,0,0,0.5745857,0,0.8184444,NULL,HEADSET
2026-08-25T18:01:04.733Z,right,wrist_3_joint,0,0,-8.23,0,0,0.9998987,0.01423461,NULL,HEADSET
2026-08-25T18:01:04.733Z,right,gripper,NULL,NULL,NULL,0,0,0,1,0.182353,HEADSET
2026-08-25T18:01:04.757Z,right,endEffector,-0.000565514,0.0115658,0.5278101,0.6385812,-0.04798721,-0.619661,0.4537969,NULL,HEADSET
2026-08-25T18:01:04.757Z,right,base,0.3965419,-0.3510517,0.8020548,0.08649892,0.942928,-0.1776087,0.2680671,NULL,HEADSET
2026-08-25T18:01:04.757Z,right,shoulder_pan_joint,0,8.9159,0,0,-0.02512116,0,0.9996844,NULL,HEADSET
2026-08-25T18:01:04.757Z,right,shoulder_lift_joint,NULL,NULL,NULL,0,0,-0.7492599,0.6622761,NULL,HEADSET
2026-08-25T18:01:04.757Z,right,elbow_joint,-42.5,0,0,0,0,-0.8419465,0.539561,NULL,HEADSET
2026-08-25T18:01:04.757Z,right,wrist_1_joint,-39.225,0,-10.915,0,0,-0.1789825,0.9838523,NULL,HEADSET
2026-08-25T18:01:04.757Z,right,wrist_2_joint,0,-9.465002,0,0,0.5721462,0,0.8201516,NULL,HEADSET
2026-08-25T18:01:04.757Z,right,wrist_3_joint,0,0,-8.23,0,0,0.9999213,0.01254525,NULL,HEADSET
2026-08-25T18:01:04.757Z,right,gripper,NULL,NULL,NULL,0,0,0,1,0.1826465,HEADSET
2026-08-25T18:01:04.773Z,right,endEffector,0.001426727,0.01286663,0.5286843,0.6389765,-0.04819864,-0.6201888,0.452495,NULL,HEADSET
2026-08-25T18:01:04.773Z,right,base,0.3932666,-0.3520262,0.8026705,0.08526306,0.9428561,-0.1756545,0.2699963,NULL,HEADSET
2026-08-25T18:01:04.773Z,right,shoulder_pan_joint,0,8.9159,0,0,-0.02664444,0,0.999645,NULL,HEADSET
2026-08-25T18:01:04.773Z,right,shoulder_lift_joint,NULL,NULL,NULL,0,0,-0.7453364,0.6666886,NULL,HEADSET
2026-08-25T18:01:04.773Z,right,elbow_joint,-42.5,0,0,0,0,-0.8429967,0.5379189,NULL,HEADSET
2026-08-25T18:01:04.773Z,right,wrist_1_joint,-39.225,0,-10.915,0,0,-0.1820167,0.9832954,NULL,HEADSET
2026-08-25T18:01:04.773Z,right,wrist_2_joint,0,-9.465002,0,0,0.5698597,0,0.8217421,NULL,HEADSET
2026-08-25T18:01:04.773Z,right,wrist_3_joint,0,0,-8.23,0,0,0.9999405,0.01091568,NULL,HEADSET
2026-08-25T18:01:04.773Z,right,gripper,NULL,NULL,NULL,0,0,0,1,0.1839265,HEADSET
2026-08-25T18:01:04.797Z,right,endEffector,0.001930594,0.01329792,0.5290048,0.6396834,-0.04841504,-0.6199161,0.4518465,NULL,HEADSET
2026-08-25T18:01:04.797Z,right,base,0.3914992,-0.3527729,0.8028411,0.08492583,0.942811,-0.1747338,0.2708562,NULL,HEADSET
2026-08-25T18:01:04.797Z,right,shoulder_pan_joint,0,8.9159,0,0,-0.02828723,0,0.9995999,NULL,HEADSET
2026-08-25T18:01:04.797Z,right,shoulder_lift_joint,NULL,NULL,NULL,0,0,-0.7407622,0.6717673,NULL,HEADSET
2026-08-25T18:01:04.797Z,right,elbow_joint,-42.5,0,0,0,0,-0.8444248,0.5356741,NULL,HEADSET
2026-08-25T18:01:04.797Z,right,wrist_1_joint,-39.225,0,-10.915,0,0,-0.1851408,0.982712,NULL,HEADSET
2026-08-25T18:01:04.797Z,right,wrist_2_joint,0,-9.465002,0,0,0.5673316,0,0.8234895,NULL,HEADSET
2026-08-25T18:01:04.797Z,right,wrist_3_joint,0,0,-8.23,0,0,0.9999575,0.009221165,NULL,HEADSET
2026-08-25T18:01:04.797Z,right,gripper,NULL,NULL,NULL,0,0,0,1,0.1839264,HEADSET
2026-08-25T18:01:04.817Z,right,endEffector,0.002843753,0.01563799,0.5284381,0.6393236,-0.05025343,-0.6202822,0.4516524,NULL,HEADSET
2026-08-25T18:01:04.817Z,right,base,0.3880765,-0.3531592,0.8037489,0.08395331,0.9426266,-0.1734634,0.2726121,NULL,HEADSET
2026-08-25T18:01:04.817Z,right,shoulder_pan_joint,0,8.9159,0,0,-0.02964598,0,0.9995605,NULL,HEADSET
2026-08-25T18:01:04.817Z,right,shoulder_lift_joint,NULL,NULL,NULL,0,0,-0.736964,0.6759319,NULL,HEADSET
2026-08-25T18:01:04.817Z,right,elbow_joint,-42.5,0,0,0,0,-0.8455698,0.5338648,NULL,HEADSET
2026-08-25T18:01:04.817Z,right,wrist_1_joint,-39.225,0,-10.915,0,0,-0.1881074,0.9821485,NULL,HEADSET
2026-08-25T18:01:04.817Z,right,wrist_2_joint,0,-9.465002,0,0,0.5650563,0,0.8250524,NULL,HEADSET
2026-08-25T18:01:04.817Z,right,wrist_3_joint,0,0,-8.23,0,0,0.9999704,0.007692428,NULL,HEADSET
2026-08-25T18:01:04.817Z,right,gripper,NULL,NULL,NULL,0,0,0,1,0.1856927,HEADSET
2026-08-25T18:01:04.840Z,right,endEffector,0.0024129,0.01648448,0.5282039,0.6396846,-0.05037946,-0.619681,0.4519522,NULL,HEADSET
2026-08-25T18:01:04.840Z,right,base,0.3863968,-0.3531031,0.8042973,0.08347105,0.9425049,-0.1730446,0.2734457,NULL,HEADSET
2026-08-25T18:01:04.840Z,right,shoulder_pan_joint,0,8.9159,0,0,-0.03136675,0,0.999508,NULL,HEADSET
2026-08-25T18:01:04.840Z,right,shoulder_lift_joint,NULL,NULL,NULL,0,0,-0.7328674,0.6803715,NULL,HEADSET
2026-08-25T18:01:04.840Z,right,elbow_joint,-42.5,0,0,0,0,-0.8465495,0.53231,NULL,HEADSET
2026-08-25T18:01:04.840Z,right,wrist_1_joint,-39.225,0,-10.915,0,0,-0.1913658,0.9815188,NULL,HEADSET
2026-08-25T18:01:04.840Z,right,wrist_2_joint,0,-9.465002,0,0,0.5624185,0,0.8268527,NULL,HEADSET
2026-08-25T18:01:04.840Z,right,wrist_3_joint,0,0,-8.23,0,0,0.9999799,0.00634675,NULL,HEADSET
2026-08-25T18:01:04.840Z,right,gripper,NULL,NULL,NULL,0,0,0,1,0.1856925,HEADSET
2026-08-25T18:01:04.859Z,right,endEffector,0.003916636,0.01976076,0.5269294,0.6401724,-0.05171198,-0.6185517,0.4526577,NULL,HEADSET
2026-08-25T18:01:04.859Z,right,base,0.3837402,-0.3525555,0.8053464,0.08183254,0.9423332,-0.1721001,0.2751239,NULL,HEADSET
2026-08-25T18:01:04.859Z,right,shoulder_pan_joint,0,8.9159,0,0,-0.0327714,0,0.9994629,NULL,HEADSET
2026-08-25T18:01:04.859Z,right,shoulder_lift_joint,NULL,NULL,NULL,0,0,-0.7297156,0.6837508,NULL,HEADSET
2026-08-25T18:01:04.859Z,right,elbow_joint,-42.5,0,0,0,0,-0.8471361,0.531376,NULL,HEADSET
2026-08-25T18:01:04.859Z,right,wrist_1_joint,-39.225,0,-10.915,0,0,-0.1945507,0.9808925,NULL,HEADSET
2026-08-25T18:01:04.859Z,right,wrist_2_joint,0,-9.465002,0,0,0.560114,0,0.8284156,NULL,HEADSET
2026-08-25T18:01:04.859Z,right,wrist_3_joint,0,0,-8.23,0,0,0.9999869,0.005128336,NULL,HEADSET
2026-08-25T18:01:04.859Z,right,gripper,NULL,NULL,NULL,0,0,0,1,0.1869429,HEADSET
2026-08-25T18:01:04.881Z,right,endEffector,0.005514994,0.02150731,0.526055,0.6398746,-0.05265459,-0.6186761,0.4528,NULL,HEADSET
2026-08-25T18:01:04.881Z,right,base,0.3825593,-0.352471,0.8056664,0.08113305,0.9422996,-0.1714887,0.275827,NULL,HEADSET
2026-08-25T18:01:04.881Z,right,shoulder_pan_joint,0,8.9159,0,0,-0.03467458,0,0.9993986,NULL,HEADSET
2026-08-25T18:01:04.881Z,right,shoulder_lift_joint,NULL,NULL,NULL,0,0,-0.725907,0.6877928,NULL,HEADSET
2026-08-25T18:01:04.881Z,right,elbow_joint,-42.5,0,0,0,0,-0.8476183,0.5306064,NULL,HEADSET
2026-08-25T18:01:04.881Z,right,wrist_1_joint,-39.225,0,-10.915,0,0,-0.1981471,0.9801723,NULL,HEADSET
2026-08-25T18:01:04.881Z,right,wrist_2_joint,0,-9.465002,0,0,0.5577005,0,0.8300422,NULL,HEADSET
2026-08-25T18:01:04.881Z,right,wrist_3_joint,0,0,-8.23,0,0,0.9999915,0.00411531,NULL,HEADSET
2026-08-25T18:01:04.881Z,right,gripper,NULL,NULL,NULL,0,0,0,1,0.1883783,HEADSET
2026-08-25T18:01:04.899Z,right,endEffector,0.006026298,0.0232019,0.5253747,0.6386213,-0.05484293,-0.6186914,0.4542862,NULL,HEADSET
2026-08-25T18:01:04.899Z,right,base,0.3795887,-0.3524378,0.8064856,0.08028553,0.9421282,-0.1706942,0.27715,NULL,HEADSET
2026-08-25T18:01:04.899Z,right,shoulder_pan_joint,0,8.9159,0,0,-0.03668546,0,0.9993269,NULL,HEADSET
2026-08-25T18:01:04.899Z,right,shoulder_lift_joint,NULL,NULL,NULL,0,0,-0.7223476,0.6915302,NULL,HEADSET
2026-08-25T18:01:04.899Z,right,elbow_joint,-42.5,0,0,0,0,-0.84801,0.5299803,NULL,HEADSET
2026-08-25T18:01:04.899Z,right,wrist_1_joint,-39.225,0,-10.915,0,0,-0.2018217,0.9794223,NULL,HEADSET
2026-08-25T18:01:04.899Z,right,wrist_2_joint,0,-9.465002,0,0,0.555255,0,0.8316802,NULL,HEADSET
2026-08-25T18:01:04.899Z,right,wrist_3_joint,0,0,-8.23,0,0,0.9999952,0.003102355,NULL,HEADSET
2026-08-25T18:01:04.899Z,right,gripper,NULL,NULL,NULL,0,0,0,1,0.1919144,HEADSET
2026-08-25T18:01:04.921Z,right,endEffector,0.006423876,0.02385131,0.5254992,0.6384634,-0.05599359,-0.6186364,0.4544429,NULL,HEADSET
2026-08-25T18:01:04.921Z,right,base,0.3781379,-0.3522613,0.807037,0.07970688,0.9420264,-0.1703873,0.277851,NULL,HEADSET
2026-08-25T18:01:04.921Z,right,shoulder_pan_joint,0,8.9159,0,0,-0.0388989,0,0.9992431,NULL,HEADSET
2026-08-25T18:01:04.921Z,right,shoulder_lift_joint,NULL,NULL,NULL,0,0,-0.7187296,0.6952897,NULL,HEADSET
2026-08-25T18:01:04.921Z,right,elbow_joint,-42.5,0,0,0,0,-0.8484265,0.5293133,NULL,HEADSET
2026-08-25T18:01:04.921Z,right,wrist_1_joint,-39.225,0,-10.915,0,0,-0.2057924,0.9785957,NULL,HEADSET
2026-08-25T18:01:04.921Z,right,wrist_2_joint,0,-9.465002,0,0,0.5524865,0,0.8335218,NULL,HEADSET
2026-08-25T18:01:04.921Z,right,wrist_3_joint,0,0,-8.23,0,0,0.9999974,0.002305088,NULL,HEADSET
2026-08-25T18:01:04.921Z,right,gripper,NULL,NULL,NULL,0,0,0,1,0.1943969,HEADSET
2026-08-25T18:01:04.941Z,right,endEffector,0.008455887,0.02525799,0.5272698,0.6385403,-0.05709717,-0.6197454,0.4526829,NULL,HEADSET
2026-08-25T18:01:04.941Z,right,base,0.374622,-0.3529342,0.8078739,0.07897663,0.9418234,-0.1692318,0.2794494,NULL,HEADSET
2026-08-25T18:01:04.941Z,right,shoulder_pan_joint,0,8.9159,0,0,-0.04077524,0,0.9991683,NULL,HEADSET
2026-08-25T18:01:04.941Z,right,shoulder_lift_joint,NULL,NULL,NULL,0,0,-0.7156503,0.6984588,NULL,HEADSET
2026-08-25T18:01:04.941Z,right,elbow_joint,-42.5,0,0,0,0,-0.8488575,0.5286218,NULL,HEADSET
2026-08-25T18:01:04.941Z,right,wrist_1_joint,-39.225,0,-10.915,0,0,-0.2094705,0.977815,NULL,HEADSET
2026-08-25T18:01:04.941Z,right,wrist_2_joint,0,-9.465002,0,0,0.5498791,0,0.8352442,NULL,HEADSET
2026-08-25T18:01:04.941Z,right,wrist_3_joint,0,0,-8.23,0,0,0.9999989,0.001503475,NULL,HEADSET
2026-08-25T18:01:04.941Z,right,gripper,NULL,NULL,NULL,0,0,0,1,0.1956228,HEADSET
2026-08-25T18:01:04.963Z,right,endEffector,0.01010473,0.0261995,0.5279649,0.6385227,-0.05827276,-0.6204059,0.4516522,NULL,HEADSET
2026-08-25T18:01:04.963Z,right,base,0.3728304,-0.3535518,0.808313,0.07878833,0.9417132,-0.1686061,0.280251,NULL,HEADSET
2026-08-25T18:01:04.963Z,right,shoulder_pan_joint,0,8.9159,0,0,-0.04261798,0,0.9990914,NULL,HEADSET
2026-08-25T18:01:04.963Z,right,shoulder_lift_joint,NULL,NULL,NULL,0,0,-0.7115257,0.70266,NULL,HEADSET
2026-08-25T18:01:04.963Z,right,elbow_joint,-42.5,0,0,0,0,-0.8499517,0.5268605,NULL,HEADSET
2026-08-25T18:01:04.963Z,right,wrist_1_joint,-39.225,0,-10.915,0,0,-0.2130053,0.977051,NULL,HEADSET
2026-08-25T18:01:04.963Z,right,wrist_2_joint,0,-9.465002,0,0,0.5470781,0,0.8370816,NULL,HEADSET
2026-08-25T18:01:04.963Z,right,wrist_3_joint,0,0,-8.23,0,0,0.9999999,0.0004263628,NULL,HEADSET
2026-08-25T18:01:04.963Z,right,gripper,NULL,NULL,NULL,0,0,0,1,0.1970567,HEADSET
2026-08-25T18:01:04.985Z,right,endEffector,0.01220298,0.02803856,0.5289302,0.6387873,-0.05940855,-0.6208841,0.4504712,NULL,HEADSET
2026-08-25T18:01:04.985Z,right,base,0.3703895,-0.3537825,0.8090466,0.07786353,0.9416225,-0.1675686,0.281434,NULL,HEADSET
2026-08-25T18:01:04.985Z,right,shoulder_pan_joint,0,8.9159,0,0,-0.04434794,0,0.9990162,NULL,HEADSET
2026-08-25T18:01:04.985Z,right,shoulder_lift_joint,NULL,NULL,NULL,0,0,-0.7076104,0.7066028,NULL,HEADSET
2026-08-25T18:01:04.985Z,right,elbow_joint,-42.5,0,0,0,0,-0.8510206,0.5251324,NULL,HEADSET
2026-08-25T18:01:04.985Z,right,wrist_1_joint,-39.225,0,-10.915,0,0,-0.216355,0.9763148,NULL,HEADSET
2026-08-25T18:01:04.985Z,right,wrist_2_joint,0,-9.465002,0,0,0.5443348,0,0.8388681,NULL,HEADSET
2026-08-25T18:01:04.985Z,right,wrist_3_joint,0,0,-8.23,0,0,0.9999998,-0.0007058083,NULL,HEADSET
2026-08-25T18:01:04.985Z,right,gripper,NULL,NULL,NULL,0,0,0,1,0.198316,HEADSET
2026-08-25T18:01:05.010Z,right,endEffector,0.01530826,0.02984734,0.5291575,0.6389045,-0.06013083,-0.6213902,0.4495105,NULL,HEADSET
2026-08-25T18:01:05.010Z,right,base,0.3696252,-0.3540449,0.8091766,0.07754032,0.9416453,-0.1672968,0.2816089,NULL,HEADSET
2026-08-25T18:01:05.010Z,right,shoulder_pan_joint,0,8.9159,0,0,-0.04624596,0,0.9989301,NULL,HEADSET
2026-08-25T18:01:05.010Z,right,shoulder_lift_joint,NULL,NULL,NULL,0,0,-0.7032171,0.7109752,NULL,HEADSET
2026-08-25T18:01:05.010Z,right,elbow_joint,-42.5,0,0,0,0,-0.8522214,0.5231814,NULL,HEADSET
2026-08-25T18:01:05.010Z,right,wrist_1_joint,-39.225,0,-10.915,0,0,-0.2196775,0.9755726,NULL,HEADSET
2026-08-25T18:01:05.010Z,right,wrist_2_joint,0,-9.465002,0,0,0.5415051,0,0.8406975,NULL,HEADSET
2026-08-25T18:01:05.010Z,right,wrist_3_joint,0,0,-8.23,0,0,0.9999982,-0.001907761,NULL,HEADSET
2026-08-25T18:01:05.010Z,right,gripper,NULL,NULL,NULL,0,0,0,1,0.1999178,HEADSET
2026-08-25T18:01:05.023Z,right,endEffector,0.01916631,0.03054579,0.5303193,0.6393819,-0.06022497,-0.6219823,0.4479974,NULL,HEADSET
2026-08-25T18:01:05.023Z,right,base,0.368016,-0.3562391,0.808827,0.07721187,0.9418251,-0.1660098,0.281859,NULL,HEADSET
2026-08-25T18:01:05.023Z,right,shoulder_pan_joint,0,8.9159,0,0,-0.04822674,0,0.9988364,NULL,HEADSET
2026-08-25T18:01:05.023Z,right,shoulder_lift_joint,NULL,NULL,NULL,0,0,-0.6988541,0.7152643,NULL,HEADSET
2026-08-25T18:01:05.023Z,right,elbow_joint,-42.5,0,0,0,0,-0.8533259,0.5213779,NULL,HEADSET
2026-08-25T18:01:05.023Z,right,wrist_1_joint,-39.225,0,-10.915,0,0,-0.2229996,0.9748185,NULL,HEADSET
2026-08-25T18:01:05.023Z,right,wrist_2_joint,0,-9.465002,0,0,0.538844,0,0.8424056,NULL,HEADSET
2026-08-25T18:01:05.023Z,right,wrist_3_joint,0,0,-8.23,0,0,0.999995,-0.003168938,NULL,HEADSET
2026-08-25T18:01:05.023Z,right,gripper,NULL,NULL,NULL,0,0,0,1,0.2021024,HEADSET
2026-08-25T18:01:05.047Z,right,endEffector,0.0208839,0.03046508,0.530212,0.6391919,-0.06023506,-0.6222026,0.4479613,NULL,HEADSET
2026-08-25T18:01:05.047Z,right,base,0.3675309,-0.3577149,0.8082315,0.07683841,0.9420371,-0.1649138,0.2818961,NULL,HEADSET
2026-08-25T18:01:05.047Z,right,shoulder_pan_joint,0,8.9159,0,0,-0.05041741,0,0.9987283,NULL,HEADSET
2026-08-25T18:01:05.047Z,right,shoulder_lift_joint,NULL,NULL,NULL,0,0,-0.6937984,0.7201692,NULL,HEADSET
2026-08-25T18:01:05.047Z,right,elbow_joint,-42.5,0,0,0,0,-0.8546923,0.5191349,NULL,HEADSET
2026-08-25T18:01:05.047Z,right,wrist_1_joint,-39.225,0,-10.915,0,0,-0.2264789,0.9740161,NULL,HEADSET
2026-08-25T18:01:05.047Z,right,wrist_2_joint,0,-9.465002,0,0,0.536235,0,0.8440688,NULL,HEADSET
2026-08-25T18:01:05.047Z,right,wrist_3_joint,0,0,-8.23,0,0,0.9999899,-0.004508675,NULL,HEADSET
2026-08-25T18:01:05.047Z,right,gripper,NULL,NULL,NULL,0,0,0,1,0.2036771,HEADSET
2026-08-25T18:01:05.065Z,right,endEffector,0.02473554,0.03184135,0.527933,0.6388326,-0.0601633,-0.6242255,0.4456633,NULL,HEADSET
2026-08-25T18:01:05.065Z,right,base,0.3664791,-0.3593937,0.8073595,0.07574851,0.9424101,-0.1627745,0.2821876,NULL,HEADSET
2026-08-25T18:01:05.065Z,right,shoulder_pan_joint,0,8.9159,0,0,-0.05251699,0,0.99862,NULL,HEADSET
2026-08-25T18:01:05.065Z,right,shoulder_lift_joint,NULL,NULL,NULL,0,0,-0.6895372,0.7242503,NULL,HEADSET
2026-08-25T18:01:05.065Z,right,elbow_joint,-42.5,0,0,0,0,-0.8557124,0.5174518,NULL,HEADSET
2026-08-25T18:01:05.065Z,right,wrist_1_joint,-39.225,0,-10.915,0,0,-0.2299855,0.9731941,NULL,HEADSET
2026-08-25T18:01:05.065Z,right,wrist_2_joint,0,-9.465002,0,0,0.5337343,0,0.8456522,NULL,HEADSET
2026-08-25T18:01:05.065Z,right,wrist_3_joint,0,0,-8.23,0,0,0.9999834,-0.005768977,NULL,HEADSET
2026-08-25T18:01:05.065Z,right,gripper,NULL,NULL,NULL,0,0,0,1,0.2058175,HEADSET
2026-08-25T18:01:05.088Z,right,endEffector,0.02589326,0.03270361,0.5270234,0.6382502,-0.06063049,-0.6242689,0.4463729,NULL,HEADSET
2026-08-25T18:01:05.088Z,right,base,0.36529,-0.3599735,0.8074292,0.07543854,0.9424297,-0.1621836,0.2825447,NULL,HEADSET
2026-08-25T18:01:05.088Z,right,shoulder_pan_joint,0,8.9159,0,0,-0.05595058,0,0.9984335,NULL,HEADSET
2026-08-25T18:01:05.088Z,right,shoulder_lift_joint,NULL,NULL,NULL,0,0,-0.6847514,0.7287768,NULL,HEADSET
2026-08-25T18:01:05.088Z,right,elbow_joint,-42.5,0,0,0,0,-0.8565416,0.5160779,NULL,HEADSET
2026-08-25T18:01:05.088Z,right,wrist_1_joint,-39.225,0,-10.915,0,0,-0.2338075,0.9722829,NULL,HEADSET
2026-08-25T18:01:05.088Z,right,wrist_2_joint,0,-9.465002,0,0,0.5306422,0,0.847596,NULL,HEADSET
2026-08-25T18:01:05.088Z,right,wrist_3_joint,0,0,-8.23,0,0,0.999971,-0.007620669,NULL,HEADSET
2026-08-25T18:01:05.088Z,right,gripper,NULL,NULL,NULL,0,0,0,1,0.2097454,HEADSET
2026-08-25T18:01:05.107Z,right,endEffector,0.02884924,0.03419201,0.5253369,0.6376238,-0.06193543,-0.6243026,0.4470417,NULL,HEADSET
2026-08-25T18:01:05.107Z,right,base,0.3621082,-0.3621867,0.8077776,0.07479384,0.942408,-0.1606375,0.2836701,NULL,HEADSET
2026-08-25T18:01:05.107Z,right,shoulder_pan_joint,0,8.9159,0,0,-0.05908414,0,0.998253,NULL,HEADSET
2026-08-25T18:01:05.107Z,right,shoulder_lift_joint,NULL,NULL,NULL,0,0,-0.6807771,0.7324907,NULL,HEADSET
2026-08-25T18:01:05.107Z,right,elbow_joint,-42.5,0,0,0,0,-0.8570247,0.5152754,NULL,HEADSET
2026-08-25T18:01:05.107Z,right,wrist_1_joint,-39.225,0,-10.915,0,0,-0.2378386,0.9713047,NULL,HEADSET
2026-08-25T18:01:05.107Z,right,wrist_2_joint,0,-9.465002,0,0,0.527644,0,0.8494656,NULL,HEADSET
2026-08-25T18:01:05.107Z,right,wrist_3_joint,0,0,-8.23,0,0,0.9999563,-0.009347207,NULL,HEADSET
2026-08-25T18:01:05.107Z,right,gripper,NULL,NULL,NULL,0,0,0,1,0.2175574,HEADSET
2026-08-25T18:01:05.132Z,right,endEffector,0.02993491,0.03473254,0.5248676,0.6374988,-0.06215055,-0.6246793,0.4466637,NULL,HEADSET
2026-08-25T18:01:05.132Z,right,base,0.3604845,-0.3637127,0.8077229,0.07452227,0.9424574,-0.1594671,0.2842371,NULL,HEADSET
2026-08-25T18:01:05.132Z,right,shoulder_pan_joint,0,8.9159,0,0,-0.06311429,0,0.9980063,NULL,HEADSET
2026-08-25T18:01:05.132Z,right,shoulder_lift_joint,NULL,NULL,NULL,0,0,-0.6759318,0.7369642,NULL,HEADSET
2026-08-25T18:01:05.132Z,right,elbow_joint,-42.5,0,0,0,0,-0.8574443,0.5145768,NULL,HEADSET
2026-08-25T18:01:05.132Z,right,wrist_1_joint,-39.225,0,-10.915,0,0,-0.2427061,0.9700999,NULL,HEADSET
2026-08-25T18:01:05.132Z,right,wrist_2_joint,0,-9.465002,0,0,0.5242245,0,0.8515802,NULL,HEADSET
2026-08-25T18:01:05.132Z,right,wrist_3_joint,0,0,-8.23,0,0,0.999939,-0.01104435,NULL,HEADSET
2026-08-25T18:01:05.132Z,right,gripper,NULL,NULL,NULL,0,0,0,1,0.2175572,HEADSET
2026-08-25T18:01:05.151Z,right,endEffector,0.03308783,0.03679178,0.5241383,0.6367363,-0.06310244,-0.6248731,0.4473463,NULL,HEADSET
2026-08-25T18:01:05.151Z,right,base,0.3580198,-0.3648559,0.8080314,0.07271574,0.9425527,-0.1572918,0.2855976,NULL,HEADSET
2026-08-25T18:01:05.151Z,right,shoulder_pan_joint,0,8.9159,0,0,-0.06662903,0,0.9977778,NULL,HEADSET
2026-08-25T18:01:05.151Z,right,shoulder_lift_joint,NULL,NULL,NULL,0,0,-0.6717425,0.7407848,NULL,HEADSET
2026-08-25T18:01:05.151Z,right,elbow_joint,-42.5,0,0,0,0,-0.8576697,0.514201,NULL,HEADSET
2026-08-25T18:01:05.151Z,right,wrist_1_joint,-39.225,0,-10.915,0,0,-0.2476005,0.9688622,NULL,HEADSET
2026-08-25T18:01:05.151Z,right,wrist_2_joint,0,-9.465002,0,0,0.5208906,0,0.8536235,NULL,HEADSET
2026-08-25T18:01:05.151Z,right,wrist_3_joint,0,0,-8.23,0,0,0.9999183,-0.01278283,NULL,HEADSET
2026-08-25T18:01:05.151Z,right,gripper,NULL,NULL,NULL,0,0,0,1,0.2224295,HEADSET
2026-08-25T18:01:05.174Z,right,endEffector,0.03499322,0.03841282,0.5232562,0.6357392,-0.06407668,-0.6243051,0.4494142,NULL,HEADSET
2026-08-25T18:01:05.174Z,right,base,0.3565598,-0.3653545,0.8082857,0.07166868,0.942587,-0.1560029,0.2864553,NULL,HEADSET
2026-08-25T18:01:05.174Z,right,shoulder_pan_joint,0,8.9159,0,0,-0.07089694,0,0.9974837,NULL,HEADSET
2026-08-25T18:01:05.174Z,right,shoulder_lift_joint,NULL,NULL,NULL,0,0,-0.6664852,0.7455183,NULL,HEADSET
2026-08-25T18:01:05.174Z,right,elbow_joint,-42.5,0,0,0,0,-0.8580323,0.5135956,NULL,HEADSET
2026-08-25T18:01:05.174Z,right,wrist_1_joint,-39.225,0,-10.915,0,0,-0.2531724,0.9674212,NULL,HEADSET
2026-08-25T18:01:05.174Z,right,wrist_2_joint,0,-9.465002,0,0,0.5170212,0,0.8559726,NULL,HEADSET
2026-08-25T18:01:05.174Z,right,wrist_3_joint,0,0,-8.23,0,0,0.9998943,-0.0145422,NULL,HEADSET
2026-08-25T18:01:05.174Z,right,gripper,NULL,NULL,NULL,0,0,0,1,0.2299602,HEADSET
2026-08-25T18:01:05.189Z,right,endEffector,0.03602186,0.03972957,0.5223401,0.6363316,-0.06454557,-0.6239953,0.4489386,NULL,HEADSET
2026-08-25T18:01:05.189Z,right,base,0.3524674,-0.3677775,0.8089628,0.07080826,0.9425099,-0.1537728,0.2881236,NULL,HEADSET
2026-08-25T18:01:05.189Z,right,shoulder_pan_joint,0,8.9159,0,0,-0.07505794,0,0.9971792,NULL,HEADSET
2026-08-25T18:01:05.189Z,right,shoulder_lift_joint,NULL,NULL,NULL,0,0,-0.6616067,0.749851,NULL,HEADSET
2026-08-25T18:01:05.189Z,right,elbow_joint,-42.5,0,0,0,0,-0.8581921,0.5133287,NULL,HEADSET
2026-08-25T18:01:05.189Z,right,wrist_1_joint,-39.225,0,-10.915,0,0,-0.2591794,0.9658292,NULL,HEADSET
2026-08-25T18:01:05.189Z,right,wrist_2_joint,0,-9.465002,0,0,0.5130921,0,0.8583336,NULL,HEADSET
2026-08-25T18:01:05.189Z,right,wrist_3_joint,0,0,-8.23,0,0,0.9998704,-0.01609803,NULL,HEADSET
2026-08-25T18:01:05.189Z,right,gripper,NULL,NULL,NULL,0,0,0,1,0.2341688,HEADSET
2026-08-25T18:01:05.213Z,right,endEffector,0.03654206,0.04044969,0.522374,0.6365357,-0.06529763,-0.6238961,0.4486783,NULL,HEADSET
2026-08-25T18:01:05.213Z,right,base,0.3502864,-0.3689308,0.8093059,0.07055242,0.9424464,-0.1527765,0.2889231,NULL,HEADSET
2026-08-25T18:01:05.213Z,right,shoulder_pan_joint,0,8.9159,0,0,-0.0795887,0,0.9968278,NULL,HEADSET
2026-08-25T18:01:05.213Z,right,shoulder_lift_joint,NULL,NULL,NULL,0,0,-0.6564873,0.754337,NULL,HEADSET
2026-08-25T18:01:05.213Z,right,elbow_joint,-42.5,0,0,0,0,-0.8581784,0.5133516,NULL,HEADSET
2026-08-25T18:01:05.213Z,right,wrist_1_joint,-39.225,0,-10.915,0,0,-0.2655564,0.9640954,NULL,HEADSET
2026-08-25T18:01:05.213Z,right,wrist_2_joint,0,-9.465002,0,0,0.5089989,0,0.8607672,NULL,HEADSET
2026-08-25T18:01:05.213Z,right,wrist_3_joint,0,0,-8.23,0,0,0.9998403,-0.01787009,NULL,HEADSET
2026-08-25T18:01:05.213Z,right,gripper,NULL,NULL,NULL,0,0,0,1,0.2383355,HEADSET
2026-08-25T18:01:05.232Z,right,endEffector,0.03831069,0.04139067,0.5227151,0.6378676,-0.06652215,-0.6233798,0.4473225,NULL,HEADSET
2026-08-25T18:01:05.232Z,right,base,0.3464462,-0.3714243,0.8098845,0.06922983,0.9424056,-0.1502484,0.2906964,NULL,HEADSET
2026-08-25T18:01:05.232Z,right,shoulder_pan_joint,0,8.9159,0,0,-0.08337744,0,0.9965181,NULL,HEADSET
2026-08-25T18:01:05.232Z,right,shoulder_lift_joint,NULL,NULL,NULL,0,0,-0.6521453,0.758094,NULL,HEADSET
2026-08-25T18:01:05.232Z,right,elbow_joint,-42.5,0,0,0,0,-0.8581003,0.5134822,NULL,HEADSET
2026-08-25T18:01:05.232Z,right,wrist_1_joint,-39.225,0,-10.915,0,0,-0.2717092,0.9623795,NULL,HEADSET
2026-08-25T18:01:05.232Z,right,wrist_2_joint,0,-9.465002,0,0,0.505161,0,0.8630251,NULL,HEADSET
2026-08-25T18:01:05.232Z,right,wrist_3_joint,0,0,-8.23,0,0,0.9998066,-0.01966779,NULL,HEADSET
2026-08-25T18:01:05.232Z,right,gripper,NULL,NULL,NULL,0,0,0,1,0.2414966,HEADSET
2026-08-25T18:01:05.255Z,right,endEffector,0.04077952,0.04309773,0.5224121,0.6382014,-0.06650264,-0.6230581,0.4472977,NULL,HEADSET
2026-08-25T18:01:05.255Z,right,base,0.3449875,-0.3726912,0.809916,0.06816405,0.9424652,-0.148562,0.2916201,NULL,HEADSET
2026-08-25T18:01:05.255Z,right,shoulder_pan_joint,0,8.9159,0,0,-0.08766064,0,0.9961504,NULL,HEADSET
2026-08-25T18:01:05.255Z,right,shoulder_lift_joint,NULL,NULL,NULL,0,0,-0.6469143,0.7625627,NULL,HEADSET
2026-08-25T18:01:05.255Z,right,elbow_joint,-42.5,0,0,0,0,-0.858238,0.5132518,NULL,HEADSET
2026-08-25T18:01:05.255Z,right,wrist_1_joint,-39.225,0,-10.915,0,0,-0.2779731,0.9605889,NULL,HEADSET
2026-08-25T18:01:05.255Z,right,wrist_2_joint,0,-9.465002,0,0,0.501097,0,0.8653911,NULL,HEADSET
2026-08-25T18:01:05.255Z,right,wrist_3_joint,0,0,-8.23,0,0,0.9997675,-0.02156469,NULL,HEADSET
2026-08-25T18:01:05.255Z,right,gripper,NULL,NULL,NULL,0,0,0,1,0.2442384,HEADSET
2026-08-25T18:01:05.276Z,right,endEffector,0.04178938,0.04381862,0.5211604,0.6395833,-0.06578191,-0.6230386,0.4454536,NULL,HEADSET
2026-08-25T18:01:05.276Z,right,base,0.341267,-0.3762298,0.8098512,0.06711186,0.9425491,-0.1452377,0.293263,NULL,HEADSET
2026-08-25T18:01:05.276Z,right,shoulder_pan_joint,0,8.9159,0,0,-0.09187981,0,0.9957701,NULL,HEADSET
2026-08-25T18:01:05.276Z,right,shoulder_lift_joint,NULL,NULL,NULL,0,0,-0.6417436,0.7669193,NULL,HEADSET
2026-08-25T18:01:05.276Z,right,elbow_joint,-42.5,0,0,0,0,-0.8582579,0.5132186,NULL,HEADSET
2026-08-25T18:01:05.276Z,right,wrist_1_joint,-39.225,0,-10.915,0,0,-0.2844384,0.9586943,NULL,HEADSET
2026-08-25T18:01:05.276Z,right,wrist_2_joint,0,-9.465002,0,0,0.4971109,0,0.867687,NULL,HEADSET
2026-08-25T18:01:05.276Z,right,wrist_3_joint,0,0,-8.23,0,0,0.999723,-0.02353776,NULL,HEADSET
2026-08-25T18:01:05.276Z,right,gripper,NULL,NULL,NULL,0,0,0,1,0.2466642,HEADSET
2026-08-25T18:01:05.298Z,right,endEffector,0.04375374,0.04534675,0.5200697,0.6404763,-0.06573047,-0.6228657,0.4444187,NULL,HEADSET
2026-08-25T18:01:05.298Z,right,base,0.3391865,-0.3781602,0.8098851,0.06669866,0.942546,-0.1435672,0.2941885,NULL,HEADSET
2026-08-25T18:01:05.298Z,right,shoulder_pan_joint,0,8.9159,0,0,-0.09678534,0,0.9953053,NULL,HEADSET
2026-08-25T18:01:05.298Z,right,shoulder_lift_joint,NULL,NULL,NULL,0,0,-0.6365273,0.7712542,NULL,HEADSET
2026-08-25T18:01:05.298Z,right,elbow_joint,-42.5,0,0,0,0,-0.8579844,0.5136758,NULL,HEADSET
2026-08-25T18:01:05.298Z,right,wrist_1_joint,-39.225,0,-10.915,0,0,-0.2911706,0.9566712,NULL,HEADSET
2026-08-25T18:01:05.298Z,right,wrist_2_joint,0,-9.465002,0,0,0.4928869,0,0.8700934,NULL,HEADSET
2026-08-25T18:01:05.298Z,right,wrist_3_joint,0,0,-8.23,0,0,0.9996639,-0.0259253,NULL,HEADSET
2026-08-25T18:01:05.298Z,right,gripper,NULL,NULL,NULL,0,0,0,1,0.2466638,HEADSET
2026-08-25T18:01:05.318Z,right,endEffector,0.04486442,0.04745048,0.5188402,0.6400094,-0.06667338,-0.6220839,0.4460431,NULL,HEADSET
2026-08-25T18:01:05.318Z,right,base,0.3350071,-0.3806651,0.8103827,0.0658517,0.942428,-0.1409035,0.2960393,NULL,HEADSET
2026-08-25T18:01:05.318Z,right,shoulder_pan_joint,0,8.9159,0,0,-0.1016022,0,0.9948251,NULL,HEADSET
2026-08-25T18:01:05.318Z,right,shoulder_lift_joint,NULL,NULL,NULL,0,0,-0.6316934,0.7752183,NULL,HEADSET
2026-08-25T18:01:05.318Z,right,elbow_joint,-42.5,0,0,0,0,-0.8575137,0.5144612,NULL,HEADSET
2026-08-25T18:01:05.318Z,right,wrist_1_joint,-39.225,0,-10.915,0,0,-0.2979981,0.9545665,NULL,HEADSET
2026-08-25T18:01:05.318Z,right,wrist_2_joint,0,-9.465002,0,0,0.4887893,0,0.8724019,NULL,HEADSET
2026-08-25T18:01:05.318Z,right,wrist_3_joint,0,0,-8.23,0,0,0.999594,-0.02849219,NULL,HEADSET
2026-08-25T18:01:05.318Z,right,gripper,NULL,NULL,NULL,0,0,0,1,0.2573494,HEADSET
2026-08-25T18:01:05.340Z,right,endEffector,0.04576308,0.04887217,0.5185205,0.6381999,-0.06874611,-0.6233552,0.4465461,NULL,HEADSET
2026-08-25T18:01:05.340Z,right,base,0.3326833,-0.3822513,0.8106527,0.06589526,0.9423324,-0.1398956,0.2968111,NULL,HEADSET
2026-08-25T18:01:05.340Z,right,shoulder_pan_joint,0,8.9159,0,0,-0.1069726,0,0.994262,NULL,HEADSET
2026-08-25T18:01:05.340Z,right,shoulder_lift_joint,NULL,NULL,NULL,0,0,-0.6266391,0.7793096,NULL,HEADSET
2026-08-25T18:01:05.340Z,right,elbow_joint,-42.5,0,0,0,0,-0.8567694,0.5156997,NULL,HEADSET
2026-08-25T18:01:05.340Z,right,wrist_1_joint,-39.225,0,-10.915,0,0,-0.3057084,0.9521252,NULL,HEADSET
2026-08-25T18:01:05.340Z,right,wrist_2_joint,0,-9.465002,0,0,0.4843061,0,0.8748986,NULL,HEADSET
2026-08-25T18:01:05.340Z,right,wrist_3_joint,0,0,-8.23,0,0,0.9995235,-0.03086757,NULL,HEADSET
2026-08-25T18:01:05.340Z,right,gripper,NULL,NULL,NULL,0,0,0,1,0.2605062,HEADSET
2026-08-25T18:01:05.359Z,right,endEffector,0.04685004,0.04923256,0.5186898,0.6365747,-0.0713948,-0.6248258,0.4463946,NULL,HEADSET
2026-08-25T18:01:05.359Z,right,base,0.3286096,-0.3869961,0.8103181,0.0662078,0.9423413,-0.1370701,0.298029,NULL,HEADSET
2026-08-25T18:01:05.359Z,right,shoulder_pan_joint,0,8.9159,0,0,-0.1116259,0,0.9937503,NULL,HEADSET
2026-08-25T18:01:05.359Z,right,shoulder_lift_joint,NULL,NULL,NULL,0,0,-0.6223035,0.7827761,NULL,HEADSET
2026-08-25T18:01:05.359Z,right,elbow_joint,-42.5,0,0,0,0,-0.855943,0.5170702,NULL,HEADSET
2026-08-25T18:01:05.359Z,right,wrist_1_joint,-39.225,0,-10.915,0,0,-0.3134769,0.9495959,NULL,HEADSET
2026-08-25T18:01:05.359Z,right,wrist_2_joint,0,-9.465002,0,0,0.4796369,0,0.877467,NULL,HEADSET
2026-08-25T18:01:05.359Z,right,wrist_3_joint,0,0,-8.23,0,0,0.9994506,-0.03314273,NULL,HEADSET
2026-08-25T18:01:05.359Z,right,gripper,NULL,NULL,NULL,0,0,0,1,0.2628318,HEADSET
2026-08-25T18:01:05.382Z,right,endEffector,0.04739617,0.04940838,0.519556,0.6370331,-0.07155979,-0.6249388,0.4455553,NULL,HEADSET
2026-08-25T18:01:05.382Z,right,base,0.3267427,-0.3890111,0.8101279,0.06614868,0.9423573,-0.1356204,0.298654,NULL,HEADSET
2026-08-25T18:01:05.382Z,right,shoulder_pan_joint,0,8.9159,0,0,-0.1164243,0,0.9931996,NULL,HEADSET
2026-08-25T18:01:05.382Z,right,shoulder_lift_joint,NULL,NULL,NULL,0,0,-0.6177108,0.7864054,NULL,HEADSET
2026-08-25T18:01:05.382Z,right,elbow_joint,-42.5,0,0,0,0,-0.8550926,0.5184753,NULL,HEADSET
2026-08-25T18:01:05.382Z,right,wrist_1_joint,-39.225,0,-10.915,0,0,-0.3216757,0.9468499,NULL,HEADSET
2026-08-25T18:01:05.382Z,right,wrist_2_joint,0,-9.465002,0,0,0.4744081,0,0.8803051,NULL,HEADSET
2026-08-25T18:01:05.382Z,right,wrist_3_joint,0,0,-8.23,0,0,0.9993803,-0.03520157,NULL,HEADSET
2026-08-25T18:01:05.382Z,right,gripper,NULL,NULL,NULL,0,0,0,1,0.2644725,HEADSET
2026-08-25T18:01:05.400Z,right,endEffector,0.04982452,0.05189894,0.5196657,0.63634,-0.07362804,-0.6257209,0.4451111,NULL,HEADSET
2026-08-25T18:01:05.400Z,right,base,0.323011,-0.3915385,0.8104817,0.06559002,0.9422531,-0.1333541,0.3001232,NULL,HEADSET
2026-08-25T18:01:05.400Z,right,shoulder_pan_joint,0,8.9159,0,0,-0.1202766,0,0.9927405,NULL,HEADSET
2026-08-25T18:01:05.400Z,right,shoulder_lift_joint,NULL,NULL,NULL,0,0,-0.6137214,0.7895226,NULL,HEADSET
2026-08-25T18:01:05.400Z,right,elbow_joint,-42.5,0,0,0,0,-0.8544325,0.5195625,NULL,HEADSET
2026-08-25T18:01:05.400Z,right,wrist_1_joint,-39.225,0,-10.915,0,0,-0.3293905,0.9441938,NULL,HEADSET
2026-08-25T18:01:05.400Z,right,wrist_2_joint,0,-9.465002,0,0,0.4697025,0,0.8828248,NULL,HEADSET
2026-08-25T18:01:05.400Z,right,wrist_3_joint,0,0,-8.23,0,0,0.9993004,-0.03739953,NULL,HEADSET
2026-08-25T18:01:05.400Z,right,gripper,NULL,NULL,NULL,0,0,0,1,0.2686896,HEADSET
2026-08-25T18:01:05.423Z,right,endEffector,0.05162357,0.05257189,0.5186751,0.6351273,-0.07570132,-0.6266362,0.4452075,NULL,HEADSET
2026-08-25T18:01:05.423Z,right,base,0.3209364,-0.393356,0.8105038,0.06572219,0.9422003,-0.1322482,0.3007485,NULL,HEADSET
2026-08-25T18:01:05.423Z,right,shoulder_pan_joint,0,8.9159,0,0,-0.1250393,0,0.9921518,NULL,HEADSET
2026-08-25T18:01:05.423Z,right,shoulder_lift_joint,NULL,NULL,NULL,0,0,-0.608798,0.7933252,NULL,HEADSET
2026-08-25T18:01:05.423Z,right,elbow_joint,-42.5,0,0,0,0,-0.8537391,0.5207009,NULL,HEADSET
2026-08-25T18:01:05.423Z,right,wrist_1_joint,-39.225,0,-10.915,0,0,-0.3375955,0.9412913,NULL,HEADSET
2026-08-25T18:01:05.423Z,right,wrist_2_joint,0,-9.465002,0,0,0.4645508,0,0.8855465,NULL,HEADSET
2026-08-25T18:01:05.423Z,right,wrist_3_joint,0,0,-8.23,0,0,0.9992136,-0.03965136,NULL,HEADSET
2026-08-25T18:01:05.423Z,right,gripper,NULL,NULL,NULL,0,0,0,1,0.2750151,HEADSET
2026-08-25T18:01:05.442Z,right,endEffector,0.05399288,0.05302669,0.5183641,0.6352029,-0.0775726,-0.6280579,0.4427677,NULL,HEADSET
2026-08-25T18:01:05.442Z,right,base,0.3170068,-0.3970144,0.8104505,0.06577575,0.9421132,-0.1298395,0.3020564,NULL,HEADSET
2026-08-25T18:01:05.442Z,right,shoulder_pan_joint,0,8.9159,0,0,-0.1299268,0,0.9915236,NULL,HEADSET
2026-08-25T18:01:05.442Z,right,shoulder_lift_joint,NULL,NULL,NULL,0,0,-0.6044932,0.7966103,NULL,HEADSET
2026-08-25T18:01:05.442Z,right,elbow_joint,-42.5,0,0,0,0,-0.8530102,0.5218942,NULL,HEADSET
2026-08-25T18:01:05.442Z,right,wrist_1_joint,-39.225,0,-10.915,0,0,-0.3457243,0.9383361,NULL,HEADSET
2026-08-25T18:01:05.442Z,right,wrist_2_joint,0,-9.465002,0,0,0.45935,0,0.8882554,NULL,HEADSET
2026-08-25T18:01:05.442Z,right,wrist_3_joint,0,0,-8.23,0,0,0.9991134,-0.04209913,NULL,HEADSET
2026-08-25T18:01:05.442Z,right,gripper,NULL,NULL,NULL,0,0,0,1,0.2765162,HEADSET
2026-08-25T18:01:05.465Z,right,endEffector,0.05569395,0.05407865,0.5184219,0.6350883,-0.07806905,-0.6293822,0.4409608,NULL,HEADSET
2026-08-25T18:01:05.465Z,right,base,0.3146235,-0.3989315,0.8104767,0.06598461,0.9420324,-0.1286353,0.3027775,NULL,HEADSET
2026-08-25T18:01:05.465Z,right,shoulder_pan_joint,0,8.9159,0,0,-0.1356714,0,0.9907539,NULL,HEADSET
2026-08-25T18:01:05.465Z,right,shoulder_lift_joint,NULL,NULL,NULL,0,0,-0.5996485,0.8002635,NULL,HEADSET
2026-08-25T18:01:05.465Z,right,elbow_joint,-42.5,0,0,0,0,-0.8524015,0.5228879,NULL,HEADSET
2026-08-25T18:01:05.465Z,right,wrist_1_joint,-39.225,0,-10.915,0,0,-0.3539122,0.9352787,NULL,HEADSET
2026-08-25T18:01:05.465Z,right,wrist_2_joint,0,-9.465002,0,0,0.4537656,0,0.8911211,NULL,HEADSET
2026-08-25T18:01:05.465Z,right,wrist_3_joint,0,0,-8.23,0,0,0.9989859,-0.04502413,NULL,HEADSET
2026-08-25T18:01:05.465Z,right,gripper,NULL,NULL,NULL,0,0,0,1,0.2765164,HEADSET
2026-08-25T18:01:05.484Z,right,endEffector,0.05649509,0.0542383,0.5183147,0.6347189,-0.07976537,-0.6302848,0.4398983,NULL,HEADSET
2026-08-25T18:01:05.484Z,right,base,0.3099744,-0.4025255,0.8106346,0.06641345,0.9418421,-0.1265817,0.3041379,NULL,HEADSET
2026-08-25T18:01:05.484Z,right,shoulder_pan_joint,0,8.9159,0,0,-0.1409258,0,0.9900202,NULL,HEADSET
2026-08-25T18:01:05.484Z,right,shoulder_lift_joint,NULL,NULL,NULL,0,0,-0.5952008,0.803577,NULL,HEADSET
2026-08-25T18:01:05.484Z,right,elbow_joint,-42.5,0,0,0,0,-0.8517864,0.5238893,NULL,HEADSET
2026-08-25T18:01:05.484Z,right,wrist_1_joint,-39.225,0,-10.915,0,0,-0.361867,0.9322298,NULL,HEADSET
2026-08-25T18:01:05.484Z,right,wrist_2_joint,0,-9.465002,0,0,0.4483893,0,0.8938384,NULL,HEADSET
2026-08-25T18:01:05.484Z,right,wrist_3_joint,0,0,-8.23,0,0,0.9988316,-0.04832705,NULL,HEADSET
2026-08-25T18:01:05.484Z,right,gripper,NULL,NULL,NULL,0,0,0,1,0.2806435,HEADSET
2026-08-25T18:01:05.507Z,right,endEffector,0.05786891,0.05485649,0.5174721,0.6341338,-0.08045419,-0.6311769,0.4393369,NULL,HEADSET
2026-08-25T18:01:05.507Z,right,base,0.3083247,-0.4038326,0.8107597,0.06605999,0.9417888,-0.1254972,0.3048285,NULL,HEADSET
2026-08-25T18:01:05.507Z,right,shoulder_pan_joint,0,8.9159,0,0,-0.1464834,0,0.9892132,NULL,HEADSET
2026-08-25T18:01:05.507Z,right,shoulder_lift_joint,NULL,NULL,NULL,0,0,-0.5907491,0.8068554,NULL,HEADSET
2026-08-25T18:01:05.507Z,right,elbow_joint,-42.5,0,0,0,0,-0.8511186,0.5249736,NULL,HEADSET
2026-08-25T18:01:05.507Z,right,wrist_1_joint,-39.225,0,-10.915,0,0,-0.3700125,0.9290268,NULL,HEADSET
2026-08-25T18:01:05.507Z,right,wrist_2_joint,0,-9.465002,0,0,0.4428517,0,0.8965949,NULL,HEADSET
2026-08-25T18:01:05.507Z,right,wrist_3_joint,0,0,-8.23,0,0,0.9986592,-0.05176686,NULL,HEADSET
2026-08-25T18:01:05.507Z,right,gripper,NULL,NULL,NULL,0,0,0,1,0.2818486,HEADSET
2026-08-25T18:01:05.524Z,right,endEffector,0.05968416,0.05453917,0.5176991,0.6343259,-0.08064739,-0.6320905,0.4377082,NULL,HEADSET
2026-08-25T18:01:05.524Z,right,base,0.3056411,-0.4074453,0.8100861,0.0653604,0.9418666,-0.1226701,0.3058882,NULL,HEADSET
2026-08-25T18:01:05.524Z,right,shoulder_pan_joint,0,8.9159,0,0,-0.1517925,0,0.9884124,NULL,HEADSET
2026-08-25T18:01:05.524Z,right,shoulder_lift_joint,NULL,NULL,NULL,0,0,-0.5869501,0.8096231,NULL,HEADSET
2026-08-25T18:01:05.524Z,right,elbow_joint,-42.5,0,0,0,0,-0.8503693,0.5261863,NULL,HEADSET
2026-08-25T18:01:05.524Z,right,wrist_1_joint,-39.225,0,-10.915,0,0,-0.3779471,0.9258272,NULL,HEADSET
2026-08-25T18:01:05.524Z,right,wrist_2_joint,0,-9.465002,0,0,0.4374687,0,0.8992336,NULL,HEADSET
2026-08-25T18:01:05.524Z,right,wrist_3_joint,0,0,-8.23,0,0,0.9984593,-0.05548796,NULL,HEADSET
2026-08-25T18:01:05.524Z,right,gripper,NULL,NULL,NULL,0,0,0,1,0.2837573,HEADSET
2026-08-25T18:01:05.550Z,right,endEffector,0.06165555,0.05482614,0.5184606,0.6346695,-0.08107127,-0.6327755,0.436139,NULL,HEADSET
2026-08-25T18:01:05.550Z,right,base,0.3042203,-0.4092871,0.8096969,0.06510451,0.9419125,-0.1212789,0.3063556,NULL,HEADSET
2026-08-25T18:01:05.550Z,right,shoulder_pan_joint,0,8.9159,0,0,-0.157511,0,0.9875172,NULL,HEADSET
2026-08-25T18:01:05.550Z,right,shoulder_lift_joint,NULL,NULL,NULL,0,0,-0.5826693,0.8127093,NULL,HEADSET
2026-08-25T18:01:05.550Z,right,elbow_joint,-42.5,0,0,0,0,-0.8497461,0.5271922,NULL,HEADSET
2026-08-25T18:01:05.550Z,right,wrist_1_joint,-39.225,0,-10.915,0,0,-0.3859849,0.9225051,NULL,HEADSET
2026-08-25T18:01:05.550Z,right,wrist_2_joint,0,-9.465002,0,0,0.4319312,0,0.9019065,NULL,HEADSET
2026-08-25T18:01:05.550Z,right,wrist_3_joint,0,0,-8.23,0,0,0.9982303,-0.05946652,NULL,HEADSET
2026-08-25T18:01:05.550Z,right,gripper,NULL,NULL,NULL,0,0,0,1,0.2847795,HEADSET
2026-08-25T18:01:05.568Z,right,endEffector,0.06304392,0.0547312,0.519479,0.6348517,-0.08192641,-0.6338555,0.4341416,NULL,HEADSET
2026-08-25T18:01:05.568Z,right,base,0.3006168,-0.4129869,0.8091238,0.0648789,0.9418526,-0.1185387,0.3076573,NULL,HEADSET
2026-08-25T18:01:05.568Z,right,shoulder_pan_joint,0,8.9159,0,0,-0.1626655,0,0.9866813,NULL,HEADSET
2026-08-25T18:01:05.568Z,right,shoulder_lift_joint,NULL,NULL,NULL,0,0,-0.578478,0.8156981,NULL,HEADSET
2026-08-25T18:01:05.568Z,right,elbow_joint,-42.5,0,0,0,0,-0.8493068,0.5278996,NULL,HEADSET
2026-08-25T18:01:05.568Z,right,wrist_1_joint,-39.225,0,-10.915,0,0,-0.3937343,0.9192243,NULL,HEADSET
2026-08-25T18:01:05.568Z,right,wrist_2_joint,0,-9.465002,0,0,0.4267043,0,0.9043912,NULL,HEADSET
2026-08-25T18:01:05.568Z,right,wrist_3_joint,0,0,-8.23,0,0,0.9979786,-0.06355046,NULL,HEADSET
2026-08-25T18:01:05.568Z,right,gripper,NULL,NULL,NULL,0,0,0,1,0.2863249,HEADSET
2026-08-25T18:01:05.592Z,right,endEffector,0.06468348,0.05502652,0.5202069,0.6347156,-0.08260567,-0.634959,0.4325964,NULL,HEADSET
2026-08-25T18:01:05.592Z,right,base,0.2990473,-0.4145309,0.8088946,0.06454901,0.9418229,-0.1172142,0.3083244,NULL,HEADSET
2026-08-25T18:01:05.592Z,right,shoulder_pan_joint,0,8.9159,0,0,-0.1681217,0,0.9857663,NULL,HEADSET
2026-08-25T18:01:05.592Z,right,shoulder_lift_joint,NULL,NULL,NULL,0,0,-0.5738363,0.8189701,NULL,HEADSET
2026-08-25T18:01:05.592Z,right,elbow_joint,-42.5,0,0,0,0,-0.8489325,0.5285013,NULL,HEADSET
2026-08-25T18:01:05.592Z,right,wrist_1_joint,-39.225,0,-10.915,0,0,-0.4016283,0.9158028,NULL,HEADSET
2026-08-25T18:01:05.592Z,right,wrist_2_joint,0,-9.465002,0,0,0.4212624,0,0.9069388,NULL,HEADSET
2026-08-25T18:01:05.592Z,right,wrist_3_joint,0,0,-8.23,0,0,0.9977039,-0.06772732,NULL,HEADSET
2026-08-25T18:01:05.592Z,right,gripper,NULL,NULL,NULL,0,0,0,1,0.2893745,HEADSET
2026-08-25T18:01:05.608Z,right,endEffector,0.06545445,0.05572104,0.5217202,0.6340464,-0.0838168,-0.6362616,0.4314296,NULL,HEADSET
2026-08-25T18:01:05.608Z,right,base,0.2954436,-0.4164706,0.8091349,0.0639011,0.9416211,-0.115398,0.3097576,NULL,HEADSET
2026-08-25T18:01:05.608Z,right,shoulder_pan_joint,0,8.9159,0,0,-0.1731441,0,0.9848965,NULL,HEADSET
2026-08-25T18:01:05.608Z,right,shoulder_lift_joint,NULL,NULL,NULL,0,0,-0.5695099,0.8219845,NULL,HEADSET
2026-08-25T18:01:05.608Z,right,elbow_joint,-42.5,0,0,0,0,-0.8486424,0.5289671,NULL,HEADSET
2026-08-25T18:01:05.608Z,right,wrist_1_joint,-39.225,0,-10.915,0,0,-0.4092548,0.9124202,NULL,HEADSET
2026-08-25T18:01:05.608Z,right,wrist_2_joint,0,-9.465002,0,0,0.41598,0,0.9093738,NULL,HEADSET
2026-08-25T18:01:05.608Z,right,wrist_3_joint,0,0,-8.23,0,0,0.9974015,-0.07204407,NULL,HEADSET
2026-08-25T18:01:05.608Z,right,gripper,NULL,NULL,NULL,0,0,0,1,0.290488,HEADSET
2026-08-25T18:01:05.631Z,right,endEffector,0.06719053,0.05673854,0.5234942,0.6334255,-0.08483902,-0.6372676,0.4306559,NULL,HEADSET
2026-08-25T18:01:05.631Z,right,base,0.2933212,-0.4175521,0.8093308,0.06376122,0.941472,-0.1146087,0.3105317,NULL,HEADSET
2026-08-25T18:01:05.631Z,right,shoulder_pan_joint,0,8.9159,0,0,-0.1782684,0,0.9839819,NULL,HEADSET
2026-08-25T18:01:05.631Z,right,shoulder_lift_joint,NULL,NULL,NULL,0,0,-0.5648447,0.8251972,NULL,HEADSET
2026-08-25T18:01:05.631Z,right,elbow_joint,-42.5,0,0,0,0,-0.8484194,0.5293245,NULL,HEADSET
2026-08-25T18:01:05.631Z,right,wrist_1_joint,-39.225,0,-10.915,0,0,-0.4170305,0.9088925,NULL,HEADSET
2026-08-25T18:01:05.631Z,right,wrist_2_joint,0,-9.465002,0,0,0.410489,0,0.9118655,NULL,HEADSET
2026-08-25T18:01:05.631Z,right,wrist_3_joint,0,0,-8.23,0,0,0.9970754,-0.07642387,NULL,HEADSET
2026-08-25T18:01:05.631Z,right,gripper,NULL,NULL,NULL,0,0,0,1,0.292266,HEADSET
2026-08-25T18:01:05.650Z,right,endEffector,0.0690614,0.05766632,0.5250645,0.6331751,-0.08578756,-0.6387735,0.4286004,NULL,HEADSET
2026-08-25T18:01:05.650Z,right,base,0.2893777,-0.4206717,0.8091077,0.06369378,0.9412789,-0.1127376,0.311813,NULL,HEADSET
2026-08-25T18:01:05.650Z,right,shoulder_pan_joint,0,8.9159,0,0,-0.1829007,0,0.9831314,NULL,HEADSET
2026-08-25T18:01:05.650Z,right,shoulder_lift_joint,NULL,NULL,NULL,0,0,-0.5601514,0.8283903,NULL,HEADSET
2026-08-25T18:01:05.650Z,right,elbow_joint,-42.5,0,0,0,0,-0.8482933,0.5295267,NULL,HEADSET
2026-08-25T18:01:05.650Z,right,wrist_1_joint,-39.225,0,-10.915,0,0,-0.424782,0.9052957,NULL,HEADSET
2026-08-25T18:01:05.650Z,right,wrist_2_joint,0,-9.465002,0,0,0.4052327,0,0.9142136,NULL,HEADSET
2026-08-25T18:01:05.650Z,right,wrist_3_joint,0,0,-8.23,0,0,0.9967341,-0.08075297,NULL,HEADSET
2026-08-25T18:01:05.650Z,right,gripper,NULL,NULL,NULL,0,0,0,1,0.2933806,HEADSET
2026-08-25T18:01:05.672Z,right,endEffector,0.06929438,0.05764361,0.52454,0.6330884,-0.08605316,-0.6389863,0.428358,NULL,HEADSET
2026-08-25T18:01:05.672Z,right,base,0.2876514,-0.4221814,0.8088772,0.0633233,0.9411983,-0.1114305,0.3126005,NULL,HEADSET
2026-08-25T18:01:05.672Z,right,shoulder_pan_joint,0,8.9159,0,0,-0.1880997,0,0.98215,NULL,HEADSET
2026-08-25T18:01:05.672Z,right,shoulder_lift_joint,NULL,NULL,NULL,0,0,-0.5548488,0.8319512,NULL,HEADSET
2026-08-25T18:01:05.672Z,right,elbow_joint,-42.5,0,0,0,0,-0.8480694,0.5298852,NULL,HEADSET
2026-08-25T18:01:05.672Z,right,wrist_1_joint,-39.225,0,-10.915,0,0,-0.4328592,0.9014615,NULL,HEADSET
2026-08-25T18:01:05.672Z,right,wrist_2_joint,0,-9.465002,0,0,0.3997882,0,0.9166076,NULL,HEADSET
2026-08-25T18:01:05.672Z,right,wrist_3_joint,0,0,-8.23,0,0,0.9963635,-0.08520454,NULL,HEADSET
2026-08-25T18:01:05.672Z,right,gripper,NULL,NULL,NULL,0,0,0,1,0.295662,HEADSET
2026-08-25T18:01:05.689Z,right,endEffector,0.07044069,0.05853311,0.5230315,0.6334517,-0.08565762,-0.6396752,0.4268695,NULL,HEADSET
2026-08-25T18:01:05.689Z,right,base,0.2852536,-0.4243576,0.8083517,0.06216447,0.9411414,-0.1089858,0.3138642,NULL,HEADSET
2026-08-25T18:01:05.689Z,right,shoulder_pan_joint,0,8.9159,0,0,-0.1928668,0,0.981225,NULL,HEADSET
2026-08-25T18:01:05.689Z,right,shoulder_lift_joint,NULL,NULL,NULL,0,0,-0.5508645,0.8345947,NULL,HEADSET
2026-08-25T18:01:05.689Z,right,elbow_joint,-42.5,0,0,0,0,-0.8475618,0.5306968,NULL,HEADSET
2026-08-25T18:01:05.689Z,right,wrist_1_joint,-39.225,0,-10.915,0,0,-0.4406426,0.8976827,NULL,HEADSET
2026-08-25T18:01:05.689Z,right,wrist_2_joint,0,-9.465002,0,0,0.3946944,0,0.9188125,NULL,HEADSET
2026-08-25T18:01:05.689Z,right,wrist_3_joint,0,0,-8.23,0,0,0.9959673,-0.08971656,NULL,HEADSET
2026-08-25T18:01:05.689Z,right,gripper,NULL,NULL,NULL,0,0,0,1,0.2967585,HEADSET
2026-08-25T18:01:05.714Z,right,endEffector,0.0723331,0.05909991,0.5204799,0.6319541,-0.08688779,-0.6413257,0.4263637,NULL,HEADSET
2026-08-25T18:01:05.714Z,right,base,0.283305,-0.42602,0.8081211,0.06236694,0.9410586,-0.1081769,0.3143517,NULL,HEADSET
2026-08-25T18:01:05.714Z,right,shoulder_pan_joint,0,8.9159,0,0,-0.1986691,0,0.9800667,NULL,HEADSET
2026-08-25T18:01:05.714Z,right,shoulder_lift_joint,NULL,NULL,NULL,0,0,-0.5471606,0.8370277,NULL,HEADSET
2026-08-25T18:01:05.714Z,right,elbow_joint,-42.5,0,0,0,0,-0.8466614,0.532132,NULL,HEADSET
2026-08-25T18:01:05.714Z,right,wrist_1_joint,-39.225,0,-10.915,0,0,-0.4485258,0.8937699,NULL,HEADSET
2026-08-25T18:01:05.714Z,right,wrist_2_joint,0,-9.465002,0,0,0.3894158,0,0.9210621,NULL,HEADSET
2026-08-25T18:01:05.714Z,right,wrist_3_joint,0,0,-8.23,0,0,0.99551,-0.09465671,NULL,HEADSET
2026-08-25T18:01:05.714Z,right,gripper,NULL,NULL,NULL,0,0,0,1,0.3087898,HEADSET
2026-08-25T18:01:05.733Z,right,endEffector,0.07516593,0.05917735,0.5168141,0.6319624,-0.08746877,-0.6439081,0.4223213,NULL,HEADSET
2026-08-25T18:01:05.733Z,right,base,0.2794041,-0.4301366,0.8070318,0.06297325,0.9409853,-0.1061525,0.3151393,NULL,HEADSET
2026-08-25T18:01:05.733Z,right,shoulder_pan_joint,0,8.9159,0,0,-0.2049322,0,0.9787762,NULL,HEADSET
2026-08-25T18:01:05.733Z,right,shoulder_lift_joint,NULL,NULL,NULL,0,0,-0.544224,0.83894,NULL,HEADSET
2026-08-25T18:01:05.733Z,right,elbow_joint,-42.5,0,0,0,0,-0.8454766,0.5340126,NULL,HEADSET
2026-08-25T18:01:05.733Z,right,wrist_1_joint,-39.225,0,-10.915,0,0,-0.4565251,0.8897105,NULL,HEADSET
2026-08-25T18:01:05.733Z,right,wrist_2_joint,0,-9.465002,0,0,0.3840067,0,0.9233303,NULL,HEADSET
2026-08-25T18:01:05.733Z,right,wrist_3_joint,0,0,-8.23,0,0,0.9949949,-0.09992636,NULL,HEADSET
2026-08-25T18:01:05.733Z,right,gripper,NULL,NULL,NULL,0,0,0,1,0.3120155,HEADSET
2026-08-25T18:01:05.757Z,right,endEffector,0.07717773,0.06043354,0.5157658,0.6318638,-0.08743793,-0.6446127,0.4213993,NULL,HEADSET
2026-08-25T18:01:05.757Z,right,base,0.2781141,-0.4311571,0.8066735,0.06245441,0.9409561,-0.1050365,0.3157031,NULL,HEADSET
2026-08-25T18:01:05.757Z,right,shoulder_pan_joint,0,8.9159,0,0,-0.2130031,0,0.9770516,NULL,HEADSET
2026-08-25T18:01:05.757Z,right,shoulder_lift_joint,NULL,NULL,NULL,0,0,-0.5411899,0.8409004,NULL,HEADSET
2026-08-25T18:01:05.757Z,right,elbow_joint,-42.5,0,0,0,0,-0.8439759,0.5363812,NULL,HEADSET
2026-08-25T18:01:05.757Z,right,wrist_1_joint,-39.225,0,-10.915,0,0,-0.4647751,0.8854288,NULL,HEADSET
2026-08-25T18:01:05.757Z,right,wrist_2_joint,0,-9.465002,0,0,0.3780697,0,0.9257771,NULL,HEADSET
2026-08-25T18:01:05.757Z,right,wrist_3_joint,0,0,-8.23,0,0,0.9943541,-0.1061132,NULL,HEADSET
2026-08-25T18:01:05.757Z,right,gripper,NULL,NULL,NULL,0,0,0,1,0.3155922,HEADSET
2026-08-25T18:01:05.775Z,right,endEffector,0.07870843,0.06224179,0.517201,0.6318904,-0.08687143,-0.646059,0.4192563,NULL,HEADSET
2026-08-25T18:01:05.775Z,right,base,0.2751735,-0.4329512,0.8062289,0.06193382,0.940821,-0.1035082,0.3167115,NULL,HEADSET
2026-08-25T18:01:05.775Z,right,shoulder_pan_joint,0,8.9159,0,0,-0.2203682,0,0.9754168,NULL,HEADSET
2026-08-25T18:01:05.775Z,right,shoulder_lift_joint,NULL,NULL,NULL,0,0,-0.5382975,0.8427549,NULL,HEADSET
2026-08-25T18:01:05.775Z,right,elbow_joint,-42.5,0,0,0,0,-0.842524,0.5386589,NULL,HEADSET
2026-08-25T18:01:05.775Z,right,wrist_1_joint,-39.225,0,-10.915,0,0,-0.473086,0.8810163,NULL,HEADSET
2026-08-25T18:01:05.775Z,right,wrist_2_joint,0,-9.465002,0,0,0.3723779,0,0.9280812,NULL,HEADSET
2026-08-25T18:01:05.775Z,right,wrist_3_joint,0,0,-8.23,0,0,0.9936627,-0.1124037,NULL,HEADSET
2026-08-25T18:01:05.775Z,right,gripper,NULL,NULL,NULL,0,0,0,1,0.3250282,HEADSET
2026-08-25T18:01:05.798Z,right,endEffector,0.08075412,0.06290272,0.5180236,0.6303878,-0.088794,-0.6485351,0.4172877,NULL,HEADSET
2026-08-25T18:01:05.798Z,right,base,0.2737945,-0.434395,0.8057457,0.06206444,0.9408352,-0.1027916,0.3168772,NULL,HEADSET
2026-08-25T18:01:05.798Z,right,shoulder_pan_joint,0,8.9159,0,0,-0.2271028,0,0.9738708,NULL,HEADSET
2026-08-25T18:01:05.798Z,right,shoulder_lift_joint,NULL,NULL,NULL,0,0,-0.5345151,0.8451589,NULL,HEADSET
2026-08-25T18:01:05.798Z,right,elbow_joint,-42.5,0,0,0,0,-0.8412762,0.5406057,NULL,HEADSET
2026-08-25T18:01:05.798Z,right,wrist_1_joint,-39.225,0,-10.915,0,0,-0.4816757,0.8763495,NULL,HEADSET
2026-08-25T18:01:05.798Z,right,wrist_2_joint,0,-9.465002,0,0,0.3667983,0,0.9303005,NULL,HEADSET
2026-08-25T18:01:05.798Z,right,wrist_3_joint,0,0,-8.23,0,0,0.9929217,-0.1187706,NULL,HEADSET
2026-08-25T18:01:05.798Z,right,gripper,NULL,NULL,NULL,0,0,0,1,0.333555,HEADSET
2026-08-25T18:01:05.817Z,right,endEffector,0.08341449,0.06327083,0.5178163,0.6282061,-0.09233014,-0.6502246,0.4171816,NULL,HEADSET
2026-08-25T18:01:05.817Z,right,base,0.2714965,-0.4372738,0.8044541,0.06224851,0.9409565,-0.1012649,0.3169725,NULL,HEADSET
2026-08-25T18:01:05.817Z,right,shoulder_pan_joint,0,8.9159,0,0,-0.2330995,0,0.9724529,NULL,HEADSET
2026-08-25T18:01:05.817Z,right,shoulder_lift_joint,NULL,NULL,NULL,0,0,-0.5307846,0.8475068,NULL,HEADSET
2026-08-25T18:01:05.817Z,right,elbow_joint,-42.5,0,0,0,0,-0.8402823,0.5421491,NULL,HEADSET
2026-08-25T18:01:05.817Z,right,wrist_1_joint,-39.225,0,-10.915,0,0,-0.4902039,0.8716078,NULL,HEADSET
2026-08-25T18:01:05.817Z,right,wrist_2_joint,0,-9.465002,0,0,0.3611351,0,0.9325135,NULL,HEADSET
2026-08-25T18:01:05.817Z,right,wrist_3_joint,0,0,-8.23,0,0,0.9921498,-0.1250556,NULL,HEADSET
2026-08-25T18:01:05.817Z,right,gripper,NULL,NULL,NULL,0,0,0,1,0.3446072,HEADSET
2026-08-25T18:01:05.842Z,right,endEffector,0.08558749,0.06392229,0.5152222,0.6266908,-0.09414904,-0.6516798,0.4167832,NULL,HEADSET
2026-08-25T18:01:05.842Z,right,base,0.2709855,-0.4379843,0.8038982,0.06180969,0.9410719,-0.1005705,0.3169367,NULL,HEADSET
2026-08-25T18:01:05.842Z,right,shoulder_pan_joint,0,8.9159,0,0,-0.2397544,0,0.9708336,NULL,HEADSET
2026-08-25T18:01:05.842Z,right,shoulder_lift_joint,NULL,NULL,NULL,0,0,-0.5267566,0.8500162,NULL,HEADSET
2026-08-25T18:01:05.842Z,right,elbow_joint,-42.5,0,0,0,0,-0.8392683,0.5437176,NULL,HEADSET
2026-08-25T18:01:05.842Z,right,wrist_1_joint,-39.225,0,-10.915,0,0,-0.4992814,0.8664399,NULL,HEADSET
2026-08-25T18:01:05.842Z,right,wrist_2_joint,0,-9.465002,0,0,0.355082,0,0.9348351,NULL,HEADSET
2026-08-25T18:01:05.842Z,right,wrist_3_joint,0,0,-8.23,0,0,0.991389,-0.1309502,NULL,HEADSET
2026-08-25T18:01:05.842Z,right,gripper,NULL,NULL,NULL,0,0,0,1,0.3495338,HEADSET
2026-08-25T18:01:05.861Z,right,endEffector,0.08826482,0.06484523,0.5106264,0.6235683,-0.09681149,-0.6545874,0.4162998,NULL,HEADSET
2026-08-25T18:01:05.861Z,right,base,0.2707861,-0.4388356,0.8028466,0.06047269,0.9413758,-0.09946074,0.3166424,NULL,HEADSET
2026-08-25T18:01:05.861Z,right,shoulder_pan_joint,0,8.9159,0,0,-0.2465613,0,0.9691272,NULL,HEADSET
2026-08-25T18:01:05.861Z,right,shoulder_lift_joint,NULL,NULL,NULL,0,0,-0.5238078,0.8518365,NULL,HEADSET
2026-08-25T18:01:05.861Z,right,elbow_joint,-42.5,0,0,0,0,-0.8380209,0.5456381,NULL,HEADSET
2026-08-25T18:01:05.861Z,right,wrist_1_joint,-39.225,0,-10.915,0,0,-0.5081757,0.8612534,NULL,HEADSET
2026-08-25T18:01:05.861Z,right,wrist_2_joint,0,-9.465002,0,0,0.3490547,0,0.9371024,NULL,HEADSET
2026-08-25T18:01:05.861Z,right,wrist_3_joint,0,0,-8.23,0,0,0.9905584,-0.137091,NULL,HEADSET
2026-08-25T18:01:05.861Z,right,gripper,NULL,NULL,NULL,0,0,0,1,0.3626037,HEADSET
2026-08-25T18:01:05.883Z,right,endEffector,0.0901228,0.0654877,0.5098202,0.6212865,-0.09906918,-0.6568791,0.41557,NULL,HEADSET
2026-08-25T18:01:05.883Z,right,base,0.2703284,-0.4399148,0.802147,0.06009584,0.941501,-0.09862674,0.3166026,NULL,HEADSET
2026-08-25T18:01:05.883Z,right,shoulder_pan_joint,0,8.9159,0,0,-0.2545997,0,0.9670466,NULL,HEADSET
2026-08-25T18:01:05.883Z,right,shoulder_lift_joint,NULL,NULL,NULL,0,0,-0.521615,0.853181,NULL,HEADSET
2026-08-25T18:01:05.883Z,right,elbow_joint,-42.5,0,0,0,0,-0.8363739,0.5481594,NULL,HEADSET
2026-08-25T18:01:05.883Z,right,wrist_1_joint,-39.225,0,-10.915,0,0,-0.5171881,0.8558718,NULL,HEADSET
2026-08-25T18:01:05.883Z,right,wrist_2_joint,0,-9.465002,0,0,0.3423482,0,0.9395732,NULL,HEADSET
2026-08-25T18:01:05.883Z,right,wrist_3_joint,0,0,-8.23,0,0,0.9896218,-0.1436967,NULL,HEADSET
2026-08-25T18:01:05.883Z,right,gripper,NULL,NULL,NULL,0,0,0,1,0.3670248,HEADSET
2026-08-25T18:01:05.901Z,right,endEffector,0.0934343,0.06668848,0.5088376,0.6187434,-0.1008032,-0.6591904,0.415287,NULL,HEADSET
2026-08-25T18:01:05.901Z,right,base,0.2703337,-0.4413854,0.8008,0.05894604,0.941855,-0.09714681,0.3162232,NULL,HEADSET
2026-08-25T18:01:05.901Z,right,shoulder_pan_joint,0,8.9159,0,0,-0.2616661,0,0.9651585,NULL,HEADSET
2026-08-25T18:01:05.901Z,right,shoulder_lift_joint,NULL,NULL,NULL,0,0,-0.5195403,0.854446,NULL,HEADSET
2026-08-25T18:01:05.901Z,right,elbow_joint,-42.5,0,0,0,0,-0.8348579,0.5504655,NULL,HEADSET
2026-08-25T18:01:05.901Z,right,wrist_1_joint,-39.225,0,-10.915,0,0,-0.5261541,0.8503893,NULL,HEADSET
2026-08-25T18:01:05.901Z,right,wrist_2_joint,0,-9.465002,0,0,0.3356725,0,0.9419788,NULL,HEADSET
2026-08-25T18:01:05.901Z,right,wrist_3_joint,0,0,-8.23,0,0,0.9886478,-0.1502519,NULL,HEADSET
2026-08-25T18:01:05.901Z,right,gripper,NULL,NULL,NULL,0,0,0,1,0.3715677,HEADSET
2026-08-25T18:01:05.923Z,right,endEffector,0.09632495,0.06725929,0.5092725,0.6170806,-0.1023318,-0.6608632,0.4147283,NULL,HEADSET
2026-08-25T18:01:05.923Z,right,base,0.2707241,-0.4425134,0.7998303,0.05843125,0.9421356,-0.09633613,0.3157302,NULL,HEADSET
2026-08-25T18:01:05.923Z,right,shoulder_pan_joint,0,8.9159,0,0,-0.2692196,0,0.9630789,NULL,HEADSET
2026-08-25T18:01:05.923Z,right,shoulder_lift_joint,NULL,NULL,NULL,0,0,-0.5168493,0.8560765,NULL,HEADSET
2026-08-25T18:01:05.923Z,right,elbow_joint,-42.5,0,0,0,0,-0.8333585,0.5527329,NULL,HEADSET
2026-08-25T18:01:05.923Z,right,wrist_1_joint,-39.225,0,-10.915,0,0,-0.5355193,0.844523,NULL,HEADSET
2026-08-25T18:01:05.923Z,right,wrist_2_joint,0,-9.465002,0,0,0.3288113,0,0.9443957,NULL,HEADSET
2026-08-25T18:01:05.923Z,right,wrist_3_joint,0,0,-8.23,0,0,0.98762,-0.1568657,NULL,HEADSET
2026-08-25T18:01:05.923Z,right,gripper,NULL,NULL,NULL,0,0,0,1,0.3750931,HEADSET
2026-08-25T18:01:05.943Z,right,endEffector,0.1002457,0.066835,0.5085402,0.6146926,-0.1040723,-0.6643748,0.4122233,NULL,HEADSET
2026-08-25T18:01:05.943Z,right,base,0.2706925,-0.4459282,0.7974628,0.05821601,0.9426821,-0.09444813,0.3147075,NULL,HEADSET
2026-08-25T18:01:05.943Z,right,shoulder_pan_joint,0,8.9159,0,0,-0.2760089,0,0.9611551,NULL,HEADSET
2026-08-25T18:01:05.943Z,right,shoulder_lift_joint,NULL,NULL,NULL,0,0,-0.5138799,0.8578622,NULL,HEADSET
2026-08-25T18:01:05.943Z,right,elbow_joint,-42.5,0,0,0,0,-0.8321284,0.5545831,NULL,HEADSET
2026-08-25T18:01:05.943Z,right,wrist_1_joint,-39.225,0,-10.915,0,0,-0.5448685,0.8385215,NULL,HEADSET
2026-08-25T18:01:05.943Z,right,wrist_2_joint,0,-9.465002,0,0,0.3223021,0,0.9466369,NULL,HEADSET
2026-08-25T18:01:05.943Z,right,wrist_3_joint,0,0,-8.23,0,0,0.986557,-0.1634176,NULL,HEADSET
2026-08-25T18:01:05.943Z,right,gripper,NULL,NULL,NULL,0,0,0,1,0.3889118,HEADSET
2026-08-25T18:01:05.966Z,right,endEffector,0.1031241,0.06687286,0.5076105,0.6138356,-0.1058078,-0.6659593,0.4104982,NULL,HEADSET
2026-08-25T18:01:05.966Z,right,base,0.2706268,-0.4479462,0.7960293,0.05814216,0.9429676,-0.0932404,0.3142259,NULL,HEADSET
2026-08-25T18:01:05.966Z,right,shoulder_pan_joint,0,8.9159,0,0,-0.2835655,0,0.9589529,NULL,HEADSET
2026-08-25T18:01:05.966Z,right,shoulder_lift_joint,NULL,NULL,NULL,0,0,-0.5104798,0.8598897,NULL,HEADSET
2026-08-25T18:01:05.966Z,right,elbow_joint,-42.5,0,0,0,0,-0.8309436,0.5563566,NULL,HEADSET
2026-08-25T18:01:05.966Z,right,wrist_1_joint,-39.225,0,-10.915,0,0,-0.5544083,0.8322449,NULL,HEADSET
2026-08-25T18:01:05.966Z,right,wrist_2_joint,0,-9.465002,0,0,0.3154922,0,0.9489282,NULL,HEADSET
2026-08-25T18:01:05.966Z,right,wrist_3_joint,0,0,-8.23,0,0,0.9853963,-0.1702769,NULL,HEADSET
2026-08-25T18:01:05.966Z,right,gripper,NULL,NULL,NULL,0,0,0,1,0.388912,HEADSET
2026-08-25T18:01:05.984Z,right,endEffector,0.1068396,0.06795484,0.5083091,0.6120607,-0.1062576,-0.668331,0.4091757,NULL,HEADSET
2026-08-25T18:01:05.984Z,right,base,0.2706903,-0.4496846,0.7942672,0.05691552,0.9434011,-0.09143991,0.3136776,NULL,HEADSET
2026-08-25T18:01:05.984Z,right,shoulder_pan_joint,0,8.9159,0,0,-0.2907871,0,0.9567878,NULL,HEADSET
2026-08-25T18:01:05.984Z,right,shoulder_lift_joint,NULL,NULL,NULL,0,0,-0.5074642,0.8616729,NULL,HEADSET
2026-08-25T18:01:05.984Z,right,elbow_joint,-42.5,0,0,0,0,-0.8297253,0.558172,NULL,HEADSET
2026-08-25T18:01:05.984Z,right,wrist_1_joint,-39.225,0,-10.915,0,0,-0.5637528,0.8259436,NULL,HEADSET
2026-08-25T18:01:05.984Z,right,wrist_2_joint,0,-9.465002,0,0,0.3089658,0,0.9510732,NULL,HEADSET
2026-08-25T18:01:05.984Z,right,wrist_3_joint,0,0,-8.23,0,0,0.9841729,-0.1772109,NULL,HEADSET
2026-08-25T18:01:05.984Z,right,gripper,NULL,NULL,NULL,0,0,0,1,0.3970051,HEADSET
2026-08-25T18:01:06.005Z,right,endEffector,0.110049,0.06933473,0.5105672,0.6122144,-0.1059254,-0.6691235,0.4077343,NULL,HEADSET
2026-08-25T18:01:06.005Z,right,base,0.2707593,-0.4501341,0.7937064,0.05595266,0.943556,-0.09062295,0.3136223,NULL,HEADSET
2026-08-25T18:01:06.005Z,right,shoulder_pan_joint,0,8.9159,0,0,-0.2986176,0,0.9543729,NULL,HEADSET
2026-08-25T18:01:06.005Z,right,shoulder_lift_joint,NULL,NULL,NULL,0,0,-0.503499,0.8639958,NULL,HEADSET
2026-08-25T18:01:06.005Z,right,elbow_joint,-42.5,0,0,0,0,-0.8286237,0.5598061,NULL,HEADSET
2026-08-25T18:01:06.005Z,right,wrist_1_joint,-39.225,0,-10.915,0,0,-0.5734932,0.8192103,NULL,HEADSET
2026-08-25T18:01:06.005Z,right,wrist_2_joint,0,-9.465002,0,0,0.3024251,0,0.9531732,NULL,HEADSET
2026-08-25T18:01:06.005Z,right,wrist_3_joint,0,0,-8.23,0,0,0.9828546,-0.1843825,NULL,HEADSET
2026-08-25T18:01:06.005Z,right,gripper,NULL,NULL,NULL,0,0,0,1,0.3992097,HEADSET
2026-08-25T18:01:06.024Z,right,endEffector,0.1136407,0.06973393,0.5149231,0.6114281,-0.1027905,-0.6742719,0.4011823,NULL,HEADSET
2026-08-25T18:01:06.024Z,right,base,0.2700693,-0.4531146,0.7918362,0.05484243,0.943834,-0.08825982,0.3136559,NULL,HEADSET
2026-08-25T18:01:06.024Z,right,shoulder_pan_joint,0,8.9159,0,0,-0.3058518,0,0.9520791,NULL,HEADSET
2026-08-25T18:01:06.024Z,right,shoulder_lift_joint,NULL,NULL,NULL,0,0,-0.4989231,0.8666463,NULL,HEADSET
2026-08-25T18:01:06.024Z,right,elbow_joint,-42.5,0,0,0,0,-0.8277945,0.5610315,NULL,HEADSET
2026-08-25T18:01:06.024Z,right,wrist_1_joint,-39.225,0,-10.915,0,0,-0.5832078,0.812323,NULL,HEADSET
2026-08-25T18:01:06.024Z,right,wrist_2_joint,0,-9.465002,0,0,0.2965383,0,0.955021,NULL,HEADSET
2026-08-25T18:01:06.024Z,right,wrist_3_joint,0,0,-8.23,0,0,0.9814508,-0.1917142,NULL,HEADSET
2026-08-25T18:01:06.024Z,right,gripper,NULL,NULL,NULL,0,0,0,1,0.3995782,HEADSET
2026-08-25T18:01:06.048Z,right,endEffector,0.1162176,0.06971406,0.5179135,0.6112959,-0.1021415,-0.6762414,0.3982234,NULL,HEADSET
2026-08-25T18:01:06.048Z,right,base,0.2691342,-0.4551571,0.7908044,0.05458499,0.943893,-0.08684831,0.313917,NULL,HEADSET
2026-08-25T18:01:06.048Z,right,shoulder_pan_joint,0,8.9159,0,0,-0.3134806,0,0.9495946,NULL,HEADSET
2026-08-25T18:01:06.048Z,right,shoulder_lift_joint,NULL,NULL,NULL,0,0,-0.4927468,0.8701727,NULL,HEADSET
2026-08-25T18:01:06.048Z,right,elbow_joint,-42.5,0,0,0,0,-0.8273763,0.5616481,NULL,HEADSET
2026-08-25T18:01:06.048Z,right,wrist_1_joint,-39.225,0,-10.915,0,0,-0.5930429,0.8051709,NULL,HEADSET
2026-08-25T18:01:06.048Z,right,wrist_2_joint,0,-9.465002,0,0,0.2904564,0,0.9568882,NULL,HEADSET
2026-08-25T18:01:06.048Z,right,wrist_3_joint,0,0,-8.23,0,0,0.9797682,-0.2001356,NULL,HEADSET
2026-08-25T18:01:06.048Z,right,gripper,NULL,NULL,NULL,0,0,0,1,0.3993048,HEADSET
2026-08-25T18:01:06.066Z,right,endEffector,0.1180742,0.06918769,0.5214199,0.6128843,-0.09932886,-0.6786606,0.3923347,NULL,HEADSET
2026-08-25T18:01:06.066Z,right,base,0.2664357,-0.4590726,0.7888215,0.05420551,0.9438758,-0.08412761,0.3147742,NULL,HEADSET
2026-08-25T18:01:06.066Z,right,shoulder_pan_joint,0,8.9159,0,0,-0.3205815,0,0.947221,NULL,HEADSET
2026-08-25T18:01:06.066Z,right,shoulder_lift_joint,NULL,NULL,NULL,0,0,-0.4866549,0.8735943,NULL,HEADSET
2026-08-25T18:01:06.066Z,right,elbow_joint,-42.5,0,0,0,0,-0.8270611,0.562112,NULL,HEADSET
2026-08-25T18:01:06.066Z,right,wrist_1_joint,-39.225,0,-10.915,0,0,-0.6028647,0.7978435,NULL,HEADSET
2026-08-25T18:01:06.066Z,right,wrist_2_joint,0,-9.465002,0,0,0.2847853,0,0.9585913,NULL,HEADSET
2026-08-25T18:01:06.066Z,right,wrist_3_joint,0,0,-8.23,0,0,0.9779775,-0.2087107,NULL,HEADSET
2026-08-25T18:01:06.066Z,right,gripper,NULL,NULL,NULL,0,0,0,1,0.3994444,HEADSET
2026-08-25T18:01:06.089Z,right,endEffector,0.1185351,0.06839482,0.5229229,0.6138404,-0.09837937,-0.678986,0.3905121,NULL,HEADSET
2026-08-25T18:01:06.089Z,right,base,0.2648278,-0.4613331,0.787748,0.0540418,0.9438293,-0.08248895,0.3153749,NULL,HEADSET
2026-08-25T18:01:06.089Z,right,shoulder_pan_joint,0,8.9159,0,0,-0.3280762,0,0.9446512,NULL,HEADSET
2026-08-25T18:01:06.089Z,right,shoulder_lift_joint,NULL,NULL,NULL,0,0,-0.4800544,0.8772388,NULL,HEADSET
2026-08-25T18:01:06.089Z,right,elbow_joint,-42.5,0,0,0,0,-0.8267578,0.562558,NULL,HEADSET
2026-08-25T18:01:06.089Z,right,wrist_1_joint,-39.225,0,-10.915,0,0,-0.612685,0.7903273,NULL,HEADSET
2026-08-25T18:01:06.089Z,right,wrist_2_joint,0,-9.465002,0,0,0.2793447,0,0.9601909,NULL,HEADSET
2026-08-25T18:01:06.089Z,right,wrist_3_joint,0,0,-8.23,0,0,0.9759751,-0.2178823,NULL,HEADSET
2026-08-25T18:01:06.089Z,right,gripper,NULL,NULL,NULL,0,0,0,1,0.4011557,HEADSET
2026-08-25T18:01:06.109Z,right,endEffector,0.1191192,0.0661274,0.5241895,0.6137097,-0.1001223,-0.6816441,0.3856127,NULL,HEADSET
2026-08-25T18:01:06.109Z,right,base,0.2596671,-0.4659783,0.7865287,0.05562017,0.9435018,-0.08032247,0.3166372,NULL,HEADSET
2026-08-25T18:01:06.109Z,right,shoulder_pan_joint,0,8.9159,0,0,-0.3344855,0,0.9424009,NULL,HEADSET
2026-08-25T18:01:06.109Z,right,shoulder_lift_joint,NULL,NULL,NULL,0,0,-0.4747479,0.8801218,NULL,HEADSET
2026-08-25T18:01:06.109Z,right,elbow_joint,-42.5,0,0,0,0,-0.8262608,0.5632877,NULL,HEADSET
2026-08-25T18:01:06.109Z,right,wrist_1_joint,-39.225,0,-10.915,0,0,-0.6222178,0.7828441,NULL,HEADSET
2026-08-25T18:01:06.109Z,right,wrist_2_joint,0,-9.465002,0,0,0.2745819,0,0.9615638,NULL,HEADSET
2026-08-25T18:01:06.109Z,right,wrist_3_joint,0,0,-8.23,0,0,0.9739172,-0.2269036,NULL,HEADSET
2026-08-25T18:01:06.109Z,right,gripper,NULL,NULL,NULL,0,0,0,1,0.4049963,HEADSET
2026-08-25T18:01:06.136Z,right,endEffector,0.1217518,0.06405286,0.5254832,0.6124893,-0.1013876,-0.6843974,0.382332,NULL,HEADSET
2026-08-25T18:01:06.136Z,right,base,0.2576364,-0.4692714,0.785543,0.05684934,0.9434984,-0.07946225,0.3166461,NULL,HEADSET
2026-08-25T18:01:06.136Z,right,shoulder_pan_joint,0,8.9159,0,0,-0.3415754,0,0.9398544,NULL,HEADSET
2026-08-25T18:01:06.136Z,right,shoulder_lift_joint,NULL,NULL,NULL,0,0,-0.469951,0.8826925,NULL,HEADSET
2026-08-25T18:01:06.136Z,right,elbow_joint,-42.5,0,0,0,0,-0.8256778,0.564142,NULL,HEADSET
2026-08-25T18:01:06.136Z,right,wrist_1_joint,-39.225,0,-10.915,0,0,-0.6318187,0.7751162,NULL,HEADSET
2026-08-25T18:01:06.136Z,right,wrist_2_joint,0,-9.465002,0,0,0.2695923,0,0.9629745,NULL,HEADSET
2026-08-25T18:01:06.136Z,right,wrist_3_joint,0,0,-8.23,0,0,0.9717022,-0.2362093,NULL,HEADSET
2026-08-25T18:01:06.136Z,right,gripper,NULL,NULL,NULL,0,0,0,1,0.4062786,HEADSET
2026-08-25T18:01:06.162Z,right,endEffector,0.1235844,0.06063532,0.5272869,0.6122851,-0.09969395,-0.6863197,0.379649,NULL,HEADSET
2026-08-25T18:01:06.162Z,right,base,0.2566197,-0.4749578,0.782489,0.05577134,0.9436918,-0.07523373,0.3172936,NULL,HEADSET
2026-08-25T18:01:06.162Z,right,shoulder_pan_joint,0,8.9159,0,0,-0.3487003,0,0.9372343,NULL,HEADSET
2026-08-25T18:01:06.162Z,right,shoulder_lift_joint,NULL,NULL,NULL,0,0,-0.4653985,0.8851013,NULL,HEADSET
2026-08-25T18:01:06.162Z,right,elbow_joint,-42.5,0,0,0,0,-0.8251733,0.5648797,NULL,HEADSET
2026-08-25T18:01:06.162Z,right,wrist_1_joint,-39.225,0,-10.915,0,0,-0.6414813,0.7671387,NULL,HEADSET
2026-08-25T18:01:06.162Z,right,wrist_2_joint,0,-9.465002,0,0,0.2647782,0,0.9643093,NULL,HEADSET
2026-08-25T18:01:06.162Z,right,wrist_3_joint,0,0,-8.23,0,0,0.9693444,-0.2457062,NULL,HEADSET
2026-08-25T18:01:06.162Z,right,gripper,NULL,NULL,NULL,0,0,0,1,0.4086703,HEADSET
2026-08-25T18:01:06.176Z,right,endEffector,0.1246915,0.05756944,0.5270585,0.6122083,-0.1000307,-0.6872445,0.3780077,NULL,HEADSET
2026-08-25T18:01:06.176Z,right,base,0.2525862,-0.4803717,0.7801703,0.05670825,0.9435311,-0.07212728,0.3183253,NULL,HEADSET
2026-08-25T18:01:06.176Z,right,shoulder_pan_joint,0,8.9159,0,0,-0.3568207,0,0.9341729,NULL,HEADSET
2026-08-25T18:01:06.176Z,right,shoulder_lift_joint,NULL,NULL,NULL,0,0,-0.4605133,0.8876528,NULL,HEADSET
2026-08-25T18:01:06.176Z,right,elbow_joint,-42.5,0,0,0,0,-0.824619,0.5656886,NULL,HEADSET
2026-08-25T18:01:06.176Z,right,wrist_1_joint,-39.225,0,-10.915,0,0,-0.6515512,0.7586047,NULL,HEADSET
2026-08-25T18:01:06.176Z,right,wrist_2_joint,0,-9.465002,0,0,0.2599128,0,0.9656321,NULL,HEADSET
2026-08-25T18:01:06.176Z,right,wrist_3_joint,0,0,-8.23,0,0,0.966812,-0.2554889,NULL,HEADSET
2026-08-25T18:01:06.176Z,right,gripper,NULL,NULL,NULL,0,0,0,1,0.4102368,HEADSET
2026-08-25T18:01:06.212Z,right,endEffector,0.126781,0.05536488,0.5243274,0.6102839,-0.1017205,-0.6904092,0.3748887,NULL,HEADSET
2026-08-25T18:01:06.212Z,right,base,0.2472532,-0.4839475,0.7798154,0.0581842,0.9431257,-0.07100771,0.3195096,NULL,HEADSET
2026-08-25T18:01:06.212Z,right,shoulder_pan_joint,0,8.9159,0,0,-0.3733952,0,0.9276724,NULL,HEADSET
2026-08-25T18:01:06.212Z,right,shoulder_lift_joint,NULL,NULL,NULL,0,0,-0.4537359,0.8911362,NULL,HEADSET
2026-08-25T18:01:06.212Z,right,elbow_joint,-42.5,0,0,0,0,-0.8224875,0.5687833,NULL,HEADSET
2026-08-25T18:01:06.212Z,right,wrist_1_joint,-39.225,0,-10.915,0,0,-0.6719044,0.7406378,NULL,HEADSET
2026-08-25T18:01:06.212Z,right,wrist_2_joint,0,-9.465002,0,0,0.2511703,0,0.9679429,NULL,HEADSET
2026-08-25T18:01:06.212Z,right,wrist_3_joint,0,0,-8.23,0,0,0.961253,-0.2756678,NULL,HEADSET
2026-08-25T18:01:06.212Z,right,gripper,NULL,NULL,NULL,0,0,0,1,0.4114738,HEADSET
2026-08-25T18:01:06.233Z,right,endEffector,0.1282857,0.05357052,0.523774,0.6086017,-0.1015887,-0.6926339,0.3735533,NULL,HEADSET
2026-08-25T18:01:06.233Z,right,base,0.2439467,-0.4870118,0.779014,0.05824557,0.9429377,-0.06930228,0.3204268,NULL,HEADSET
2026-08-25T18:01:06.233Z,right,shoulder_pan_joint,0,8.9159,0,0,-0.3810642,0,0.9245486,NULL,HEADSET
2026-08-25T18:01:06.233Z,right,shoulder_lift_joint,NULL,NULL,NULL,0,0,-0.4518534,0.8920922,NULL,HEADSET
2026-08-25T18:01:06.233Z,right,elbow_joint,-42.5,0,0,0,0,-0.8210576,0.5708453,NULL,HEADSET
2026-08-25T18:01:06.233Z,right,wrist_1_joint,-39.225,0,-10.915,0,0,-0.6818799,0.7314642,NULL,HEADSET
2026-08-25T18:01:06.233Z,right,wrist_2_joint,0,-9.465002,0,0,0.2474609,0,0.9688979,NULL,HEADSET
2026-08-25T18:01:06.233Z,right,wrist_3_joint,0,0,-8.23,0,0,0.9581959,-0.2861131,NULL,HEADSET
2026-08-25T18:01:06.233Z,right,gripper,NULL,NULL,NULL,0,0,0,1,0.4120459,HEADSET
2026-08-25T18:01:06.256Z,right,endEffector,0.1308205,0.05323973,0.5243706,0.6069396,-0.101367,-0.6948023,0.3722887,NULL,HEADSET
2026-08-25T18:01:06.256Z,right,base,0.2425615,-0.4884052,0.7785631,0.05823721,0.9428782,-0.06849375,0.3207767,NULL,HEADSET
2026-08-25T18:01:06.256Z,right,shoulder_pan_joint,0,8.9159,0,0,-0.3897216,0,0.9209328,NULL,HEADSET
2026-08-25T18:01:06.256Z,right,shoulder_lift_joint,NULL,NULL,NULL,0,0,-0.4497598,0.8931496,NULL,HEADSET
2026-08-25T18:01:06.256Z,right,elbow_joint,-42.5,0,0,0,0,-0.8194964,0.5730844,NULL,HEADSET
2026-08-25T18:01:06.256Z,right,wrist_1_joint,-39.225,0,-10.915,0,0,-0.6922631,0.7216452,NULL,HEADSET
2026-08-25T18:01:06.256Z,right,wrist_2_joint,0,-9.465002,0,0,0.2439976,0,0.9697759,NULL,HEADSET
2026-08-25T18:01:06.256Z,right,wrist_3_joint,0,0,-8.23,0,0,0.9548503,-0.2970876,NULL,HEADSET
2026-08-25T18:01:06.256Z,right,gripper,NULL,NULL,NULL,0,0,0,1,0.4122255,HEADSET
2026-08-25T18:01:06.274Z,right,endEffector,0.1338393,0.05188875,0.5261177,0.6054382,-0.09959225,-0.6972969,0.3705442,NULL,HEADSET
2026-08-25T18:01:06.274Z,right,base,0.2408016,-0.4920573,0.776938,0.05809053,0.942965,-0.06615952,0.3210381,NULL,HEADSET
2026-08-25T18:01:06.274Z,right,shoulder_pan_joint,0,8.9159,0,0,-0.3982362,0,0.9172829,NULL,HEADSET
2026-08-25T18:01:06.274Z,right,shoulder_lift_joint,NULL,NULL,NULL,0,0,-0.4473348,0.8943666,NULL,HEADSET
2026-08-25T18:01:06.274Z,right,elbow_joint,-42.5,0,0,0,0,-0.8178957,0.5753666,NULL,HEADSET
2026-08-25T18:01:06.274Z,right,wrist_1_joint,-39.225,0,-10.915,0,0,-0.7029023,0.7112864,NULL,HEADSET
2026-08-25T18:01:06.274Z,right,wrist_2_joint,0,-9.465002,0,0,0.2409809,0,0.9705299,NULL,HEADSET
2026-08-25T18:01:06.274Z,right,wrist_3_joint,0,0,-8.23,0,0,0.9512668,-0.3083691,NULL,HEADSET
2026-08-25T18:01:06.274Z,right,gripper,NULL,NULL,NULL,0,0,0,1,0.4122262,HEADSET
2026-08-25T18:01:06.298Z,right,endEffector,0.1364302,0.05233881,0.5253081,0.6043494,-0.09830473,-0.6984113,0.3705665,NULL,HEADSET
2026-08-25T18:01:06.298Z,right,base,0.241094,-0.4931971,0.7759448,0.05730632,0.9431493,-0.06487783,0.3208992,NULL,HEADSET
2026-08-25T18:01:06.298Z,right,shoulder_pan_joint,0,8.9159,0,0,-0.4077619,0,0.9130883,NULL,HEADSET
2026-08-25T18:01:06.298Z,right,shoulder_lift_joint,NULL,NULL,NULL,0,0,-0.4439998,0.8960269,NULL,HEADSET
2026-08-25T18:01:06.298Z,right,elbow_joint,-42.5,0,0,0,0,-0.8161774,0.5778014,NULL,HEADSET
2026-08-25T18:01:06.298Z,right,wrist_1_joint,-39.225,0,-10.915,0,0,-0.7141573,0.6999853,NULL,HEADSET
2026-08-25T18:01:06.298Z,right,wrist_2_joint,0,-9.465002,0,0,0.2384008,0,0.9711668,NULL,HEADSET
2026-08-25T18:01:06.298Z,right,wrist_3_joint,0,0,-8.23,0,0,0.947373,-0.3201321,NULL,HEADSET
2026-08-25T18:01:06.298Z,right,gripper,NULL,NULL,NULL,0,0,0,1,0.4122322,HEADSET
2026-08-25T18:01:06.318Z,right,endEffector,0.1382232,0.05318375,0.5235446,0.6019077,-0.09763598,-0.7005253,0.3707272,NULL,HEADSET
2026-08-25T18:01:06.318Z,right,base,0.239617,-0.494514,0.7751293,0.05671711,0.9432219,-0.06355694,0.3210545,NULL,HEADSET
2026-08-25T18:01:06.318Z,right,shoulder_pan_joint,0,8.9159,0,0,-0.4165984,0,0.9090906,NULL,HEADSET
2026-08-25T18:01:06.318Z,right,shoulder_lift_joint,NULL,NULL,NULL,0,0,-0.4416237,0.8972003,NULL,HEADSET
2026-08-25T18:01:06.318Z,right,elbow_joint,-42.5,0,0,0,0,-0.8139904,0.5808784,NULL,HEADSET
2026-08-25T18:01:06.318Z,right,wrist_1_joint,-39.225,0,-10.915,0,0,-0.7253753,0.6883536,NULL,HEADSET
2026-08-25T18:01:06.318Z,right,wrist_2_joint,0,-9.465002,0,0,0.2364227,0,0.9716503,NULL,HEADSET
2026-08-25T18:01:06.318Z,right,wrist_3_joint,0,0,-8.23,0,0,0.9432669,-0.3320356,NULL,HEADSET
2026-08-25T18:01:06.318Z,right,gripper,NULL,NULL,NULL,0,0,0,1,0.4116804,HEADSET
2026-08-25T18:01:06.340Z,right,endEffector,0.14012,0.05408498,0.5231192,0.5998387,-0.09772946,-0.7021053,0.3710671,NULL,HEADSET
2026-08-25T18:01:06.340Z,right,base,0.2387528,-0.4948081,0.7752088,0.05647533,0.9432186,-0.06333783,0.3211504,NULL,HEADSET
2026-08-25T18:01:06.340Z,right,shoulder_pan_joint,0,8.9159,0,0,-0.4254578,0,0.9049783,NULL,HEADSET
2026-08-25T18:01:06.340Z,right,shoulder_lift_joint,NULL,NULL,NULL,0,0,-0.4402504,0.8978751,NULL,HEADSET
2026-08-25T18:01:06.340Z,right,elbow_joint,-42.5,0,0,0,0,-0.8111816,0.5847943,NULL,HEADSET
2026-08-25T18:01:06.340Z,right,wrist_1_joint,-39.225,0,-10.915,0,0,-0.7367473,0.6761681,NULL,HEADSET
2026-08-25T18:01:06.340Z,right,wrist_2_joint,0,-9.465002,0,0,0.2348368,0,0.9720348,NULL,HEADSET
2026-08-25T18:01:06.340Z,right,wrist_3_joint,0,0,-8.23,0,0,0.9388867,-0.3442263,NULL,HEADSET
2026-08-25T18:01:06.340Z,right,gripper,NULL,NULL,NULL,0,0,0,1,0.4116806,HEADSET
2026-08-25T18:01:06.359Z,right,endEffector,0.1429892,0.05593898,0.524201,0.5952868,-0.0987072,-0.703908,0.3747051,NULL,HEADSET
2026-08-25T18:01:06.359Z,right,base,0.2382758,-0.495299,0.7750224,0.05523585,0.9433416,-0.06250864,0.3211671,NULL,HEADSET
2026-08-25T18:01:06.359Z,right,shoulder_pan_joint,0,8.9159,0,0,-0.4333371,0,0.9012319,NULL,HEADSET
2026-08-25T18:01:06.359Z,right,shoulder_lift_joint,NULL,NULL,NULL,0,0,-0.4393764,0.898303,NULL,HEADSET
2026-08-25T18:01:06.359Z,right,elbow_joint,-42.5,0,0,0,0,-0.8081887,0.5889236,NULL,HEADSET
2026-08-25T18:01:06.359Z,right,wrist_1_joint,-39.225,0,-10.915,0,0,-0.7481324,0.6635495,NULL,HEADSET
2026-08-25T18:01:06.359Z,right,wrist_2_joint,0,-9.465002,0,0,0.2338653,0,0.972269,NULL,HEADSET
2026-08-25T18:01:06.359Z,right,wrist_3_joint,0,0,-8.23,0,0,0.9342933,-0.3565055,NULL,HEADSET
2026-08-25T18:01:06.359Z,right,gripper,NULL,NULL,NULL,0,0,0,1,0.4115158,HEADSET
2026-08-25T18:01:06.381Z,right,endEffector,0.1453794,0.0568892,0.5241868,0.5926005,-0.09925111,-0.7055131,0.3757993,NULL,HEADSET
2026-08-25T18:01:06.381Z,right,base,0.2377509,-0.4962502,0.7745261,0.05498312,0.9434089,-0.06182303,0.3211456,NULL,HEADSET
2026-08-25T18:01:06.381Z,right,shoulder_pan_joint,0,8.9159,0,0,-0.4419393,0,0.897045,NULL,HEADSET
2026-08-25T18:01:06.381Z,right,shoulder_lift_joint,NULL,NULL,NULL,0,0,-0.4379128,0.8990175,NULL,HEADSET
2026-08-25T18:01:06.381Z,right,elbow_joint,-42.5,0,0,0,0,-0.8047957,0.5935519,NULL,HEADSET
2026-08-25T18:01:06.381Z,right,wrist_1_joint,-39.225,0,-10.915,0,0,-0.7604122,0.6494408,NULL,HEADSET
2026-08-25T18:01:06.381Z,right,wrist_2_joint,0,-9.465002,0,0,0.2335278,0,0.9723502,NULL,HEADSET
2026-08-25T18:01:06.381Z,right,wrist_3_joint,0,0,-8.23,0,0,0.9295755,-0.3686318,NULL,HEADSET
2026-08-25T18:01:06.381Z,right,gripper,NULL,NULL,NULL,0,0,0,1,0.4114041,HEADSET
2026-08-25T18:01:06.400Z,right,endEffector,0.1483638,0.05695284,0.5248951,0.5904239,-0.09914163,-0.707611,0.3753094,NULL,HEADSET
2026-08-25T18:01:06.400Z,right,base,0.23608,-0.4990815,0.7731183,0.0550289,0.9434789,-0.06017307,0.3212451,NULL,HEADSET
2026-08-25T18:01:06.400Z,right,shoulder_pan_joint,0,8.9159,0,0,-0.4499054,0,0.8930762,NULL,HEADSET
2026-08-25T18:01:06.400Z,right,shoulder_lift_joint,NULL,NULL,NULL,0,0,-0.4369724,0.8994749,NULL,HEADSET
2026-08-25T18:01:06.400Z,right,elbow_joint,-42.5,0,0,0,0,-0.8011171,0.5985077,NULL,HEADSET
2026-08-25T18:01:06.400Z,right,wrist_1_joint,-39.225,0,-10.915,0,0,-0.7727707,0.6346853,NULL,HEADSET
2026-08-25T18:01:06.400Z,right,wrist_2_joint,0,-9.465002,0,0,0.233796,0,0.9722857,NULL,HEADSET
2026-08-25T18:01:06.400Z,right,wrist_3_joint,0,0,-8.23,0,0,0.9246138,-0.380906,NULL,HEADSET
2026-08-25T18:01:06.400Z,right,gripper,NULL,NULL,NULL,0,0,0,1,0.4110668,HEADSET
2026-08-25T18:01:06.426Z,right,endEffector,0.1513133,0.05833702,0.5245569,0.5888233,-0.09938096,-0.708544,0.376,NULL,HEADSET
2026-08-25T18:01:06.426Z,right,base,0.2356063,-0.4995357,0.7726769,0.05481309,0.9435419,-0.05955831,0.3212118,NULL,HEADSET
2026-08-25T18:01:06.426Z,right,shoulder_pan_joint,0,8.9159,0,0,-0.4587823,0,0.8885487,NULL,HEADSET
2026-08-25T18:01:06.426Z,right,shoulder_lift_joint,NULL,NULL,NULL,0,0,-0.4357816,0.9000524,NULL,HEADSET
2026-08-25T18:01:06.426Z,right,elbow_joint,-42.5,0,0,0,0,-0.797128,0.6038104,NULL,HEADSET
2026-08-25T18:01:06.426Z,right,wrist_1_joint,-39.225,0,-10.915,0,0,-0.785481,0.6188858,NULL,HEADSET
2026-08-25T18:01:06.426Z,right,wrist_2_joint,0,-9.465002,0,0,0.2346959,0,0.9720688,NULL,HEADSET
2026-08-25T18:01:06.426Z,right,wrist_3_joint,0,0,-8.23,0,0,0.9192329,-0.3937143,NULL,HEADSET
2026-08-25T18:01:06.426Z,right,gripper,NULL,NULL,NULL,0,0,0,1,0.4108158,HEADSET
2026-08-25T18:01:06.444Z,right,endEffector,0.154725,0.06208582,0.5220236,0.5858686,-0.1014533,-0.7101687,0.3769955,NULL,HEADSET
2026-08-25T18:01:06.444Z,right,base,0.2336623,-0.4973529,0.7743852,0.05441535,0.9434679,-0.06077011,0.3212698,NULL,HEADSET
2026-08-25T18:01:06.444Z,right,shoulder_pan_joint,0,8.9159,0,0,-0.4672543,0,0.884123,NULL,HEADSET
2026-08-25T18:01:06.444Z,right,shoulder_lift_joint,NULL,NULL,NULL,0,0,-0.4352679,0.900301,NULL,HEADSET
2026-08-25T18:01:06.444Z,right,elbow_joint,-42.5,0,0,0,0,-0.7928331,0.6094388,NULL,HEADSET
2026-08-25T18:01:06.444Z,right,wrist_1_joint,-39.225,0,-10.915,0,0,-0.7981075,0.6025152,NULL,HEADSET
2026-08-25T18:01:06.444Z,right,wrist_2_joint,0,-9.465002,0,0,0.2363443,0,0.9716694,NULL,HEADSET
2026-08-25T18:01:06.444Z,right,wrist_3_joint,0,0,-8.23,0,0,0.9134829,-0.4068772,NULL,HEADSET
2026-08-25T18:01:06.444Z,right,gripper,NULL,NULL,NULL,0,0,0,1,0.4103733,HEADSET
2026-08-25T18:01:06.468Z,right,endEffector,0.1566949,0.06393097,0.5204517,0.5831293,-0.1038398,-0.7111005,0.3788316,NULL,HEADSET
2026-08-25T18:01:06.468Z,right,base,0.2326128,-0.4964574,0.7754454,0.05437326,0.9434143,-0.06147598,0.3212999,NULL,HEADSET
2026-08-25T18:01:06.468Z,right,shoulder_pan_joint,0,8.9159,0,0,-0.4764382,0,0.879208,NULL,HEADSET
2026-08-25T18:01:06.468Z,right,shoulder_lift_joint,NULL,NULL,NULL,0,0,-0.435942,0.8999748,NULL,HEADSET
2026-08-25T18:01:06.468Z,right,elbow_joint,-42.5,0,0,0,0,-0.7878266,0.6158971,NULL,HEADSET
2026-08-25T18:01:06.468Z,right,wrist_1_joint,-39.225,0,-10.915,0,0,-0.8106753,0.5854961,NULL,HEADSET
2026-08-25T18:01:06.468Z,right,wrist_2_joint,0,-9.465002,0,0,0.2386143,0,0.9711145,NULL,HEADSET
2026-08-25T18:01:06.468Z,right,wrist_3_joint,0,0,-8.23,0,0,0.9071854,-0.4207311,NULL,HEADSET
2026-08-25T18:01:06.468Z,right,gripper,NULL,NULL,NULL,0,0,0,1,0.4103616,HEADSET
2026-08-25T18:01:06.484Z,right,endEffector,0.160934,0.06574388,0.5183181,0.5792754,-0.1066367,-0.7130589,0.3802836,NULL,HEADSET
2026-08-25T18:01:06.484Z,right,base,0.2315014,-0.4961551,0.7764682,0.05491596,0.943562,-0.06251951,0.3205721,NULL,HEADSET
2026-08-25T18:01:06.484Z,right,shoulder_pan_joint,0,8.9159,0,0,-0.4840356,0,0.8750483,NULL,HEADSET
2026-08-25T18:01:06.484Z,right,shoulder_lift_joint,NULL,NULL,NULL,0,0,-0.4377861,0.8990791,NULL,HEADSET
2026-08-25T18:01:06.484Z,right,elbow_joint,-42.5,0,0,0,0,-0.7825651,0.6225688,NULL,HEADSET
2026-08-25T18:01:06.484Z,right,wrist_1_joint,-39.225,0,-10.915,0,0,-0.8229656,0.5680912,NULL,HEADSET
2026-08-25T18:01:06.484Z,right,wrist_2_joint,0,-9.465002,0,0,0.2414057,0,0.9704243,NULL,HEADSET
2026-08-25T18:01:06.484Z,right,wrist_3_joint,0,0,-8.23,0,0,0.9006143,-0.4346193,NULL,HEADSET
2026-08-25T18:01:06.484Z,right,gripper,NULL,NULL,NULL,0,0,0,1,0.4103621,HEADSET
2026-08-25T18:01:06.507Z,right,endEffector,0.164625,0.06597607,0.5181077,0.5775928,-0.1067464,-0.7154948,0.3782317,NULL,HEADSET
2026-08-25T18:01:06.507Z,right,base,0.2319807,-0.4971913,0.7758572,0.05563018,0.9439226,-0.06251696,0.3193855,NULL,HEADSET
2026-08-25T18:01:06.507Z,right,shoulder_pan_joint,0,8.9159,0,0,-0.4920135,0,0.8705875,NULL,HEADSET
2026-08-25T18:01:06.507Z,right,shoulder_lift_joint,NULL,NULL,NULL,0,0,-0.4402753,0.8978629,NULL,HEADSET
2026-08-25T18:01:06.507Z,right,elbow_joint,-42.5,0,0,0,0,-0.7768133,0.6297309,NULL,HEADSET
2026-08-25T18:01:06.507Z,right,wrist_1_joint,-39.225,0,-10.915,0,0,-0.8352621,0.549852,NULL,HEADSET
2026-08-25T18:01:06.507Z,right,wrist_2_joint,0,-9.465002,0,0,0.2449148,0,0.9695446,NULL,HEADSET
2026-08-25T18:01:06.507Z,right,wrist_3_joint,0,0,-8.23,0,0,0.8935975,-0.4488692,NULL,HEADSET
2026-08-25T18:01:06.507Z,right,gripper,NULL,NULL,NULL,0,0,0,1,0.409839,HEADSET
2026-08-25T18:01:06.525Z,right,endEffector,0.1708087,0.06701876,0.5188083,0.5725771,-0.1081096,-0.7189512,0.3789158,NULL,HEADSET
2026-08-25T18:01:06.525Z,right,base,0.2347868,-0.4974642,0.774899,0.05589158,0.9448191,-0.06263833,0.3166536,NULL,HEADSET
2026-08-25T18:01:06.525Z,right,shoulder_pan_joint,0,8.9159,0,0,-0.4990579,0,0.8665686,NULL,HEADSET
2026-08-25T18:01:06.525Z,right,shoulder_lift_joint,NULL,NULL,NULL,0,0,-0.4426571,0.896691,NULL,HEADSET
2026-08-25T18:01:06.525Z,right,elbow_joint,-42.5,0,0,0,0,-0.7712307,0.6365557,NULL,HEADSET
2026-08-25T18:01:06.525Z,right,wrist_1_joint,-39.225,0,-10.915,0,0,-0.8471977,0.5312778,NULL,HEADSET
2026-08-25T18:01:06.525Z,right,wrist_2_joint,0,-9.465002,0,0,0.2488966,0,0.9685301,NULL,HEADSET
2026-08-25T18:01:06.525Z,right,wrist_3_joint,0,0,-8.23,0,0,0.886029,-0.4636298,NULL,HEADSET
2026-08-25T18:01:06.525Z,right,gripper,NULL,NULL,NULL,0,0,0,1,0.4102134,HEADSET
2026-08-25T18:01:06.549Z,right,endEffector,0.1737924,0.06773148,0.5193468,0.5702344,-0.1087448,-0.7210006,0.3783721,NULL,HEADSET
2026-08-25T18:01:06.549Z,right,base,0.236096,-0.4969382,0.7748014,0.05611436,0.9452609,-0.06311332,0.3151982,NULL,HEADSET
2026-08-25T18:01:06.549Z,right,shoulder_pan_joint,0,8.9159,0,0,-0.5067132,0,0.8621148,NULL,HEADSET
2026-08-25T18:01:06.549Z,right,shoulder_lift_joint,NULL,NULL,NULL,0,0,-0.444351,0.8958528,NULL,HEADSET
2026-08-25T18:01:06.549Z,right,elbow_joint,-42.5,0,0,0,0,-0.7656334,0.6432772,NULL,HEADSET
2026-08-25T18:01:06.549Z,right,wrist_1_joint,-39.225,0,-10.915,0,0,-0.8593807,0.5113364,NULL,HEADSET
2026-08-25T18:01:06.549Z,right,wrist_2_joint,0,-9.465002,0,0,0.2537013,0,0.9672827,NULL,HEADSET
2026-08-25T18:01:06.549Z,right,wrist_3_joint,0,0,-8.23,0,0,0.8779637,-0.4787273,NULL,HEADSET
2026-08-25T18:01:06.549Z,right,gripper,NULL,NULL,NULL,0,0,0,1,0.4100886,HEADSET
2026-08-25T18:01:06.567Z,right,endEffector,0.1808459,0.06881223,0.5196733,0.5645476,-0.110793,-0.7252238,0.3782349,NULL,HEADSET
2026-08-25T18:01:06.567Z,right,base,0.2397807,-0.4960884,0.7745918,0.05571555,0.9462746,-0.06418598,0.3119946,NULL,HEADSET
2026-08-25T18:01:06.567Z,right,shoulder_pan_joint,0,8.9159,0,0,-0.5128675,0,0.8584678,NULL,HEADSET
2026-08-25T18:01:06.567Z,right,shoulder_lift_joint,NULL,NULL,NULL,0,0,-0.4463252,0.8948709,NULL,HEADSET
2026-08-25T18:01:06.567Z,right,elbow_joint,-42.5,0,0,0,0,-0.7602659,0.6496121,NULL,HEADSET
2026-08-25T18:01:06.567Z,right,wrist_1_joint,-39.225,0,-10.915,0,0,0.871058,-0.4911802,NULL,HEADSET
2026-08-25T18:01:06.567Z,right,wrist_2_joint,0,-9.465002,0,0,0.2588774,0,0.9659102,NULL,HEADSET
2026-08-25T18:01:06.567Z,right,wrist_3_joint,0,0,-8.23,0,0,0.8694448,-0.49403,NULL,HEADSET
2026-08-25T18:01:06.567Z,right,gripper,NULL,NULL,NULL,0,0,0,1,0.4131738,HEADSET
2026-08-25T18:01:06.590Z,right,endEffector,0.1836316,0.06840158,0.5199509,0.5630943,-0.1103134,-0.7265809,0.3779367,NULL,HEADSET
2026-08-25T18:01:06.590Z,right,base,0.2416439,-0.4968084,0.7738287,0.05534896,0.9467509,-0.0636621,0.3107195,NULL,HEADSET
2026-08-25T18:01:06.590Z,right,shoulder_pan_joint,0,8.9159,0,0,-0.5205527,0,0.8538296,NULL,HEADSET
2026-08-25T18:01:06.590Z,right,shoulder_lift_joint,NULL,NULL,NULL,0,0,-0.4478001,0.8941337,NULL,HEADSET
2026-08-25T18:01:06.590Z,right,elbow_joint,-42.5,0,0,0,0,-0.7547908,0.6559656,NULL,HEADSET
2026-08-25T18:01:06.590Z,right,wrist_1_joint,-39.225,0,-10.915,0,0,0.882844,-0.4696663,NULL,HEADSET
2026-08-25T18:01:06.590Z,right,wrist_2_joint,0,-9.465002,0,0,0.2648446,0,0.9642912,NULL,HEADSET
2026-08-25T18:01:06.590Z,right,wrist_3_joint,0,0,-8.23,0,0,-0.8601438,0.5100515,NULL,HEADSET
2026-08-25T18:01:06.590Z,right,gripper,NULL,NULL,NULL,0,0,0,1,0.4132117,HEADSET
2026-08-25T18:01:06.607Z,right,endEffector,0.1910354,0.06851511,0.5208779,0.5601763,-0.1093259,-0.7302567,0.375467,NULL,HEADSET
2026-08-25T18:01:06.607Z,right,base,0.2451695,-0.4979816,0.7722311,0.05546455,0.9477164,-0.06289917,0.3078978,NULL,HEADSET
2026-08-25T18:01:06.607Z,right,shoulder_pan_joint,0,8.9159,0,0,-0.5267813,0,0.8500009,NULL,HEADSET
2026-08-25T18:01:06.607Z,right,shoulder_lift_joint,NULL,NULL,NULL,0,0,-0.4500137,0.8930216,NULL,HEADSET
2026-08-25T18:01:06.607Z,right,elbow_joint,-42.5,0,0,0,0,-0.7493516,0.6621723,NULL,HEADSET
2026-08-25T18:01:06.607Z,right,wrist_1_joint,-39.225,0,-10.915,0,0,0.8939571,-0.4481526,NULL,HEADSET
2026-08-25T18:01:06.607Z,right,wrist_2_joint,0,-9.465002,0,0,0.2711045,0,0.96255,NULL,HEADSET
2026-08-25T18:01:06.607Z,right,wrist_3_joint,0,0,-8.23,0,0,-0.8503717,0.5261824,NULL,HEADSET
2026-08-25T18:01:06.607Z,right,gripper,NULL,NULL,NULL,0,0,0,1,0.4158394,HEADSET
2026-08-25T18:01:06.632Z,right,endEffector,0.1954782,0.06890091,0.5217269,0.5575194,-0.1102138,-0.7319562,0.3758528,NULL,HEADSET
2026-08-25T18:01:06.632Z,right,base,0.2472806,-0.4982269,0.7715399,0.05585393,0.9483163,-0.06304356,0.3059445,NULL,HEADSET
2026-08-25T18:01:06.632Z,right,shoulder_pan_joint,0,8.9159,0,0,-0.5347455,0,0.8450131,NULL,HEADSET
2026-08-25T18:01:06.632Z,right,shoulder_lift_joint,NULL,NULL,NULL,0,0,-0.4518642,0.8920867,NULL,HEADSET
2026-08-25T18:01:06.632Z,right,elbow_joint,-42.5,0,0,0,0,-0.7436556,0.6685629,NULL,HEADSET
2026-08-25T18:01:06.632Z,right,wrist_1_joint,-39.225,0,-10.915,0,0,0.9049082,-0.4256069,NULL,HEADSET
2026-08-25T18:01:06.632Z,right,wrist_2_joint,0,-9.465002,0,0,0.278359,0,0.9604771,NULL,HEADSET
2026-08-25T18:01:06.632Z,right,wrist_3_joint,0,0,-8.23,0,0,-0.8395999,0.5432054,NULL,HEADSET
2026-08-25T18:01:06.632Z,right,gripper,NULL,NULL,NULL,0,0,0,1,0.417158,HEADSET
2026-08-25T18:01:06.651Z,right,endEffector,0.2021625,0.0692216,0.5209674,0.5537633,-0.1100008,-0.735732,0.3740918,NULL,HEADSET
2026-08-25T18:01:06.651Z,right,base,0.2519355,-0.4985584,0.7703763,0.05614347,0.9495804,-0.06354202,0.3018399,NULL,HEADSET
2026-08-25T18:01:06.651Z,right,shoulder_pan_joint,0,8.9159,0,0,-0.5417025,0,0.8405703,NULL,HEADSET
2026-08-25T18:01:06.651Z,right,shoulder_lift_joint,NULL,NULL,NULL,0,0,-0.4541987,0.8909004,NULL,HEADSET
2026-08-25T18:01:06.651Z,right,elbow_joint,-42.5,0,0,0,0,-0.7378394,0.6749763,NULL,HEADSET
2026-08-25T18:01:06.651Z,right,wrist_1_joint,-39.225,0,-10.915,0,0,0.9153839,-0.402582,NULL,HEADSET
2026-08-25T18:01:06.651Z,right,wrist_2_joint,0,-9.465002,0,0,0.2860109,0,0.9582264,NULL,HEADSET
2026-08-25T18:01:06.651Z,right,wrist_3_joint,0,0,-8.23,0,0,-0.8284653,0.5600404,NULL,HEADSET
2026-08-25T18:01:06.651Z,right,gripper,NULL,NULL,NULL,0,0,0,1,0.417095,HEADSET
2026-08-25T18:01:06.673Z,right,endEffector,0.2056772,0.0692828,0.5198017,0.5517714,-0.1096273,-0.7373595,0.3739399,NULL,HEADSET
2026-08-25T18:01:06.673Z,right,base,0.2547353,-0.4987096,0.7695823,0.05580161,0.9502329,-0.0634353,0.299866,NULL,HEADSET
2026-08-25T18:01:06.673Z,right,shoulder_pan_joint,0,8.9159,0,0,-0.5484345,0,0.8361935,NULL,HEADSET
2026-08-25T18:01:06.673Z,right,shoulder_lift_joint,NULL,NULL,NULL,0,0,-0.4571854,0.8893715,NULL,HEADSET
2026-08-25T18:01:06.673Z,right,elbow_joint,-42.5,0,0,0,0,-0.7318068,0.6815121,NULL,HEADSET
2026-08-25T18:01:06.673Z,right,wrist_1_joint,-39.225,0,-10.915,0,0,0.9252183,-0.3794353,NULL,HEADSET
2026-08-25T18:01:06.673Z,right,wrist_2_joint,0,-9.465002,0,0,0.2938429,0,0.9558537,NULL,HEADSET
2026-08-25T18:01:06.673Z,right,wrist_3_joint,0,0,-8.23,0,0,-0.8166742,0.577099,NULL,HEADSET
2026-08-25T18:01:06.673Z,right,gripper,NULL,NULL,NULL,0,0,0,1,0.4170955,HEADSET
2026-08-25T18:01:06.691Z,right,endEffector,0.2133786,0.06930985,0.5187799,0.5479107,-0.1076694,-0.7409046,0.3731776,NULL,HEADSET
2026-08-25T18:01:06.691Z,right,base,0.2615331,-0.4996977,0.7672622,0.05496167,0.9516136,-0.06246226,0.2958197,NULL,HEADSET
2026-08-25T18:01:06.691Z,right,shoulder_pan_joint,0,8.9159,0,0,-0.5537261,0,0.8326989,NULL,HEADSET
2026-08-25T18:01:06.691Z,right,shoulder_lift_joint,NULL,NULL,NULL,0,0,-0.4611936,0.8872995,NULL,HEADSET
2026-08-25T18:01:06.691Z,right,elbow_joint,-42.5,0,0,0,0,-0.7257675,0.6879402,NULL,HEADSET
2026-08-25T18:01:06.691Z,right,wrist_1_joint,-39.225,0,-10.915,0,0,0.9341993,-0.3567517,NULL,HEADSET
2026-08-25T18:01:06.691Z,right,wrist_2_joint,0,-9.465002,0,0,0.3014318,0,0.9534878,NULL,HEADSET
2026-08-25T18:01:06.691Z,right,wrist_3_joint,0,0,-8.23,0,0,-0.8045946,0.5938245,NULL,HEADSET
2026-08-25T18:01:06.691Z,right,gripper,NULL,NULL,NULL,0,0,0,1,0.4162317,HEADSET
2026-08-25T18:01:06.717Z,right,endEffector,0.2177841,0.06916447,0.5170535,0.5440363,-0.1079845,-0.7440574,0.3724819,NULL,HEADSET
2026-08-25T18:01:06.717Z,right,base,0.2645698,-0.5003504,0.7659266,0.05552544,0.9523855,-0.06239645,0.2932327,NULL,HEADSET
2026-08-25T18:01:06.717Z,right,shoulder_pan_joint,0,8.9159,0,0,-0.5597438,0,0.8286657,NULL,HEADSET
2026-08-25T18:01:06.717Z,right,shoulder_lift_joint,NULL,NULL,NULL,0,0,-0.4653731,0.8851146,NULL,HEADSET
2026-08-25T18:01:06.717Z,right,elbow_joint,-42.5,0,0,0,0,-0.7195302,0.6944612,NULL,HEADSET
2026-08-25T18:01:06.717Z,right,wrist_1_joint,-39.225,0,-10.915,0,0,0.9426534,-0.3337734,NULL,HEADSET
2026-08-25T18:01:06.717Z,right,wrist_2_joint,0,-9.465002,0,0,0.3095128,0,0.9508953,NULL,HEADSET
2026-08-25T18:01:06.717Z,right,wrist_3_joint,0,0,-8.23,0,0,-0.7918647,0.6106966,NULL,HEADSET
2026-08-25T18:01:06.717Z,right,gripper,NULL,NULL,NULL,0,0,0,1,0.4167094,HEADSET
2026-08-25T18:01:06.732Z,right,endEffector,0.2246066,0.06838883,0.5129085,0.5372222,-0.1088066,-0.7492749,0.3716727,NULL,HEADSET
2026-08-25T18:01:06.732Z,right,base,0.2688611,-0.5016767,0.7640449,0.05742052,0.9537814,-0.06333008,0.2880854,NULL,HEADSET
2026-08-25T18:01:06.732Z,right,shoulder_pan_joint,0,8.9159,0,0,-0.5643718,0,0.8255207,NULL,HEADSET
2026-08-25T18:01:06.732Z,right,shoulder_lift_joint,NULL,NULL,NULL,0,0,-0.4704066,0.8824498,NULL,HEADSET
2026-08-25T18:01:06.732Z,right,elbow_joint,-42.5,0,0,0,0,-0.7133121,0.7008465,NULL,HEADSET
2026-08-25T18:01:06.732Z,right,wrist_1_joint,-39.225,0,-10.915,0,0,0.9503438,-0.311202,NULL,HEADSET
2026-08-25T18:01:06.732Z,right,wrist_2_joint,0,-9.465002,0,0,0.3171304,0,0.9483819,NULL,HEADSET
2026-08-25T18:01:06.732Z,right,wrist_3_joint,0,0,-8.23,0,0,-0.7789998,0.6270242,NULL,HEADSET
2026-08-25T18:01:06.732Z,right,gripper,NULL,NULL,NULL,0,0,0,1,0.4164713,HEADSET
2026-08-25T18:01:06.757Z,right,endEffector,0.2279813,0.06888534,0.511993,0.5344653,-0.1082061,-0.752118,0.3700769,NULL,HEADSET
2026-08-25T18:01:06.757Z,right,base,0.2711379,-0.5017436,0.763368,0.05775319,0.9543984,-0.06361047,0.2859057,NULL,HEADSET
2026-08-25T18:01:06.757Z,right,shoulder_pan_joint,0,8.9159,0,0,-0.5682283,0,0.822871,NULL,HEADSET
2026-08-25T18:01:06.757Z,right,shoulder_lift_joint,NULL,NULL,NULL,0,0,-0.4765443,0.8791505,NULL,HEADSET
2026-08-25T18:01:06.757Z,right,elbow_joint,-42.5,0,0,0,0,-0.7068869,0.7073266,NULL,HEADSET
2026-08-25T18:01:06.757Z,right,wrist_1_joint,-39.225,0,-10.915,0,0,0.9572696,-0.2891971,NULL,HEADSET
2026-08-25T18:01:06.757Z,right,wrist_2_joint,0,-9.465002,0,0,0.3243899,0,0.9459235,NULL,HEADSET
2026-08-25T18:01:06.757Z,right,wrist_3_joint,0,0,-8.23,0,0,-0.7660695,0.6427577,NULL,HEADSET
2026-08-25T18:01:06.757Z,right,gripper,NULL,NULL,NULL,0,0,0,1,0.4155071,HEADSET
2026-08-25T18:01:06.776Z,right,endEffector,0.2344068,0.06978585,0.5104532,0.5297626,-0.1068534,-0.7559234,0.3694777,NULL,HEADSET
2026-08-25T18:01:06.776Z,right,base,0.2773919,-0.5018128,0.7617995,0.05703804,0.9557258,-0.06372626,0.2815562,NULL,HEADSET
2026-08-25T18:01:06.776Z,right,shoulder_pan_joint,0,8.9159,0,0,-0.5713372,0,0.8207155,NULL,HEADSET
2026-08-25T18:01:06.776Z,right,shoulder_lift_joint,NULL,NULL,NULL,0,0,-0.4824498,0.8759236,NULL,HEADSET
2026-08-25T18:01:06.776Z,right,elbow_joint,-42.5,0,0,0,0,-0.7007491,0.7134078,NULL,HEADSET
2026-08-25T18:01:06.776Z,right,wrist_1_joint,-39.225,0,-10.915,0,0,0.963465,-0.2678342,NULL,HEADSET
2026-08-25T18:01:06.776Z,right,wrist_2_joint,0,-9.465002,0,0,0.331217,0,0.9435546,NULL,HEADSET
2026-08-25T18:01:06.776Z,right,wrist_3_joint,0,0,-8.23,0,0,-0.7530475,0.6579661,NULL,HEADSET
2026-08-25T18:01:06.776Z,right,gripper,NULL,NULL,NULL,0,0,0,1,0.4147585,HEADSET
2026-08-25T18:01:06.800Z,right,endEffector,0.2368488,0.07024544,0.5099276,0.5270597,-0.1057078,-0.7575242,0.3703931,NULL,HEADSET
2026-08-25T18:01:06.800Z,right,base,0.2810216,-0.5021335,0.760425,0.05565473,0.9563711,-0.06262912,0.279883,NULL,HEADSET
2026-08-25T18:01:06.800Z,right,shoulder_pan_joint,0,8.9159,0,0,-0.5750006,0,0.818153,NULL,HEADSET
2026-08-25T18:01:06.800Z,right,shoulder_lift_joint,NULL,NULL,NULL,0,0,-0.4880191,0.872833,NULL,HEADSET
2026-08-25T18:01:06.800Z,right,elbow_joint,-42.5,0,0,0,0,-0.6945912,0.7194048,NULL,HEADSET
2026-08-25T18:01:06.800Z,right,wrist_1_joint,-39.225,0,-10.915,0,0,0.9691003,-0.246667,NULL,HEADSET
2026-08-25T18:01:06.800Z,right,wrist_2_joint,0,-9.465002,0,0,0.3381688,0,0.9410855,NULL,HEADSET
2026-08-25T18:01:06.800Z,right,wrist_3_joint,0,0,-8.23,0,0,-0.7398245,0.6727999,NULL,HEADSET
2026-08-25T18:01:06.800Z,right,gripper,NULL,NULL,NULL,0,0,0,1,0.4143741,HEADSET
2026-08-25T18:01:06.817Z,right,endEffector,0.2393402,0.06964894,0.5096737,0.5224379,-0.1054924,-0.7606078,0.3706828,NULL,HEADSET
2026-08-25T18:01:06.817Z,right,base,0.2838477,-0.5039219,0.7580574,0.05516936,0.9571778,-0.06074219,0.2776282,NULL,HEADSET
2026-08-25T18:01:06.817Z,right,shoulder_pan_joint,0,8.9159,0,0,-0.5779202,0,0.8160933,NULL,HEADSET
2026-08-25T18:01:06.817Z,right,shoulder_lift_joint,NULL,NULL,NULL,0,0,-0.4934568,0.8697703,NULL,HEADSET
2026-08-25T18:01:06.817Z,right,elbow_joint,-42.5,0,0,0,0,-0.6887702,0.7249798,NULL,HEADSET
2026-08-25T18:01:06.817Z,right,wrist_1_joint,-39.225,0,-10.915,0,0,0.9741166,-0.2260464,NULL,HEADSET
2026-08-25T18:01:06.817Z,right,wrist_2_joint,0,-9.465002,0,0,0.3446809,0,0.9387199,NULL,HEADSET
2026-08-25T18:01:06.817Z,right,wrist_3_joint,0,0,-8.23,0,0,-0.7268524,0.6867937,NULL,HEADSET
2026-08-25T18:01:06.817Z,right,gripper,NULL,NULL,NULL,0,0,0,1,0.4153422,HEADSET
2026-08-25T18:01:06.840Z,right,endEffector,0.239692,0.06916286,0.5101726,0.521446,-0.1057598,-0.761757,0.3696418,NULL,HEADSET
2026-08-25T18:01:06.840Z,right,base,0.2830618,-0.5048486,0.7577651,0.05572139,0.9572869,-0.06027494,0.2772435,NULL,HEADSET
2026-08-25T18:01:06.840Z,right,shoulder_pan_joint,0,8.9159,0,0,-0.5806581,0,0.8141475,NULL,HEADSET
2026-08-25T18:01:06.840Z,right,shoulder_lift_joint,NULL,NULL,NULL,0,0,-0.4987649,0.8667373,NULL,HEADSET
2026-08-25T18:01:06.840Z,right,elbow_joint,-42.5,0,0,0,0,-0.6832232,0.7302097,NULL,HEADSET
2026-08-25T18:01:06.840Z,right,wrist_1_joint,-39.225,0,-10.915,0,0,0.9786434,-0.2055655,NULL,HEADSET
2026-08-25T18:01:06.840Z,right,wrist_2_joint,0,-9.465002,0,0,0.3510204,0,0.9363678,NULL,HEADSET
2026-08-25T18:01:06.840Z,right,wrist_3_joint,0,0,-8.23,0,0,-0.7140884,0.7000555,NULL,HEADSET
2026-08-25T18:01:06.840Z,right,gripper,NULL,NULL,NULL,0,0,0,1,0.4153423,HEADSET
2026-08-25T18:01:06.857Z,right,endEffector,0.2393695,0.06941646,0.5102795,0.5194322,-0.1072814,-0.7639872,0.3674299,NULL,HEADSET
2026-08-25T18:01:06.857Z,right,base,0.2804854,-0.5048851,0.7588927,0.05659912,0.9572394,-0.06048737,0.2771832,NULL,HEADSET
2026-08-25T18:01:06.857Z,right,shoulder_pan_joint,0,8.9159,0,0,-0.5817024,0,0.8134017,NULL,HEADSET
2026-08-25T18:01:06.857Z,right,shoulder_lift_joint,NULL,NULL,NULL,0,0,-0.501016,0.865438,NULL,HEADSET
2026-08-25T18:01:06.857Z,right,elbow_joint,-42.5,0,0,0,0,-0.6809412,0.7323381,NULL,HEADSET
2026-08-25T18:01:06.857Z,right,wrist_1_joint,-39.225,0,-10.915,0,0,0.9804522,-0.1967574,NULL,HEADSET
2026-08-25T18:01:06.857Z,right,wrist_2_joint,0,-9.465002,0,0,0.3536626,0,0.9353731,NULL,HEADSET
2026-08-25T18:01:06.857Z,right,wrist_3_joint,0,0,-8.23,0,0,-0.708497,0.7057139,NULL,HEADSET
2026-08-25T18:01:06.857Z,right,gripper,NULL,NULL,NULL,0,0,0,1,0.415533,HEADSET
2026-08-25T18:01:06.881Z,right,endEffector,0.2395588,0.06960744,0.5105521,0.518732,-0.1080932,-0.7644745,0.3671675,NULL,HEADSET
2026-08-25T18:01:06.881Z,right,base,0.2797479,-0.5047897,0.7597436,0.05660485,0.9572222,-0.0606019,0.2772167,NULL,HEADSET
2026-08-25T18:01:06.881Z,right,shoulder_pan_joint,0,8.9159,0,0,-0.5832863,0,0.8122666,NULL,HEADSET
2026-08-25T18:01:06.881Z,right,shoulder_lift_joint,NULL,NULL,NULL,0,0,-0.5045592,0.8633771,NULL,HEADSET
2026-08-25T18:01:06.881Z,right,elbow_joint,-42.5,0,0,0,0,-0.6775149,0.7355091,NULL,HEADSET
2026-08-25T18:01:06.881Z,right,wrist_1_joint,-39.225,0,-10.915,0,0,0.9829612,-0.183813,NULL,HEADSET
2026-08-25T18:01:06.881Z,right,wrist_2_joint,0,-9.465002,0,0,0.3574683,0,0.9339253,NULL,HEADSET
2026-08-25T18:01:06.881Z,right,wrist_3_joint,0,0,-8.23,0,0,-0.7000433,0.7141004,NULL,HEADSET
2026-08-25T18:01:06.881Z,right,gripper,NULL,NULL,NULL,0,0,0,1,0.4151803,HEADSET
2026-08-25T18:01:06.900Z,right,endEffector,0.2413162,0.06910829,0.5107387,0.5174067,-0.1079608,-0.7655687,0.366796,NULL,HEADSET
2026-08-25T18:01:06.900Z,right,base,0.2812807,-0.5059528,0.759321,0.0555516,0.9576035,-0.05930846,0.276391,NULL,HEADSET
2026-08-25T18:01:06.900Z,right,shoulder_pan_joint,0,8.9159,0,0,-0.5842886,0,0.811546,NULL,HEADSET
2026-08-25T18:01:06.900Z,right,shoulder_lift_joint,NULL,NULL,NULL,0,0,-0.506885,0.8620137,NULL,HEADSET
2026-08-25T18:01:06.900Z,right,elbow_joint,-42.5,0,0,0,0,-0.6753143,0.7375301,NULL,HEADSET
2026-08-25T18:01:06.900Z,right,wrist_1_joint,-39.225,0,-10.915,0,0,0.9844933,-0.1754227,NULL,HEADSET
2026-08-25T18:01:06.900Z,right,wrist_2_joint,0,-9.465002,0,0,0.3598905,0,0.9329946,NULL,HEADSET
2026-08-25T18:01:06.900Z,right,wrist_3_joint,0,0,-8.23,0,0,-0.6944924,0.7195001,NULL,HEADSET
2026-08-25T18:01:06.900Z,right,gripper,NULL,NULL,NULL,0,0,0,1,0.4152046,HEADSET
2026-08-25T18:01:06.922Z,right,endEffector,0.2419052,0.06894266,0.5109874,0.5163385,-0.1076703,-0.7662652,0.3669326,NULL,HEADSET
2026-08-25T18:01:06.922Z,right,base,0.2823416,-0.506495,0.7586932,0.05496747,0.9578565,-0.05841616,0.2758209,NULL,HEADSET
2026-08-25T18:01:06.922Z,right,shoulder_pan_joint,0,8.9159,0,0,-0.5871973,0,0.8094438,NULL,HEADSET
2026-08-25T18:01:06.922Z,right,shoulder_lift_joint,NULL,NULL,NULL,0,0,-0.5119168,0.8590351,NULL,HEADSET
2026-08-25T18:01:06.922Z,right,elbow_joint,-42.5,0,0,0,0,-0.6704753,0.7419319,NULL,HEADSET
2026-08-25T18:01:06.922Z,right,wrist_1_joint,-39.225,0,-10.915,0,0,0.987622,-0.156853,NULL,HEADSET
2026-08-25T18:01:06.922Z,right,wrist_2_joint,0,-9.465002,0,0,0.3654363,0,0.9308364,NULL,HEADSET
2026-08-25T18:01:06.922Z,right,wrist_3_joint,0,0,-8.23,0,0,-0.6820087,0.7313441,NULL,HEADSET
2026-08-25T18:01:06.922Z,right,gripper,NULL,NULL,NULL,0,0,0,1,0.4151409,HEADSET
2026-08-25T18:01:06.942Z,right,endEffector,0.2441756,0.06891937,0.5130284,0.5148186,-0.1072237,-0.7681081,0.3653425,NULL,HEADSET
2026-08-25T18:01:06.942Z,right,base,0.2830374,-0.5073307,0.7580379,0.05486,0.958256,-0.05748693,0.2746473,NULL,HEADSET
2026-08-25T18:01:06.942Z,right,shoulder_pan_joint,0,8.9159,0,0,-0.588029,0,0.8088399,NULL,HEADSET
2026-08-25T18:01:06.942Z,right,shoulder_lift_joint,NULL,NULL,NULL,0,0,-0.5135041,0.8580871,NULL,HEADSET
2026-08-25T18:01:06.942Z,right,elbow_joint,-42.5,0,0,0,0,-0.6689862,0.7432749,NULL,HEADSET
2026-08-25T18:01:06.942Z,right,wrist_1_joint,-39.225,0,-10.915,0,0,0.988555,-0.1508607,NULL,HEADSET
2026-08-25T18:01:06.942Z,right,wrist_2_joint,0,-9.465002,0,0,0.3671649,0,0.9301559,NULL,HEADSET
2026-08-25T18:01:06.942Z,right,wrist_3_joint,0,0,-8.23,0,0,-0.6779557,0.7351028,NULL,HEADSET
2026-08-25T18:01:06.942Z,right,gripper,NULL,NULL,NULL,0,0,0,1,0.4144853,HEADSET
2026-08-25T18:01:06.965Z,right,endEffector,0.2452357,0.06895762,0.5126288,0.5127309,-0.1091906,-0.7697962,0.3641407,NULL,HEADSET
2026-08-25T18:01:06.965Z,right,base,0.2824847,-0.5073882,0.7582412,0.05565614,0.9584088,-0.05802619,0.2738394,NULL,HEADSET
2026-08-25T18:01:06.965Z,right,shoulder_pan_joint,0,8.9159,0,0,-0.5917668,0,0.8061092,NULL,HEADSET
2026-08-25T18:01:06.965Z,right,shoulder_lift_joint,NULL,NULL,NULL,0,0,-0.5173507,0.8557734,NULL,HEADSET
2026-08-25T18:01:06.965Z,right,elbow_joint,-42.5,0,0,0,0,-0.6647878,0.7470323,NULL,HEADSET
2026-08-25T18:01:06.965Z,right,wrist_1_joint,-39.225,0,-10.915,0,0,0.9911561,-0.1327012,NULL,HEADSET
2026-08-25T18:01:06.965Z,right,wrist_2_joint,0,-9.465002,0,0,0.3730943,0,0.9277934,NULL,HEADSET
2026-08-25T18:01:06.965Z,right,wrist_3_joint,0,0,-8.23,0,0,-0.6655442,0.7463586,NULL,HEADSET
2026-08-25T18:01:06.965Z,right,gripper,NULL,NULL,NULL,0,0,0,1,0.4150855,HEADSET
2026-08-25T18:01:06.984Z,right,endEffector,0.2461402,0.06916185,0.5123506,0.5108795,-0.1108637,-0.7713141,0.3630236,NULL,HEADSET
2026-08-25T18:01:06.984Z,right,base,0.2830041,-0.5073124,0.7586614,0.0551587,0.9587044,-0.05797674,0.272914,NULL,HEADSET
2026-08-25T18:01:06.984Z,right,shoulder_pan_joint,0,8.9159,0,0,-0.5928378,0,0.8053219,NULL,HEADSET
2026-08-25T18:01:06.984Z,right,shoulder_lift_joint,NULL,NULL,NULL,0,0,-0.5186829,0.8549667,NULL,HEADSET
2026-08-25T18:01:06.984Z,right,elbow_joint,-42.5,0,0,0,0,-0.6634451,0.748225,NULL,HEADSET
2026-08-25T18:01:06.984Z,right,wrist_1_joint,-39.225,0,-10.915,0,0,0.9919223,-0.1268472,NULL,HEADSET
2026-08-25T18:01:06.984Z,right,wrist_2_joint,0,-9.465002,0,0,0.374886,0,0.927071,NULL,HEADSET
2026-08-25T18:01:06.984Z,right,wrist_3_joint,0,0,-8.23,0,0,-0.6615055,0.7499403,NULL,HEADSET
2026-08-25T18:01:06.984Z,right,gripper,NULL,NULL,NULL,0,0,0,1,0.4142755,HEADSET
2026-08-25T18:01:07.005Z,right,endEffector,0.2468575,0.06962989,0.5126472,0.5104566,-0.1108751,-0.7715309,0.3631542,NULL,HEADSET
2026-08-25T18:01:07.005Z,right,base,0.2843539,-0.5073353,0.7585055,0.05419211,0.9589334,-0.05735693,0.272434,NULL,HEADSET
2026-08-25T18:01:07.005Z,right,shoulder_pan_joint,0,8.9159,0,0,-0.5951064,0,0.8036469,NULL,HEADSET
2026-08-25T18:01:07.005Z,right,shoulder_lift_joint,NULL,NULL,NULL,0,0,-0.5214556,0.8532784,NULL,HEADSET
2026-08-25T18:01:07.005Z,right,elbow_joint,-42.5,0,0,0,0,-0.6607476,0.7506082,NULL,HEADSET
2026-08-25T18:01:07.005Z,right,wrist_1_joint,-39.225,0,-10.915,0,0,0.9933331,-0.1152795,NULL,HEADSET
2026-08-25T18:01:07.005Z,right,wrist_2_joint,0,-9.465002,0,0,0.3783084,0,0.9256797,NULL,HEADSET
2026-08-25T18:01:07.005Z,right,wrist_3_joint,0,0,-8.23,0,0,-0.6534264,0.7569901,NULL,HEADSET
2026-08-25T18:01:07.005Z,right,gripper,NULL,NULL,NULL,0,0,0,1,0.4147094,HEADSET
2026-08-25T18:01:07.025Z,right,endEffector,0.2487624,0.07001041,0.513496,0.5098399,-0.1109615,-0.7726926,0.3615205,NULL,HEADSET
2026-08-25T18:01:07.025Z,right,base,0.2865143,-0.507856,0.7575906,0.05334336,0.9594318,-0.05611453,0.2711019,NULL,HEADSET
2026-08-25T18:01:07.025Z,right,shoulder_pan_joint,0,8.9159,0,0,-0.5965237,0,0.8025954,NULL,HEADSET
2026-08-25T18:01:07.025Z,right,shoulder_lift_joint,NULL,NULL,NULL,0,0,-0.5232363,0.8521876,NULL,HEADSET
2026-08-25T18:01:07.025Z,right,elbow_joint,-42.5,0,0,0,0,-0.6590017,0.7521415,NULL,HEADSET
2026-08-25T18:01:07.025Z,right,wrist_1_joint,-39.225,0,-10.915,0,0,0.9941737,-0.1077898,NULL,HEADSET
2026-08-25T18:01:07.025Z,right,wrist_2_joint,0,-9.465002,0,0,0.3804418,0,0.9248049,NULL,HEADSET
2026-08-25T18:01:07.025Z,right,wrist_3_joint,0,0,-8.23,0,0,-0.6481703,0.7614954,NULL,HEADSET
2026-08-25T18:01:07.025Z,right,gripper,NULL,NULL,NULL,0,0,0,1,0.4143381,HEADSET
2026-08-25T18:01:07.049Z,right,endEffector,0.2506926,0.07021326,0.5144717,0.5101865,-0.1115848,-0.7737406,0.3585861,NULL,HEADSET
2026-08-25T18:01:07.049Z,right,base,0.287091,-0.5080646,0.7573544,0.05329321,0.9596506,-0.05585528,0.2703899,NULL,HEADSET
2026-08-25T18:01:07.049Z,right,shoulder_pan_joint,0,8.9159,0,0,-0.5990559,0,0.8007072,NULL,HEADSET
2026-08-25T18:01:07.049Z,right,shoulder_lift_joint,NULL,NULL,NULL,0,0,-0.5256364,0.8507093,NULL,HEADSET
2026-08-25T18:01:07.049Z,right,elbow_joint,-42.5,0,0,0,0,-0.6564609,0.7543601,NULL,HEADSET
2026-08-25T18:01:07.049Z,right,wrist_1_joint,-39.225,0,-10.915,0,0,0.9953219,-0.09661434,NULL,HEADSET
2026-08-25T18:01:07.049Z,right,wrist_2_joint,0,-9.465002,0,0,0.3836585,0,0.923475,NULL,HEADSET
2026-08-25T18:01:07.049Z,right,wrist_3_joint,0,0,-8.23,0,0,-0.6402485,0.7681679,NULL,HEADSET
2026-08-25T18:01:07.049Z,right,gripper,NULL,NULL,NULL,0,0,0,1,0.4132869,HEADSET
2026-08-25T18:01:07.067Z,right,endEffector,0.2520896,0.0705606,0.5154631,0.5098995,-0.1139902,-0.7747504,0.3560487,NULL,HEADSET
2026-08-25T18:01:07.067Z,right,base,0.2865341,-0.5084884,0.7576582,0.0538591,0.9598626,-0.05589822,0.2695153,NULL,HEADSET
2026-08-25T18:01:07.067Z,right,shoulder_pan_joint,0,8.9159,0,0,-0.6023118,0,0.7982609,NULL,HEADSET
2026-08-25T18:01:07.067Z,right,shoulder_lift_joint,NULL,NULL,NULL,0,0,-0.5279839,0.8492544,NULL,HEADSET
2026-08-25T18:01:07.067Z,right,elbow_joint,-42.5,0,0,0,0,-0.6538133,0.7566559,NULL,HEADSET
2026-08-25T18:01:07.067Z,right,wrist_1_joint,-39.225,0,-10.915,0,0,0.9964678,-0.08397547,NULL,HEADSET
2026-08-25T18:01:07.067Z,right,wrist_2_joint,0,-9.465002,0,0,0.3873495,0,0.9219329,NULL,HEADSET
2026-08-25T18:01:07.067Z,right,wrist_3_joint,0,0,-8.23,0,0,-0.630947,0.7758259,NULL,HEADSET
2026-08-25T18:01:07.067Z,right,gripper,NULL,NULL,NULL,0,0,0,1,0.4136139,HEADSET
2026-08-25T18:01:07.089Z,right,endEffector,0.2529785,0.07027511,0.5160414,0.5098194,-0.1150414,-0.7752079,0.3548275,NULL,HEADSET
2026-08-25T18:01:07.089Z,right,base,0.2860903,-0.5092843,0.757729,0.05431879,0.9599489,-0.05580319,0.2691349,NULL,HEADSET
2026-08-25T18:01:07.089Z,right,shoulder_pan_joint,0,8.9159,0,0,-0.6055907,0,0.7957763,NULL,HEADSET
2026-08-25T18:01:07.089Z,right,shoulder_lift_joint,NULL,NULL,NULL,0,0,-0.5301653,0.8478944,NULL,HEADSET
2026-08-25T18:01:07.089Z,right,elbow_joint,-42.5,0,0,0,0,-0.6512643,0.7588511,NULL,HEADSET
2026-08-25T18:01:07.089Z,right,wrist_1_joint,-39.225,0,-10.915,0,0,0.9974285,-0.07166959,NULL,HEADSET
2026-08-25T18:01:07.089Z,right,wrist_2_joint,0,-9.465002,0,0,0.3907376,0,0.9205021,NULL,HEADSET
2026-08-25T18:01:07.089Z,right,wrist_3_joint,0,0,-8.23,0,0,-0.6218656,0.7831241,NULL,HEADSET
2026-08-25T18:01:07.089Z,right,gripper,NULL,NULL,NULL,0,0,0,1,0.4136142,HEADSET
2026-08-25T18:01:07.107Z,right,endEffector,0.2544938,0.07039341,0.5164659,0.5100396,-0.1137029,-0.777422,0.3500666,NULL,HEADSET
2026-08-25T18:01:07.107Z,right,base,0.286944,-0.5107452,0.7569916,0.05435021,0.9602917,-0.05477013,0.268116,NULL,HEADSET
2026-08-25T18:01:07.107Z,right,shoulder_pan_joint,0,8.9159,0,0,-0.6073452,0,0.7944381,NULL,HEADSET
2026-08-25T18:01:07.107Z,right,shoulder_lift_joint,NULL,NULL,NULL,0,0,-0.5313729,0.847138,NULL,HEADSET
2026-08-25T18:01:07.107Z,right,elbow_joint,-42.5,0,0,0,0,-0.6498804,0.7600365,NULL,HEADSET
2026-08-25T18:01:07.107Z,right,wrist_1_joint,-39.225,0,-10.915,0,0,0.9978924,-0.06489067,NULL,HEADSET
2026-08-25T18:01:07.107Z,right,wrist_2_joint,0,-9.465002,0,0,0.392545,0,0.9197328,NULL,HEADSET
2026-08-25T18:01:07.107Z,right,wrist_3_joint,0,0,-8.23,0,0,-0.6168314,0.7870954,NULL,HEADSET
2026-08-25T18:01:07.107Z,right,gripper,NULL,NULL,NULL,0,0,0,1,0.4118342,HEADSET
2026-08-25T18:01:07.133Z,right,endEffector,0.2559924,0.07132179,0.5169034,0.5100943,-0.1138448,-0.7782815,0.3480244,NULL,HEADSET
2026-08-25T18:01:07.133Z,right,base,0.2878929,-0.511228,0.7565696,0.05420689,0.960531,-0.05433527,0.2673752,NULL,HEADSET
2026-08-25T18:01:07.133Z,right,shoulder_pan_joint,0,8.9159,0,0,-0.6100301,0,0.7923782,NULL,HEADSET
2026-08-25T18:01:07.133Z,right,shoulder_lift_joint,NULL,NULL,NULL,0,0,-0.5332081,0.8459841,NULL,HEADSET
2026-08-25T18:01:07.133Z,right,elbow_joint,-42.5,0,0,0,0,-0.6476275,0.7619571,NULL,HEADSET
2026-08-25T18:01:07.133Z,right,wrist_1_joint,-39.225,0,-10.915,0,0,0.998482,-0.05507883,NULL,HEADSET
2026-08-25T18:01:07.133Z,right,wrist_2_joint,0,-9.465002,0,0,0.3950847,0,0.9186447,NULL,HEADSET
2026-08-25T18:01:07.133Z,right,wrist_3_joint,0,0,-8.23,0,0,-0.6090774,0.7931108,NULL,HEADSET
2026-08-25T18:01:07.133Z,right,gripper,NULL,NULL,NULL,0,0,0,1,0.4110953,HEADSET
2026-08-25T18:01:07.150Z,right,endEffector,0.2580687,0.07246102,0.5174167,0.50978,-0.1134836,-0.7799407,0.3448747,NULL,HEADSET
2026-08-25T18:01:07.150Z,right,base,0.2895419,-0.5122466,0.7555044,0.05403931,0.9609792,-0.05336917,0.2659897,NULL,HEADSET
2026-08-25T18:01:07.150Z,right,shoulder_pan_joint,0,8.9159,0,0,-0.6125809,0,0.790408,NULL,HEADSET
2026-08-25T18:01:07.150Z,right,shoulder_lift_joint,NULL,NULL,NULL,0,0,-0.5349796,0.844865,NULL,HEADSET
2026-08-25T18:01:07.150Z,right,elbow_joint,-42.5,0,0,0,0,-0.6452954,0.7639332,NULL,HEADSET
2026-08-25T18:01:07.150Z,right,wrist_1_joint,-39.225,0,-10.915,0,0,0.9989616,-0.04555983,NULL,HEADSET
2026-08-25T18:01:07.150Z,right,wrist_2_joint,0,-9.465002,0,0,0.3974167,0,0.9176382,NULL,HEADSET
2026-08-25T18:01:07.150Z,right,wrist_3_joint,0,0,-8.23,0,0,-0.6015297,0.7988505,NULL,HEADSET
2026-08-25T18:01:07.150Z,right,gripper,NULL,NULL,NULL,0,0,0,1,0.4098604,HEADSET
2026-08-25T18:01:07.174Z,right,endEffector,0.2592081,0.07343206,0.5171929,0.5088394,-0.1141959,-0.7810494,0.3435167,NULL,HEADSET
2026-08-25T18:01:07.174Z,right,base,0.2901694,-0.5126792,0.7551441,0.05416256,0.9611852,-0.05318778,0.2652554,NULL,HEADSET
2026-08-25T18:01:07.174Z,right,shoulder_pan_joint,0,8.9159,0,0,-0.6159149,0,0.7878128,NULL,HEADSET
2026-08-25T18:01:07.174Z,right,shoulder_lift_joint,NULL,NULL,NULL,0,0,-0.5372763,0.8434063,NULL,HEADSET
2026-08-25T18:01:07.174Z,right,elbow_joint,-42.5,0,0,0,0,-0.6419907,0.7667125,NULL,HEADSET
2026-08-25T18:01:07.174Z,right,wrist_1_joint,-39.225,0,-10.915,0,0,0.9994487,-0.03320206,NULL,HEADSET
2026-08-25T18:01:07.174Z,right,wrist_2_joint,0,-9.465002,0,0,0.4002987,0,0.9163848,NULL,HEADSET
2026-08-25T18:01:07.174Z,right,wrist_3_joint,0,0,-8.23,0,0,-0.5916759,0.8061759,NULL,HEADSET
2026-08-25T18:01:07.174Z,right,gripper,NULL,NULL,NULL,0,0,0,1,0.4101969,HEADSET
2026-08-25T18:01:07.191Z,right,endEffector,0.2613335,0.0747381,0.5166332,0.5066274,-0.115368,-0.7839278,0.3398176,NULL,HEADSET
2026-08-25T18:01:07.191Z,right,base,0.290993,-0.5136535,0.7546231,0.05471218,0.9615293,-0.05290289,0.2639494,NULL,HEADSET
2026-08-25T18:01:07.191Z,right,shoulder_pan_joint,0,8.9159,0,0,-0.6176246,0,0.7864731,NULL,HEADSET
2026-08-25T18:01:07.191Z,right,shoulder_lift_joint,NULL,NULL,NULL,0,0,-0.5388188,0.8424217,NULL,HEADSET
2026-08-25T18:01:07.191Z,right,elbow_joint,-42.5,0,0,0,0,-0.6398829,0.7684725,NULL,HEADSET
2026-08-25T18:01:07.191Z,right,wrist_1_joint,-39.225,0,-10.915,0,0,0.9996678,-0.02577668,NULL,HEADSET
2026-08-25T18:01:07.191Z,right,wrist_2_joint,0,-9.465002,0,0,0.4018279,0,0.9157152,NULL,HEADSET
2026-08-25T18:01:07.191Z,right,wrist_3_joint,0,0,-8.23,0,0,-0.5858243,0.8104381,NULL,HEADSET
2026-08-25T18:01:07.191Z,right,gripper,NULL,NULL,NULL,0,0,0,1,0.4099988,HEADSET
2026-08-25T18:01:07.215Z,right,endEffector,0.2628744,0.07600676,0.5162055,0.5068564,-0.115631,-0.7850429,0.3367992,NULL,HEADSET
2026-08-25T18:01:07.215Z,right,base,0.2916511,-0.5140345,0.7542777,0.05470583,0.9617149,-0.05268684,0.2633172,NULL,HEADSET
2026-08-25T18:01:07.215Z,right,shoulder_pan_joint,0,8.9159,0,0,-0.620163,0,0.7844729,NULL,HEADSET
2026-08-25T18:01:07.215Z,right,shoulder_lift_joint,NULL,NULL,NULL,0,0,-0.5416227,0.8406217,NULL,HEADSET
2026-08-25T18:01:07.215Z,right,elbow_joint,-42.5,0,0,0,0,-0.636059,0.7716404,NULL,HEADSET
2026-08-25T18:01:07.215Z,right,wrist_1_joint,-39.225,0,-10.915,0,0,0.9999016,-0.01403221,NULL,HEADSET
2026-08-25T18:01:07.215Z,right,wrist_2_joint,0,-9.465002,0,0,0.4040434,0,0.9147398,NULL,HEADSET
2026-08-25T18:01:07.215Z,right,wrist_3_joint,0,0,-8.23,0,0,-0.5766094,0.8170199,NULL,HEADSET
2026-08-25T18:01:07.215Z,right,gripper,NULL,NULL,NULL,0,0,0,1,0.4094944,HEADSET
2026-08-25T18:01:07.234Z,right,endEffector,0.2641508,0.07786408,0.5142931,0.5052181,-0.1167791,-0.7871397,0.3339588,NULL,HEADSET
2026-08-25T18:01:07.234Z,right,base,0.2921118,-0.5148286,0.7537082,0.05483412,0.961942,-0.05212003,0.2625723,NULL,HEADSET
2026-08-25T18:01:07.234Z,right,shoulder_pan_joint,0,8.9159,0,0,-0.6222361,0,0.7828296,NULL,HEADSET
2026-08-25T18:01:07.234Z,right,shoulder_lift_joint,NULL,NULL,NULL,0,0,-0.5440302,0.8390656,NULL,HEADSET
2026-08-25T18:01:07.234Z,right,elbow_joint,-42.5,0,0,0,0,-0.6327922,0.7743216,NULL,HEADSET
2026-08-25T18:01:07.234Z,right,wrist_1_joint,-39.225,0,-10.915,0,0,0.9999907,-0.004312923,NULL,HEADSET
2026-08-25T18:01:07.234Z,right,wrist_2_joint,0,-9.465002,0,0,0.4057161,0,0.9139992,NULL,HEADSET
2026-08-25T18:01:07.234Z,right,wrist_3_joint,0,0,-8.23,0,0,-0.5687746,0.8224934,NULL,HEADSET
2026-08-25T18:01:07.234Z,right,gripper,NULL,NULL,NULL,0,0,0,1,0.4093446,HEADSET
2026-08-25T18:01:07.257Z,right,endEffector,0.2652266,0.07983434,0.5124876,0.5059112,-0.1174195,-0.7882382,0.3300714,NULL,HEADSET
2026-08-25T18:01:07.257Z,right,base,0.2920767,-0.5151104,0.7537034,0.05491945,0.9619939,-0.05191614,0.2624045,NULL,HEADSET
2026-08-25T18:01:07.257Z,right,shoulder_pan_joint,0,8.9159,0,0,-0.6241785,0,0.7812818,NULL,HEADSET
2026-08-25T18:01:07.257Z,right,shoulder_lift_joint,NULL,NULL,NULL,0,0,-0.5478486,0.8365776,NULL,HEADSET
2026-08-25T18:01:07.257Z,right,elbow_joint,-42.5,0,0,0,0,-0.6280255,0.7781928,NULL,HEADSET
2026-08-25T18:01:07.257Z,right,wrist_1_joint,-39.225,0,-10.915,0,0,0.9999709,0.007633934,NULL,HEADSET
2026-08-25T18:01:07.257Z,right,wrist_2_joint,0,-9.465002,0,0,0.4072115,0,0.9133339,NULL,HEADSET
2026-08-25T18:01:07.257Z,right,wrist_3_joint,0,0,-8.23,0,0,-0.5592424,0.8290042,NULL,HEADSET
2026-08-25T18:01:07.257Z,right,gripper,NULL,NULL,NULL,0,0,0,1,0.4081708,HEADSET
2026-08-25T18:01:07.274Z,right,endEffector,0.2671131,0.0823877,0.5098378,0.504984,-0.1199979,-0.7894081,0.3277597,NULL,HEADSET
2026-08-25T18:01:07.274Z,right,base,0.2925501,-0.515141,0.7537188,0.05514206,0.9621986,-0.05192714,0.261604,NULL,HEADSET
2026-08-25T18:01:07.274Z,right,shoulder_pan_joint,0,8.9159,0,0,-0.6256419,0,0.7801105,NULL,HEADSET
2026-08-25T18:01:07.274Z,right,shoulder_lift_joint,NULL,NULL,NULL,0,0,-0.5518683,0.8339313,NULL,HEADSET
2026-08-25T18:01:07.274Z,right,elbow_joint,-42.5,0,0,0,0,-0.623201,0.7820618,NULL,HEADSET
2026-08-25T18:01:07.274Z,right,wrist_1_joint,-39.225,0,-10.915,0,0,0.9998272,0.01859052,NULL,HEADSET
2026-08-25T18:01:07.274Z,right,wrist_2_joint,0,-9.465002,0,0,0.408013,0,0.9129761,NULL,HEADSET
2026-08-25T18:01:07.274Z,right,wrist_3_joint,0,0,-8.23,0,0,-0.5501391,0.835073,NULL,HEADSET
2026-08-25T18:01:07.274Z,right,gripper,NULL,NULL,NULL,0,0,0,1,0.4075241,HEADSET
2026-08-25T18:01:07.299Z,right,endEffector,0.2678551,0.08391106,0.5086409,0.5042534,-0.1212784,-0.789679,0.3277607,NULL,HEADSET
2026-08-25T18:01:07.299Z,right,base,0.2928565,-0.5145362,0.7541341,0.05498199,0.9622673,-0.05225509,0.2613194,NULL,HEADSET
2026-08-25T18:01:07.299Z,right,shoulder_pan_joint,0,8.9159,0,0,-0.6268719,0,0.7791223,NULL,HEADSET
2026-08-25T18:01:07.299Z,right,shoulder_lift_joint,NULL,NULL,NULL,0,0,-0.5563293,0.8309619,NULL,HEADSET
2026-08-25T18:01:07.299Z,right,elbow_joint,-42.5,0,0,0,0,-0.6179543,0.786214,NULL,HEADSET
2026-08-25T18:01:07.299Z,right,wrist_1_joint,-39.225,0,-10.915,0,0,0.9995772,0.02907736,NULL,HEADSET
2026-08-25T18:01:07.299Z,right,wrist_2_joint,0,-9.465002,0,0,0.4083441,0,0.9128281,NULL,HEADSET
2026-08-25T18:01:07.299Z,right,wrist_3_joint,0,0,-8.23,0,0,-0.5417572,0.840535,NULL,HEADSET
2026-08-25T18:01:07.299Z,right,gripper,NULL,NULL,NULL,0,0,0,1,0.4075238,HEADSET
2026-08-25T18:01:07.318Z,right,endEffector,0.2701065,0.08716717,0.50608,0.5054146,-0.1218734,-0.7909291,0.3226984,NULL,HEADSET
2026-08-25T18:01:07.318Z,right,base,0.293801,-0.5139979,0.7545087,0.05479367,0.9624538,-0.05252858,0.2606165,NULL,HEADSET
2026-08-25T18:01:07.318Z,right,shoulder_pan_joint,0,8.9159,0,0,-0.627722,0,0.7784376,NULL,HEADSET
2026-08-25T18:01:07.318Z,right,shoulder_lift_joint,NULL,NULL,NULL,0,0,-0.5603177,0.8282778,NULL,HEADSET
2026-08-25T18:01:07.318Z,right,elbow_joint,-42.5,0,0,0,0,-0.6134977,0.7896965,NULL,HEADSET
2026-08-25T18:01:07.318Z,right,wrist_1_joint,-39.225,0,-10.915,0,0,0.999248,0.03877533,NULL,HEADSET
2026-08-25T18:01:07.318Z,right,wrist_2_joint,0,-9.465002,0,0,0.4086348,0,0.912698,NULL,HEADSET
2026-08-25T18:01:07.318Z,right,wrist_3_joint,0,0,-8.23,0,0,-0.534144,0.8453936,NULL,HEADSET
2026-08-25T18:01:07.318Z,right,gripper,NULL,NULL,NULL,0,0,0,1,0.4029182,HEADSET
2026-08-25T18:01:07.342Z,right,endEffector,0.2715063,0.08916827,0.5055981,0.5050589,-0.1218737,-0.7917057,0.321348,NULL,HEADSET
2026-08-25T18:01:07.342Z,right,base,0.2947443,-0.5135888,0.7545298,0.05458628,0.9626093,-0.05264581,0.260062,NULL,HEADSET
2026-08-25T18:01:07.342Z,right,shoulder_pan_joint,0,8.9159,0,0,-0.6288366,0,0.7775375,NULL,HEADSET
2026-08-25T18:01:07.342Z,right,shoulder_lift_joint,NULL,NULL,NULL,0,0,-0.5644867,0.8254421,NULL,HEADSET
2026-08-25T18:01:07.342Z,right,elbow_joint,-42.5,0,0,0,0,-0.608403,0.7936283,NULL,HEADSET
2026-08-25T18:01:07.342Z,right,wrist_1_joint,-39.225,0,-10.915,0,0,0.9988577,0.04778466,NULL,HEADSET
2026-08-25T18:01:07.342Z,right,wrist_2_joint,0,-9.465002,0,0,0.4085391,0,0.9127408,NULL,HEADSET
2026-08-25T18:01:07.342Z,right,wrist_3_joint,0,0,-8.23,0,0,-0.5265548,0.8501412,NULL,HEADSET
2026-08-25T18:01:07.342Z,right,gripper,NULL,NULL,NULL,0,0,0,1,0.400986,HEADSET
2026-08-25T18:01:07.361Z,right,endEffector,0.2744407,0.09129362,0.5059271,0.5037279,-0.1231562,-0.7926437,0.3206351,NULL,HEADSET
2026-08-25T18:01:07.361Z,right,base,0.2968203,-0.5131832,0.7542493,0.05402582,0.9629685,-0.05261002,0.2588532,NULL,HEADSET
2026-08-25T18:01:07.361Z,right,shoulder_pan_joint,0,8.9159,0,0,-0.6299604,0,0.7766273,NULL,HEADSET
2026-08-25T18:01:07.361Z,right,shoulder_lift_joint,NULL,NULL,NULL,0,0,-0.5679377,0.8230715,NULL,HEADSET
2026-08-25T18:01:07.361Z,right,elbow_joint,-42.5,0,0,0,0,-0.6039214,0.7970439,NULL,HEADSET
2026-08-25T18:01:07.361Z,right,wrist_1_joint,-39.225,0,-10.915,0,0,0.9984115,0.05634323,NULL,HEADSET
2026-08-25T18:01:07.361Z,right,wrist_2_joint,0,-9.465002,0,0,0.4087662,0,0.9126391,NULL,HEADSET
2026-08-25T18:01:07.361Z,right,wrist_3_joint,0,0,-8.23,0,0,-0.5194332,0.8545111,NULL,HEADSET
2026-08-25T18:01:07.361Z,right,gripper,NULL,NULL,NULL,0,0,0,1,0.4005772,HEADSET
2026-08-25T18:01:07.387Z,right,endEffector,0.2758086,0.09197651,0.5060109,0.5039138,-0.123558,-0.793066,0.3191404,NULL,HEADSET
2026-08-25T18:01:07.387Z,right,base,0.2973935,-0.5131799,0.7540479,0.05411806,0.9631127,-0.05259947,0.2582993,NULL,HEADSET
2026-08-25T18:01:07.387Z,right,shoulder_pan_joint,0,8.9159,0,0,-0.6317044,0,0.7752094,NULL,HEADSET
2026-08-25T18:01:07.387Z,right,shoulder_lift_joint,NULL,NULL,NULL,0,0,-0.5700511,0.8216093,NULL,HEADSET
2026-08-25T18:01:07.387Z,right,elbow_joint,-42.5,0,0,0,0,-0.6006402,0.7995194,NULL,HEADSET
2026-08-25T18:01:07.387Z,right,wrist_1_joint,-39.225,0,-10.915,0,0,0.9979961,0.06327632,NULL,HEADSET
2026-08-25T18:01:07.387Z,right,wrist_2_joint,0,-9.465002,0,0,0.4097601,0,0.9121934,NULL,HEADSET
2026-08-25T18:01:07.387Z,right,wrist_3_joint,0,0,-8.23,0,0,-0.5140918,0.8577352,NULL,HEADSET
2026-08-25T18:01:07.387Z,right,gripper,NULL,NULL,NULL,0,0,0,1,0.3992326,HEADSET
2026-08-25T18:01:07.401Z,right,endEffector,0.2772928,0.09246029,0.5055935,0.5037004,-0.1240343,-0.7941926,0.3164802,NULL,HEADSET
2026-08-25T18:01:07.401Z,right,base,0.2988752,-0.5128769,0.7538934,0.05391028,0.9633951,-0.0527081,0.2572656,NULL,HEADSET
2026-08-25T18:01:07.401Z,right,shoulder_pan_joint,0,8.9159,0,0,-0.6327799,0,0.7743317,NULL,HEADSET
2026-08-25T18:01:07.401Z,right,shoulder_lift_joint,NULL,NULL,NULL,0,0,-0.5710866,0.8208898,NULL,HEADSET
2026-08-25T18:01:07.401Z,right,elbow_joint,-42.5,0,0,0,0,-0.5989851,0.8007601,NULL,HEADSET
2026-08-25T18:01:07.401Z,right,wrist_1_joint,-39.225,0,-10.915,0,0,0.9977453,0.06711424,NULL,HEADSET
2026-08-25T18:01:07.401Z,right,wrist_2_joint,0,-9.465002,0,0,0.4103943,0,0.9119082,NULL,HEADSET
2026-08-25T18:01:07.401Z,right,wrist_3_joint,0,0,-8.23,0,0,-0.5110776,0.8595346,NULL,HEADSET
2026-08-25T18:01:07.401Z,right,gripper,NULL,NULL,NULL,0,0,0,1,0.3975537,HEADSET
2026-08-25T18:01:07.423Z,right,endEffector,0.2777876,0.092546,0.505354,0.5044882,-0.123681,-0.7943789,0.3148917,NULL,HEADSET
2026-08-25T18:01:07.423Z,right,base,0.2995716,-0.5127574,0.7537825,0.05370916,0.9635295,-0.05266981,0.2568112,NULL,HEADSET
2026-08-25T18:01:07.423Z,right,shoulder_pan_joint,0,8.9159,0,0,-0.6336343,0,0.7736327,NULL,HEADSET
2026-08-25T18:01:07.423Z,right,shoulder_lift_joint,NULL,NULL,NULL,0,0,-0.571821,0.8203784,NULL,HEADSET
2026-08-25T18:01:07.423Z,right,elbow_joint,-42.5,0,0,0,0,-0.5978475,0.8016099,NULL,HEADSET
2026-08-25T18:01:07.423Z,right,wrist_1_joint,-39.225,0,-10.915,0,0,0.9975514,0.06993727,NULL,HEADSET
2026-08-25T18:01:07.423Z,right,wrist_2_joint,0,-9.465002,0,0,0.4108418,0,0.9117067,NULL,HEADSET
2026-08-25T18:01:07.423Z,right,wrist_3_joint,0,0,-8.23,0,0,-0.5087189,0.8609327,NULL,HEADSET
2026-08-25T18:01:07.423Z,right,gripper,NULL,NULL,NULL,0,0,0,1,0.3942836,HEADSET
2026-08-25T18:01:07.443Z,right,endEffector,0.2778034,0.0927526,0.5052044,0.5055596,-0.1241201,-0.7942579,0.3133017,NULL,HEADSET
2026-08-25T18:01:07.443Z,right,base,0.3004535,-0.5126534,0.753534,0.05276588,0.9636568,-0.05206775,0.2566517,NULL,HEADSET
2026-08-25T18:01:07.443Z,right,shoulder_pan_joint,0,8.9159,0,0,-0.6339177,0,0.7734005,NULL,HEADSET
2026-08-25T18:01:07.443Z,right,shoulder_lift_joint,NULL,NULL,NULL,0,0,-0.5720528,0.8202168,NULL,HEADSET
2026-08-25T18:01:07.443Z,right,elbow_joint,-42.5,0,0,0,0,-0.597501,0.8018681,NULL,HEADSET
2026-08-25T18:01:07.443Z,right,wrist_1_joint,-39.225,0,-10.915,0,0,0.9974877,0.0708409,NULL,HEADSET
2026-08-25T18:01:07.443Z,right,wrist_2_joint,0,-9.465002,0,0,0.4109678,0,0.9116499,NULL,HEADSET
2026-08-25T18:01:07.443Z,right,wrist_3_joint,0,0,-8.23,0,0,-0.5079147,0.8614074,NULL,HEADSET
2026-08-25T18:01:07.443Z,right,gripper,NULL,NULL,NULL,0,0,0,1,0.3923909,HEADSET
2026-08-25T18:01:07.467Z,right,endEffector,0.2773899,0.0919998,0.5052313,0.5062287,-0.1242108,-0.7943175,0.3120316,NULL,HEADSET
2026-08-25T18:01:07.467Z,right,base,0.3000363,-0.5134,0.7534059,0.05265806,0.9636148,-0.05142638,0.256961,NULL,HEADSET
2026-08-25T18:01:07.467Z,right,shoulder_pan_joint,0,8.9159,0,0,-0.6342375,0,0.7731383,NULL,HEADSET
2026-08-25T18:01:07.467Z,right,shoulder_lift_joint,NULL,NULL,NULL,0,0,-0.5722855,0.8200544,NULL,HEADSET
2026-08-25T18:01:07.467Z,right,elbow_joint,-42.5,0,0,0,0,-0.5971632,0.8021198,NULL,HEADSET
2026-08-25T18:01:07.467Z,right,wrist_1_joint,-39.225,0,-10.915,0,0,0.9974226,0.07175174,NULL,HEADSET
2026-08-25T18:01:07.467Z,right,wrist_2_joint,0,-9.465002,0,0,0.4110755,0,0.9116013,NULL,HEADSET
2026-08-25T18:01:07.467Z,right,wrist_3_joint,0,0,-8.23,0,0,-0.5070783,0.8619,NULL,HEADSET
2026-08-25T18:01:07.467Z,right,gripper,NULL,NULL,NULL,0,0,0,1,0.3925101,HEADSET
2026-08-25T18:01:07.483Z,right,endEffector,0.2768657,0.09113109,0.5045856,0.5070677,-0.1245905,-0.7940009,0.3113236,NULL,HEADSET
2026-08-25T18:01:07.483Z,right,base,0.2997149,-0.51397,0.7535041,0.05221952,0.9635612,-0.05067589,0.2574004,NULL,HEADSET
2026-08-25T18:01:07.483Z,right,shoulder_pan_joint,0,8.9159,0,0,-0.6345485,0,0.7728831,NULL,HEADSET
2026-08-25T18:01:07.483Z,right,shoulder_lift_joint,NULL,NULL,NULL,0,0,-0.5725303,0.8198836,NULL,HEADSET
2026-08-25T18:01:07.483Z,right,elbow_joint,-42.5,0,0,0,0,-0.596846,0.8023558,NULL,HEADSET
2026-08-25T18:01:07.483Z,right,wrist_1_joint,-39.225,0,-10.915,0,0,0.9973577,0.07264727,NULL,HEADSET
2026-08-25T18:01:07.483Z,right,wrist_2_joint,0,-9.465002,0,0,0.411165,0,0.911561,NULL,HEADSET
2026-08-25T18:01:07.483Z,right,wrist_3_joint,0,0,-8.23,0,0,-0.5062281,0.8623997,NULL,HEADSET
2026-08-25T18:01:07.483Z,right,gripper,NULL,NULL,NULL,0,0,0,1,0.3922755,HEADSET
2026-08-25T18:01:07.507Z,right,endEffector,0.2766981,0.0910204,0.504014,0.5071998,-0.1249056,-0.794007,0.3109662,NULL,HEADSET
2026-08-25T18:01:07.507Z,right,base,0.2996578,-0.5138299,0.7537181,0.05188312,0.9635306,-0.05040666,0.2576357,NULL,HEADSET
2026-08-25T18:01:07.507Z,right,shoulder_pan_joint,0,8.9159,0,0,-0.6353877,0,0.7721933,NULL,HEADSET
2026-08-25T18:01:07.507Z,right,shoulder_lift_joint,NULL,NULL,NULL,0,0,-0.5733836,0.8192871,NULL,HEADSET
2026-08-25T18:01:07.507Z,right,elbow_joint,-42.5,0,0,0,0,-0.5959767,0.8030018,NULL,HEADSET
2026-08-25T18:01:07.507Z,right,wrist_1_joint,-39.225,0,-10.915,0,0,0.9971678,0.07520855,NULL,HEADSET
2026-08-25T18:01:07.507Z,right,wrist_2_joint,0,-9.465002,0,0,0.4113205,0,0.9114908,NULL,HEADSET
2026-08-25T18:01:07.507Z,right,wrist_3_joint,0,0,-8.23,0,0,-0.5036889,0.8638852,NULL,HEADSET
2026-08-25T18:01:07.507Z,right,gripper,NULL,NULL,NULL,0,0,0,1,0.3922752,HEADSET
2026-08-25T18:01:07.523Z,right,endEffector,0.27625,0.09094997,0.5032232,0.5072915,-0.1261187,-0.7936127,0.3113332,NULL,HEADSET
2026-08-25T18:01:07.523Z,right,base,0.2995124,-0.513409,0.7543543,0.05117988,0.9634612,-0.05018053,0.2580796,NULL,HEADSET
2026-08-25T18:01:07.523Z,right,shoulder_pan_joint,0,8.9159,0,0,-0.6361016,0,0.7716053,NULL,HEADSET
2026-08-25T18:01:07.523Z,right,shoulder_lift_joint,NULL,NULL,NULL,0,0,-0.5742807,0.8186585,NULL,HEADSET
2026-08-25T18:01:07.523Z,right,elbow_joint,-42.5,0,0,0,0,-0.595195,0.8035813,NULL,HEADSET
2026-08-25T18:01:07.523Z,right,wrist_1_joint,-39.225,0,-10.915,0,0,0.9969805,0.07765169,NULL,HEADSET
2026-08-25T18:01:07.523Z,right,wrist_2_joint,0,-9.465002,0,0,0.4114186,0,0.9114465,NULL,HEADSET
2026-08-25T18:01:07.523Z,right,wrist_3_joint,0,0,-8.23,0,0,-0.5012032,0.8653296,NULL,HEADSET
2026-08-25T18:01:07.523Z,right,gripper,NULL,NULL,NULL,0,0,0,1,0.3930389,HEADSET
2026-08-25T18:01:07.547Z,right,endEffector,0.2760072,0.09080867,0.5034163,0.5079671,-0.1264686,-0.7936389,0.3100201,NULL,HEADSET
2026-08-25T18:01:07.547Z,right,base,0.2990853,-0.5132985,0.7547911,0.05105752,0.9633912,-0.050174,0.2583661,NULL,HEADSET
2026-08-25T18:01:07.547Z,right,shoulder_pan_joint,0,8.9159,0,0,-0.6368945,0,0.770951,NULL,HEADSET
2026-08-25T18:01:07.547Z,right,shoulder_lift_joint,NULL,NULL,NULL,0,0,-0.5755786,0.8177465,NULL,HEADSET
2026-08-25T18:01:07.547Z,right,elbow_joint,-42.5,0,0,0,0,-0.5942625,0.8042712,NULL,HEADSET
2026-08-25T18:01:07.547Z,right,wrist_1_joint,-39.225,0,-10.915,0,0,0.9967327,0.08077071,NULL,HEADSET
2026-08-25T18:01:07.547Z,right,wrist_2_joint,0,-9.465002,0,0,0.4114536,0,0.9114307,NULL,HEADSET
2026-08-25T18:01:07.547Z,right,wrist_3_joint,0,0,-8.23,0,0,-0.4980191,0.867166,NULL,HEADSET
2026-08-25T18:01:07.547Z,right,gripper,NULL,NULL,NULL,0,0,0,1,0.3906732,HEADSET
2026-08-25T18:01:07.566Z,right,endEffector,0.2763365,0.0905963,0.5045805,0.5083906,-0.1274122,-0.794034,0.3079211,NULL,HEADSET
2026-08-25T18:01:07.566Z,right,base,0.29835,-0.5132052,0.7555659,0.05129239,0.9633315,-0.05025408,0.2585266,NULL,HEADSET
2026-08-25T18:01:07.566Z,right,shoulder_pan_joint,0,8.9159,0,0,-0.6370866,0,0.7707922,NULL,HEADSET
2026-08-25T18:01:07.566Z,right,shoulder_lift_joint,NULL,NULL,NULL,0,0,-0.5758775,0.817536,NULL,HEADSET
2026-08-25T18:01:07.566Z,right,elbow_joint,-42.5,0,0,0,0,-0.5940652,0.8044169,NULL,HEADSET
2026-08-25T18:01:07.566Z,right,wrist_1_joint,-39.225,0,-10.915,0,0,0.9966712,0.08152626,NULL,HEADSET
2026-08-25T18:01:07.566Z,right,wrist_2_joint,0,-9.465002,0,0,0.4114568,0,0.9114293,NULL,HEADSET
2026-08-25T18:01:07.566Z,right,wrist_3_joint,0,0,-8.23,0,0,-0.4972171,0.8676262,NULL,HEADSET
2026-08-25T18:01:07.566Z,right,gripper,NULL,NULL,NULL,0,0,0,1,0.3901483,HEADSET
2026-08-25T18:01:07.588Z,right,endEffector,0.2769326,0.09036744,0.5048485,0.5083935,-0.1277997,-0.794393,0.3068273,NULL,HEADSET
2026-08-25T18:01:07.588Z,right,base,0.2981742,-0.5131484,0.7559596,0.05157465,0.963344,-0.05057788,0.2583604,NULL,HEADSET
2026-08-25T18:01:07.588Z,right,shoulder_pan_joint,0,8.9159,0,0,-0.6373508,0,0.7705738,NULL,HEADSET
2026-08-25T18:01:07.588Z,right,shoulder_lift_joint,NULL,NULL,NULL,0,0,-0.5761359,0.817354,NULL,HEADSET
2026-08-25T18:01:07.588Z,right,elbow_joint,-42.5,0,0,0,0,-0.5939056,0.8045347,NULL,HEADSET
2026-08-25T18:01:07.588Z,right,wrist_1_joint,-39.225,0,-10.915,0,0,0.9966074,0.08230231,NULL,HEADSET
2026-08-25T18:01:07.588Z,right,wrist_2_joint,0,-9.465002,0,0,0.4115072,0,0.9114065,NULL,HEADSET
2026-08-25T18:01:07.588Z,right,wrist_3_joint,0,0,-8.23,0,0,-0.4963742,0.8681087,NULL,HEADSET
2026-08-25T18:01:07.588Z,right,gripper,NULL,NULL,NULL,0,0,0,1,0.3900632,HEADSET
2026-08-25T18:01:07.607Z,right,endEffector,0.2777165,0.0887484,0.504595,0.5090691,-0.1269889,-0.7951567,0.3040531,NULL,HEADSET
2026-08-25T18:01:07.607Z,right,base,0.298826,-0.5148634,0.7552149,0.05175314,0.9635276,-0.04989427,0.2577728,NULL,HEADSET
2026-08-25T18:01:07.607Z,right,shoulder_pan_joint,0,8.9159,0,0,-0.6376465,0,0.7703291,NULL,HEADSET
2026-08-25T18:01:07.607Z,right,shoulder_lift_joint,NULL,NULL,NULL,0,0,-0.5763729,0.8171868,NULL,HEADSET
2026-08-25T18:01:07.607Z,right,elbow_joint,-42.5,0,0,0,0,-0.5937669,0.8046371,NULL,HEADSET
2026-08-25T18:01:07.607Z,right,wrist_1_joint,-39.225,0,-10.915,0,0,0.9965432,0.08307599,NULL,HEADSET
2026-08-25T18:01:07.607Z,right,wrist_2_joint,0,-9.465002,0,0,0.411584,0,0.9113718,NULL,HEADSET
2026-08-25T18:01:07.607Z,right,wrist_3_joint,0,0,-8.23,0,0,-0.4955142,0.8685998,NULL,HEADSET
2026-08-25T18:01:07.607Z,right,gripper,NULL,NULL,NULL,0,0,0,1,0.3889091,HEADSET
2026-08-25T18:01:07.632Z,right,endEffector,0.2783321,0.08803832,0.5048073,0.5095354,-0.1254513,-0.7953283,0.3034613,NULL,HEADSET
2026-08-25T18:01:07.632Z,right,base,0.3003351,-0.515833,0.7540171,0.05107419,0.9637367,-0.0487231,0.2573505,NULL,HEADSET
2026-08-25T18:01:07.632Z,right,shoulder_pan_joint,0,8.9159,0,0,-0.6382571,0,0.7698233,NULL,HEADSET
2026-08-25T18:01:07.632Z,right,shoulder_lift_joint,NULL,NULL,NULL,0,0,-0.5768398,0.8168573,NULL,HEADSET
2026-08-25T18:01:07.632Z,right,elbow_joint,-42.5,0,0,0,0,-0.5935245,0.8048159,NULL,HEADSET
2026-08-25T18:01:07.632Z,right,wrist_1_joint,-39.225,0,-10.915,0,0,0.9964178,0.08456743,NULL,HEADSET
2026-08-25T18:01:07.632Z,right,wrist_2_joint,0,-9.465002,0,0,0.4117129,0,0.9113137,NULL,HEADSET
2026-08-25T18:01:07.632Z,right,wrist_3_joint,0,0,-8.23,0,0,-0.4937215,0.8696201,NULL,HEADSET
2026-08-25T18:01:07.632Z,right,gripper,NULL,NULL,NULL,0,0,0,1,0.3876947,HEADSET
2026-08-25T18:01:07.650Z,right,endEffector,0.278377,0.0878889,0.5056046,0.5086102,-0.1254193,-0.7957007,0.3040496,NULL,HEADSET
2026-08-25T18:01:07.650Z,right,base,0.300523,-0.5160465,0.7537153,0.05072978,0.9637917,-0.04787885,0.2573705,NULL,HEADSET
2026-08-25T18:01:07.650Z,right,shoulder_pan_joint,0,8.9159,0,0,-0.6385903,0,0.7695469,NULL,HEADSET
2026-08-25T18:01:07.650Z,right,shoulder_lift_joint,NULL,NULL,NULL,0,0,-0.5770459,0.8167117,NULL,HEADSET
2026-08-25T18:01:07.650Z,right,elbow_joint,-42.5,0,0,0,0,-0.5934266,0.8048881,NULL,HEADSET
2026-08-25T18:01:07.650Z,right,wrist_1_joint,-39.225,0,-10.915,0,0,0.996355,0.085304,NULL,HEADSET
2026-08-25T18:01:07.650Z,right,wrist_2_joint,0,-9.465002,0,0,0.411806,0,0.9112715,NULL,HEADSET
2026-08-25T18:01:07.650Z,right,wrist_3_joint,0,0,-8.23,0,0,-0.4928151,0.8701341,NULL,HEADSET
2026-08-25T18:01:07.650Z,right,gripper,NULL,NULL,NULL,0,0,0,1,0.3912549,HEADSET
2026-08-25T18:01:07.673Z,right,endEffector,0.2783491,0.08805098,0.505551,0.5083217,-0.1265218,-0.7955108,0.3045716,NULL,HEADSET
2026-08-25T18:01:07.673Z,right,base,0.299677,-0.5154144,0.7545419,0.05093118,0.9636983,-0.04842045,0.2575791,NULL,HEADSET
2026-08-25T18:01:07.673Z,right,shoulder_pan_joint,0,8.9159,0,0,-0.6392993,0,0.768958,NULL,HEADSET
2026-08-25T18:01:07.673Z,right,shoulder_lift_joint,NULL,NULL,NULL,0,0,-0.5774284,0.8164414,NULL,HEADSET
2026-08-25T18:01:07.673Z,right,elbow_joint,-42.5,0,0,0,0,-0.5932708,0.8050029,NULL,HEADSET
2026-08-25T18:01:07.673Z,right,wrist_1_joint,-39.225,0,-10.915,0,0,0.9962235,0.08682625,NULL,HEADSET
2026-08-25T18:01:07.673Z,right,wrist_2_joint,0,-9.465002,0,0,0.4121057,0,0.911136,NULL,HEADSET
2026-08-25T18:01:07.673Z,right,wrist_3_joint,0,0,-8.23,0,0,-0.4910305,0.8711424,NULL,HEADSET
2026-08-25T18:01:07.673Z,right,gripper,NULL,NULL,NULL,0,0,0,1,0.3912555,HEADSET
2026-08-25T18:01:07.690Z,right,endEffector,0.2780293,0.08784507,0.5052627,0.5074584,-0.1268524,-0.7959412,0.3047493,NULL,HEADSET
2026-08-25T18:01:07.690Z,right,base,0.2989132,-0.5152155,0.7554578,0.0508235,0.9635854,-0.04864945,0.2579796,NULL,HEADSET
2026-08-25T18:01:07.690Z,right,shoulder_pan_joint,0,8.9159,0,0,-0.6396472,0,0.7686686,NULL,HEADSET
2026-08-25T18:01:07.690Z,right,shoulder_lift_joint,NULL,NULL,NULL,0,0,-0.5776237,0.8163032,NULL,HEADSET
2026-08-25T18:01:07.690Z,right,elbow_joint,-42.5,0,0,0,0,-0.5932021,0.8050536,NULL,HEADSET
2026-08-25T18:01:07.690Z,right,wrist_1_joint,-39.225,0,-10.915,0,0,0.9961576,0.08757866,NULL,HEADSET
2026-08-25T18:01:07.690Z,right,wrist_2_joint,0,-9.465002,0,0,0.4122641,0,0.9110644,NULL,HEADSET
2026-08-25T18:01:07.690Z,right,wrist_3_joint,0,0,-8.23,0,0,-0.4901625,0.8716311,NULL,HEADSET
2026-08-25T18:01:07.690Z,right,gripper,NULL,NULL,NULL,0,0,0,1,0.3918716,HEADSET
2026-08-25T18:01:07.715Z,right,endEffector,0.2780785,0.08764917,0.5052184,0.5075369,-0.1263388,-0.7958291,0.3051245,NULL,HEADSET
2026-08-25T18:01:07.715Z,right,base,0.2992381,-0.5154013,0.7554891,0.050488,0.9636041,-0.04839149,0.2580238,NULL,HEADSET
2026-08-25T18:01:07.715Z,right,shoulder_pan_joint,0,8.9159,0,0,-0.6405783,0,0.7678928,NULL,HEADSET
2026-08-25T18:01:07.715Z,right,shoulder_lift_joint,NULL,NULL,NULL,0,0,-0.5783028,0.8158222,NULL,HEADSET
2026-08-25T18:01:07.715Z,right,elbow_joint,-42.5,0,0,0,0,-0.592972,0.805223,NULL,HEADSET
2026-08-25T18:01:07.715Z,right,wrist_1_joint,-39.225,0,-10.915,0,0,0.9959629,0.08976679,NULL,HEADSET
2026-08-25T18:01:07.715Z,right,wrist_2_joint,0,-9.465002,0,0,0.4127532,0,0.9108429,NULL,HEADSET
2026-08-25T18:01:07.715Z,right,wrist_3_joint,0,0,-8.23,0,0,-0.4876016,0.8730663,NULL,HEADSET
2026-08-25T18:01:07.715Z,right,gripper,NULL,NULL,NULL,0,0,0,1,0.3908331,HEADSET
2026-08-25T18:01:07.733Z,right,endEffector,0.2782196,0.08796009,0.505354,0.5078366,-0.1250525,-0.795651,0.3056197,NULL,HEADSET
2026-08-25T18:01:07.733Z,right,base,0.3000782,-0.5155366,0.7551827,0.04969371,0.9636815,-0.04764792,0.2580275,NULL,HEADSET
2026-08-25T18:01:07.733Z,right,shoulder_pan_joint,0,8.9159,0,0,-0.6408638,0,0.7676546,NULL,HEADSET
2026-08-25T18:01:07.733Z,right,shoulder_lift_joint,NULL,NULL,NULL,0,0,-0.5785285,0.8156621,NULL,HEADSET
2026-08-25T18:01:07.733Z,right,elbow_joint,-42.5,0,0,0,0,-0.5928954,0.8052796,NULL,HEADSET
2026-08-25T18:01:07.733Z,right,wrist_1_joint,-39.225,0,-10.915,0,0,0.9958991,0.09047157,NULL,HEADSET
2026-08-25T18:01:07.733Z,right,wrist_2_joint,0,-9.465002,0,0,0.4129108,0,0.9107715,NULL,HEADSET
2026-08-25T18:01:07.733Z,right,wrist_3_joint,0,0,-8.23,0,0,-0.4867706,0.8735299,NULL,HEADSET
2026-08-25T18:01:07.733Z,right,gripper,NULL,NULL,NULL,0,0,0,1,0.3906347,HEADSET
2026-08-25T18:01:07.756Z,right,endEffector,0.2782213,0.08883952,0.5054906,0.5079675,-0.1248423,-0.7958336,0.3050122,NULL,HEADSET
2026-08-25T18:01:07.756Z,right,base,0.2999098,-0.5146947,0.7556786,0.04952069,0.9636389,-0.04784608,0.2581831,NULL,HEADSET
2026-08-25T18:01:07.756Z,right,shoulder_pan_joint,0,8.9159,0,0,-0.6414549,0,0.7671608,NULL,HEADSET
2026-08-25T18:01:07.756Z,right,shoulder_lift_joint,NULL,NULL,NULL,0,0,-0.578982,0.8153404,NULL,HEADSET
2026-08-25T18:01:07.756Z,right,elbow_joint,-42.5,0,0,0,0,-0.592696,0.8054262,NULL,HEADSET
2026-08-25T18:01:07.756Z,right,wrist_1_joint,-39.225,0,-10.915,0,0,0.9957718,0.09186158,NULL,HEADSET
2026-08-25T18:01:07.756Z,right,wrist_2_joint,0,-9.465002,0,0,0.4132608,0,0.9106127,NULL,HEADSET
2026-08-25T18:01:07.756Z,right,wrist_3_joint,0,0,-8.23,0,0,-0.485132,0.874441,NULL,HEADSET
2026-08-25T18:01:07.756Z,right,gripper,NULL,NULL,NULL,0,0,0,1,0.3905546,HEADSET
2026-08-25T18:01:07.774Z,right,endEffector,0.2789336,0.09012873,0.5051546,0.5073231,-0.1261769,-0.7959493,0.3052334,NULL,HEADSET
2026-08-25T18:01:07.774Z,right,base,0.2990016,-0.5134838,0.757078,0.04989222,0.9635521,-0.0490208,0.2582152,NULL,HEADSET
2026-08-25T18:01:07.774Z,right,shoulder_pan_joint,0,8.9159,0,0,-0.6417458,0,0.7669174,NULL,HEADSET
2026-08-25T18:01:07.774Z,right,shoulder_lift_joint,NULL,NULL,NULL,0,0,-0.5792034,0.815183,NULL,HEADSET
2026-08-25T18:01:07.774Z,right,elbow_joint,-42.5,0,0,0,0,-0.5925854,0.8055077,NULL,HEADSET
2026-08-25T18:01:07.774Z,right,wrist_1_joint,-39.225,0,-10.915,0,0,0.9957085,0.09254583,NULL,HEADSET
2026-08-25T18:01:07.774Z,right,wrist_2_joint,0,-9.465002,0,0,0.4134382,0,0.9105322,NULL,HEADSET
2026-08-25T18:01:07.774Z,right,wrist_3_joint,0,0,-8.23,0,0,-0.4843096,0.8748966,NULL,HEADSET
2026-08-25T18:01:07.774Z,right,gripper,NULL,NULL,NULL,0,0,0,1,0.3900996,HEADSET
2026-08-25T18:01:07.798Z,right,endEffector,0.2792726,0.09075581,0.5045023,0.5069329,-0.1267933,-0.7960455,0.3053753,NULL,HEADSET
2026-08-25T18:01:07.798Z,right,base,0.2991537,-0.5127479,0.7577592,0.0496365,0.9635471,-0.04950884,0.2581905,NULL,HEADSET
2026-08-25T18:01:07.798Z,right,shoulder_pan_joint,0,8.9159,0,0,-0.6426761,0,0.7661381,NULL,HEADSET
2026-08-25T18:01:07.798Z,right,shoulder_lift_joint,NULL,NULL,NULL,0,0,-0.5799248,0.81467,NULL,HEADSET
2026-08-25T18:01:07.798Z,right,elbow_joint,-42.5,0,0,0,0,-0.59209,0.8058719,NULL,HEADSET
2026-08-25T18:01:07.798Z,right,wrist_1_joint,-39.225,0,-10.915,0,0,0.9955131,0.09462327,NULL,HEADSET
2026-08-25T18:01:07.798Z,right,wrist_2_joint,0,-9.465002,0,0,0.4140387,0,0.9102592,NULL,HEADSET
2026-08-25T18:01:07.798Z,right,wrist_3_joint,0,0,-8.23,0,0,-0.4819152,0.8762178,NULL,HEADSET
2026-08-25T18:01:07.798Z,right,gripper,NULL,NULL,NULL,0,0,0,1,0.3898947,HEADSET
2026-08-25T18:01:07.817Z,right,endEffector,0.280007,0.09185945,0.5021717,0.5059468,-0.1272914,-0.7966943,0.3051113,NULL,HEADSET
2026-08-25T18:01:07.817Z,right,base,0.2998386,-0.5116152,0.758336,0.04908865,0.9636175,-0.04997166,0.2579428,NULL,HEADSET
2026-08-25T18:01:07.817Z,right,shoulder_pan_joint,0,8.9159,0,0,-0.6434913,0,0.7654535,NULL,HEADSET
2026-08-25T18:01:07.817Z,right,shoulder_lift_joint,NULL,NULL,NULL,0,0,-0.5806915,0.8141237,NULL,HEADSET
2026-08-25T18:01:07.817Z,right,elbow_joint,-42.5,0,0,0,0,-0.5915475,0.8062701,NULL,HEADSET
2026-08-25T18:01:07.817Z,right,wrist_1_joint,-39.225,0,-10.915,0,0,0.9953191,0.09664289,NULL,HEADSET
2026-08-25T18:01:07.817Z,right,wrist_2_joint,0,-9.465002,0,0,0.4145712,0,0.9100169,NULL,HEADSET
2026-08-25T18:01:07.817Z,right,wrist_3_joint,0,0,-8.23,0,0,-0.4796055,0.8774843,NULL,HEADSET
2026-08-25T18:01:07.817Z,right,gripper,NULL,NULL,NULL,0,0,0,1,0.3902458,HEADSET
2026-08-25T18:01:07.840Z,right,endEffector,0.2798982,0.09235751,0.500562,0.5058994,-0.1274985,-0.7966412,0.3052415,NULL,HEADSET
2026-08-25T18:01:07.840Z,right,base,0.2995346,-0.5112857,0.7586402,0.04890596,0.9635636,-0.05001055,0.2581713,NULL,HEADSET
2026-08-25T18:01:07.840Z,right,shoulder_pan_joint,0,8.9159,0,0,-0.6448691,0,0.7642931,NULL,HEADSET
2026-08-25T18:01:07.840Z,right,shoulder_lift_joint,NULL,NULL,NULL,0,0,-0.5829131,0.8125346,NULL,HEADSET
2026-08-25T18:01:07.840Z,right,elbow_joint,-42.5,0,0,0,0,-0.5899489,0.8074406,NULL,HEADSET
2026-08-25T18:01:07.840Z,right,wrist_1_joint,-39.225,0,-10.915,0,0,0.994883,0.1010339,NULL,HEADSET
2026-08-25T18:01:07.840Z,right,wrist_2_joint,0,-9.465002,0,0,0.4154519,0,0.9096152,NULL,HEADSET
2026-08-25T18:01:07.840Z,right,wrist_3_joint,0,0,-8.23,0,0,-0.474465,0.8802744,NULL,HEADSET
2026-08-25T18:01:07.840Z,right,gripper,NULL,NULL,NULL,0,0,0,1,0.390178,HEADSET
2026-08-25T18:01:07.859Z,right,endEffector,0.2797833,0.09332602,0.4994662,0.5065508,-0.1276733,-0.7964988,0.3044592,NULL,HEADSET
2026-08-25T18:01:07.859Z,right,base,0.2987771,-0.5106627,0.7594816,0.04885848,0.9634493,-0.05032726,0.2585449,NULL,HEADSET
2026-08-25T18:01:07.859Z,right,shoulder_pan_joint,0,8.9159,0,0,-0.6455169,0,0.763746,NULL,HEADSET
2026-08-25T18:01:07.859Z,right,shoulder_lift_joint,NULL,NULL,NULL,0,0,-0.5849091,0.8110988,NULL,HEADSET
2026-08-25T18:01:07.859Z,right,elbow_joint,-42.5,0,0,0,0,-0.5885264,0.8084781,NULL,HEADSET
2026-08-25T18:01:07.859Z,right,wrist_1_joint,-39.225,0,-10.915,0,0,0.9945313,0.1044392,NULL,HEADSET
2026-08-25T18:01:07.859Z,right,wrist_2_joint,0,-9.465002,0,0,0.4158433,0,0.9094363,NULL,HEADSET
2026-08-25T18:01:07.859Z,right,wrist_3_joint,0,0,-8.23,0,0,-0.470472,0.8824149,NULL,HEADSET
2026-08-25T18:01:07.859Z,right,gripper,NULL,NULL,NULL,0,0,0,1,0.3868552,HEADSET
2026-08-25T18:01:07.880Z,right,endEffector,0.2795971,0.09398518,0.4991772,0.5069473,-0.1281238,-0.7963436,0.3040158,NULL,HEADSET
2026-08-25T18:01:07.880Z,right,base,0.2980337,-0.5102507,0.7600841,0.04898832,0.9633571,-0.05065491,0.2587997,NULL,HEADSET
2026-08-25T18:01:07.880Z,right,shoulder_pan_joint,0,8.9159,0,0,-0.645862,0,0.7634541,NULL,HEADSET
2026-08-25T18:01:07.880Z,right,shoulder_lift_joint,NULL,NULL,NULL,0,0,-0.5866101,0.8098695,NULL,HEADSET
2026-08-25T18:01:07.880Z,right,elbow_joint,-42.5,0,0,0,0,-0.5872069,0.8094369,NULL,HEADSET
2026-08-25T18:01:07.880Z,right,wrist_1_joint,-39.225,0,-10.915,0,0,0.9942539,0.1070477,NULL,HEADSET
2026-08-25T18:01:07.880Z,right,wrist_2_joint,0,-9.465002,0,0,0.415961,0,0.9093825,NULL,HEADSET
2026-08-25T18:01:07.880Z,right,wrist_3_joint,0,0,-8.23,0,0,-0.4673386,0.8840784,NULL,HEADSET
2026-08-25T18:01:07.880Z,right,gripper,NULL,NULL,NULL,0,0,0,1,0.3861288,HEADSET
2026-08-25T18:01:07.902Z,right,endEffector,0.279171,0.09502511,0.4990952,0.5081562,-0.1283353,-0.7959515,0.3029332,NULL,HEADSET
2026-08-25T18:01:07.902Z,right,base,0.2973611,-0.5094222,0.761094,0.04878391,0.9632565,-0.05115469,0.2591144,NULL,HEADSET
2026-08-25T18:01:07.902Z,right,shoulder_pan_joint,0,8.9159,0,0,-0.6459721,0,0.763361,NULL,HEADSET
2026-08-25T18:01:07.902Z,right,shoulder_lift_joint,NULL,NULL,NULL,0,0,-0.5872615,0.8093973,NULL,HEADSET
2026-08-25T18:01:07.902Z,right,elbow_joint,-42.5,0,0,0,0,-0.5866676,0.8098279,NULL,HEADSET
2026-08-25T18:01:07.902Z,right,wrist_1_joint,-39.225,0,-10.915,0,0,0.9941443,0.1080608,NULL,HEADSET
2026-08-25T18:01:07.902Z,right,wrist_2_joint,0,-9.465002,0,0,0.4159758,0,0.9093757,NULL,HEADSET
2026-08-25T18:01:07.902Z,right,wrist_3_joint,0,0,-8.23,0,0,-0.4661404,0.8847108,NULL,HEADSET
2026-08-25T18:01:07.902Z,right,gripper,NULL,NULL,NULL,0,0,0,1,0.3836265,HEADSET
2026-08-25T18:01:07.929Z,right,endEffector,0.278923,0.09530729,0.4992832,0.5095731,-0.1277766,-0.7954299,0.3021586,NULL,HEADSET
2026-08-25T18:01:07.929Z,right,base,0.2972352,-0.5093413,0.7613263,0.04848308,0.9632019,-0.05100715,0.2594025,NULL,HEADSET
2026-08-25T18:01:07.929Z,right,shoulder_pan_joint,0,8.9159,0,0,-0.6460851,0,0.7632654,NULL,HEADSET
2026-08-25T18:01:07.929Z,right,shoulder_lift_joint,NULL,NULL,NULL,0,0,-0.587903,0.8089315,NULL,HEADSET
2026-08-25T18:01:07.929Z,right,elbow_joint,-42.5,0,0,0,0,-0.5860839,0.8102504,NULL,HEADSET
2026-08-25T18:01:07.929Z,right,wrist_1_joint,-39.225,0,-10.915,0,0,0.994037,0.1090434,NULL,HEADSET
2026-08-25T18:01:07.929Z,right,wrist_2_joint,0,-9.465002,0,0,0.4159335,0,0.909395,NULL,HEADSET
2026-08-25T18:01:07.929Z,right,wrist_3_joint,0,0,-8.23,0,0,-0.4649366,0.885344,NULL,HEADSET
2026-08-25T18:01:07.929Z,right,gripper,NULL,NULL,NULL,0,0,0,1,0.380133,HEADSET
2026-08-25T18:01:07.942Z,right,endEffector,0.2784669,0.09622942,0.499288,0.5096628,-0.128058,-0.7949622,0.3031172,NULL,HEADSET
2026-08-25T18:01:07.942Z,right,base,0.2974077,-0.5084151,0.762097,0.04779798,0.9631691,-0.05116849,0.2596198,NULL,HEADSET
2026-08-25T18:01:07.942Z,right,shoulder_pan_joint,0,8.9159,0,0,-0.6461513,0,0.7632093,NULL,HEADSET
2026-08-25T18:01:07.942Z,right,shoulder_lift_joint,NULL,NULL,NULL,0,0,-0.5882046,0.8087122,NULL,HEADSET
2026-08-25T18:01:07.942Z,right,elbow_joint,-42.5,0,0,0,0,-0.5857981,0.810457,NULL,HEADSET
2026-08-25T18:01:07.942Z,right,wrist_1_joint,-39.225,0,-10.915,0,0,0.9939851,0.1095153,NULL,HEADSET
2026-08-25T18:01:07.942Z,right,wrist_2_joint,0,-9.465002,0,0,0.4158987,0,0.909411,NULL,HEADSET
2026-08-25T18:01:07.942Z,right,wrist_3_joint,0,0,-8.23,0,0,-0.4643305,0.8856621,NULL,HEADSET
2026-08-25T18:01:07.942Z,right,gripper,NULL,NULL,NULL,0,0,0,1,0.3809392,HEADSET
2026-08-25T18:01:07.967Z,right,endEffector,0.2784419,0.09644864,0.4983242,0.5092335,-0.1282668,-0.7948729,0.3039835,NULL,HEADSET
2026-08-25T18:01:07.967Z,right,base,0.2980177,-0.5081269,0.762015,0.04750527,0.9632568,-0.05107085,0.2593672,NULL,HEADSET
2026-08-25T18:01:07.967Z,right,shoulder_pan_joint,0,8.9159,0,0,-0.6462582,0,0.7631189,NULL,HEADSET
2026-08-25T18:01:07.967Z,right,shoulder_lift_joint,NULL,NULL,NULL,0,0,-0.5888132,0.8082691,NULL,HEADSET
2026-08-25T18:01:07.967Z,right,elbow_joint,-42.5,0,0,0,0,-0.5852147,0.8108784,NULL,HEADSET
2026-08-25T18:01:07.967Z,right,wrist_1_joint,-39.225,0,-10.915,0,0,0.9938811,0.1104555,NULL,HEADSET
2026-08-25T18:01:07.967Z,right,wrist_2_joint,0,-9.465002,0,0,0.4158107,0,0.9094512,NULL,HEADSET
2026-08-25T18:01:07.967Z,right,wrist_3_joint,0,0,-8.23,0,0,-0.4631664,0.8862714,NULL,HEADSET
2026-08-25T18:01:07.967Z,right,gripper,NULL,NULL,NULL,0,0,0,1,0.3817974,HEADSET
2026-08-25T18:01:07.981Z,right,endEffector,0.2779682,0.0966343,0.4974234,0.5103651,-0.1277495,-0.7950007,0.3019624,NULL,HEADSET
2026-08-25T18:01:07.981Z,right,base,0.2978351,-0.5077459,0.7624184,0.04736036,0.9632607,-0.05120931,0.2593516,NULL,HEADSET
2026-08-25T18:01:07.981Z,right,shoulder_pan_joint,0,8.9159,0,0,-0.6462774,0,0.7631026,NULL,HEADSET
2026-08-25T18:01:07.981Z,right,shoulder_lift_joint,NULL,NULL,NULL,0,0,-0.5894639,0.8077947,NULL,HEADSET
2026-08-25T18:01:07.981Z,right,elbow_joint,-42.5,0,0,0,0,-0.5846398,0.8112929,NULL,HEADSET
2026-08-25T18:01:07.981Z,right,wrist_1_joint,-39.225,0,-10.915,0,0,0.9937806,0.1113562,NULL,HEADSET
2026-08-25T18:01:07.981Z,right,wrist_2_joint,0,-9.465002,0,0,0.4156604,0,0.9095199,NULL,HEADSET
2026-08-25T18:01:07.981Z,right,wrist_3_joint,0,0,-8.23,0,0,-0.4620728,0.886842,NULL,HEADSET
2026-08-25T18:01:07.981Z,right,gripper,NULL,NULL,NULL,0,0,0,1,0.3797678,HEADSET
2026-08-25T18:01:08.005Z,right,endEffector,0.2777846,0.09660481,0.4973028,0.5113993,-0.1281067,-0.794585,0.3011544,NULL,HEADSET
2026-08-25T18:01:08.005Z,right,base,0.2976177,-0.5076557,0.7626493,0.04731764,0.9632332,-0.05126316,0.2594512,NULL,HEADSET
2026-08-25T18:01:08.005Z,right,shoulder_pan_joint,0,8.9159,0,0,-0.6461708,0,0.7631928,NULL,HEADSET
2026-08-25T18:01:08.005Z,right,shoulder_lift_joint,NULL,NULL,NULL,0,0,-0.5907696,0.8068402,NULL,HEADSET
2026-08-25T18:01:08.005Z,right,elbow_joint,-42.5,0,0,0,0,-0.58357,0.8120629,NULL,HEADSET
2026-08-25T18:01:08.005Z,right,wrist_1_joint,-39.225,0,-10.915,0,0,0.9936016,0.1129425,NULL,HEADSET
2026-08-25T18:01:08.005Z,right,wrist_2_joint,0,-9.465002,0,0,0.4151445,0,0.9097555,NULL,HEADSET
2026-08-25T18:01:08.005Z,right,wrist_3_joint,0,0,-8.23,0,0,-0.4598279,0.8880081,NULL,HEADSET
2026-08-25T18:01:08.005Z,right,gripper,NULL,NULL,NULL,0,0,0,1,0.3788289,HEADSET
2026-08-25T18:01:08.023Z,right,endEffector,0.2779968,0.09689328,0.4978401,0.5119539,-0.1280628,-0.7943226,0.3009234,NULL,HEADSET
2026-08-25T18:01:08.023Z,right,base,0.2978997,-0.5072152,0.7630099,0.04675908,0.9632233,-0.05122282,0.2595973,NULL,HEADSET
2026-08-25T18:01:08.023Z,right,shoulder_pan_joint,0,8.9159,0,0,-0.6461494,0,0.763211,NULL,HEADSET
2026-08-25T18:01:08.023Z,right,shoulder_lift_joint,NULL,NULL,NULL,0,0,-0.5910683,0.8066215,NULL,HEADSET
2026-08-25T18:01:08.023Z,right,elbow_joint,-42.5,0,0,0,0,-0.5833351,0.8122317,NULL,HEADSET
2026-08-25T18:01:08.023Z,right,wrist_1_joint,-39.225,0,-10.915,0,0,0.9935582,0.1133237,NULL,HEADSET
2026-08-25T18:01:08.023Z,right,wrist_2_joint,0,-9.465002,0,0,0.415,0,0.9098215,NULL,HEADSET
2026-08-25T18:01:08.023Z,right,wrist_3_joint,0,0,-8.23,0,0,-0.4592746,0.8882943,NULL,HEADSET
2026-08-25T18:01:08.023Z,right,gripper,NULL,NULL,NULL,0,0,0,1,0.3779205,HEADSET
2026-08-25T18:01:08.046Z,right,endEffector,0.2786781,0.09669632,0.4979416,0.5131556,-0.1276624,-0.7940356,0.2998021,NULL,HEADSET
2026-08-25T18:01:08.046Z,right,base,0.2981229,-0.5074093,0.7628816,0.04690881,0.9632949,-0.05121834,0.2593055,NULL,HEADSET
2026-08-25T18:01:08.046Z,right,shoulder_pan_joint,0,8.9159,0,0,-0.6461494,0,0.763211,NULL,HEADSET
2026-08-25T18:01:08.046Z,right,shoulder_lift_joint,NULL,NULL,NULL,0,0,-0.5910683,0.8066215,NULL,HEADSET
2026-08-25T18:01:08.046Z,right,elbow_joint,-42.5,0,0,0,0,-0.5833351,0.8122317,NULL,HEADSET
2026-08-25T18:01:08.046Z,right,wrist_1_joint,-39.225,0,-10.915,0,0,0.9935582,0.1133237,NULL,HEADSET
2026-08-25T18:01:08.046Z,right,wrist_2_joint,0,-9.465002,0,0,0.415,0,0.9098215,NULL,HEADSET
2026-08-25T18:01:08.046Z,right,wrist_3_joint,0,0,-8.23,0,0,-0.4592746,0.8882943,NULL,HEADSET
2026-08-25T18:01:08.046Z,right,gripper,NULL,NULL,NULL,0,0,0,1,0.3719829,HEADSET
2026-08-25T18:01:08.065Z,right,endEffector,0.2794756,0.09688445,0.4981252,0.5127308,-0.1275378,-0.7944196,0.2995642,NULL,HEADSET
2026-08-25T18:01:08.065Z,right,base,0.2992839,-0.5071218,0.7625391,0.04644858,0.96349,-0.05108739,0.2586881,NULL,HEADSET
2026-08-25T18:01:08.065Z,right,shoulder_pan_joint,0,8.9159,0,0,-0.6461494,0,0.763211,NULL,HEADSET
2026-08-25T18:01:08.065Z,right,shoulder_lift_joint,NULL,NULL,NULL,0,0,-0.5910683,0.8066215,NULL,HEADSET
2026-08-25T18:01:08.065Z,right,elbow_joint,-42.5,0,0,0,0,-0.5833351,0.8122317,NULL,HEADSET
2026-08-25T18:01:08.065Z,right,wrist_1_joint,-39.225,0,-10.915,0,0,0.9935582,0.1133237,NULL,HEADSET
2026-08-25T18:01:08.065Z,right,wrist_2_joint,0,-9.465002,0,0,0.415,0,0.9098215,NULL,HEADSET
2026-08-25T18:01:08.065Z,right,wrist_3_joint,0,0,-8.23,0,0,-0.4592746,0.8882943,NULL,HEADSET
2026-08-25T18:01:08.065Z,right,gripper,NULL,NULL,NULL,0,0,0,1,0.3719121,HEADSET
2026-08-25T18:01:08.088Z,right,endEffector,0.2798058,0.09690989,0.4983903,0.5128352,-0.1275297,-0.7945371,0.2990771,NULL,HEADSET
2026-08-25T18:01:08.088Z,right,base,0.2992623,-0.5069339,0.7625682,0.04640311,0.9635071,-0.05115636,0.2586193,NULL,HEADSET
2026-08-25T18:01:08.088Z,right,shoulder_pan_joint,0,8.9159,0,0,-0.6461494,0,0.763211,NULL,HEADSET
2026-08-25T18:01:08.088Z,right,shoulder_lift_joint,NULL,NULL,NULL,0,0,-0.5910683,0.8066215,NULL,HEADSET
2026-08-25T18:01:08.088Z,right,elbow_joint,-42.5,0,0,0,0,-0.5833351,0.8122317,NULL,HEADSET
2026-08-25T18:01:08.088Z,right,wrist_1_joint,-39.225,0,-10.915,0,0,0.9935582,0.1133237,NULL,HEADSET
2026-08-25T18:01:08.088Z,right,wrist_2_joint,0,-9.465002,0,0,0.415,0,0.9098215,NULL,HEADSET
2026-08-25T18:01:08.088Z,right,wrist_3_joint,0,0,-8.23,0,0,-0.4592746,0.8882943,NULL,HEADSET
2026-08-25T18:01:08.088Z,right,gripper,NULL,NULL,NULL,0,0,0,1,0.3702186,HEADSET
2026-08-25T18:01:08.106Z,right,endEffector,0.2801492,0.09686896,0.4983331,0.5117785,-0.1278315,-0.7950209,0.2994726,NULL,HEADSET
2026-08-25T18:01:08.106Z,right,base,0.2994591,-0.5066183,0.7627294,0.04624297,0.9635586,-0.05131024,0.2584252,NULL,HEADSET
2026-08-25T18:01:08.106Z,right,shoulder_pan_joint,0,8.9159,0,0,-0.6461494,0,0.763211,NULL,HEADSET
2026-08-25T18:01:08.106Z,right,shoulder_lift_joint,NULL,NULL,NULL,0,0,-0.5910683,0.8066215,NULL,HEADSET
2026-08-25T18:01:08.106Z,right,elbow_joint,-42.5,0,0,0,0,-0.5833351,0.8122317,NULL,HEADSET
2026-08-25T18:01:08.106Z,right,wrist_1_joint,-39.225,0,-10.915,0,0,0.9935582,0.1133237,NULL,HEADSET
2026-08-25T18:01:08.106Z,right,wrist_2_joint,0,-9.465002,0,0,0.415,0,0.9098215,NULL,HEADSET
2026-08-25T18:01:08.106Z,right,wrist_3_joint,0,0,-8.23,0,0,-0.4592746,0.8882943,NULL,HEADSET
2026-08-25T18:01:08.106Z,right,gripper,NULL,NULL,NULL,0,0,0,1,0.3722018,HEADSET
2026-08-25T18:01:08.130Z,right,endEffector,0.2803636,0.09718375,0.4980751,0.5117889,-0.1279048,-0.7950861,0.2992502,NULL,HEADSET
2026-08-25T18:01:08.130Z,right,base,0.2994907,-0.5059717,0.7630059,0.04621399,0.9635704,-0.05166796,0.2583153,NULL,HEADSET
2026-08-25T18:01:08.130Z,right,shoulder_pan_joint,0,8.9159,0,0,-0.6461494,0,0.763211,NULL,HEADSET
2026-08-25T18:01:08.130Z,right,shoulder_lift_joint,NULL,NULL,NULL,0,0,-0.5910683,0.8066215,NULL,HEADSET
2026-08-25T18:01:08.130Z,right,elbow_joint,-42.5,0,0,0,0,-0.5833351,0.8122317,NULL,HEADSET
2026-08-25T18:01:08.130Z,right,wrist_1_joint,-39.225,0,-10.915,0,0,0.9935582,0.1133237,NULL,HEADSET
2026-08-25T18:01:08.130Z,right,wrist_2_joint,0,-9.465002,0,0,0.415,0,0.9098215,NULL,HEADSET
2026-08-25T18:01:08.130Z,right,wrist_3_joint,0,0,-8.23,0,0,-0.4592746,0.8882943,NULL,HEADSET
2026-08-25T18:01:08.130Z,right,gripper,NULL,NULL,NULL,0,0,0,1,0.3725814,HEADSET
2026-08-25T18:01:08.148Z,right,endEffector,0.2809644,0.09770884,0.4978058,0.5113643,-0.128709,-0.7949435,0.3000094,NULL,HEADSET
2026-08-25T18:01:08.148Z,right,base,0.2994667,-0.5047054,0.7637203,0.04618988,0.9635995,-0.05248037,0.2580473,NULL,HEADSET
2026-08-25T18:01:08.148Z,right,shoulder_pan_joint,0,8.9159,0,0,-0.6463846,0,0.7630118,NULL,HEADSET
2026-08-25T18:01:08.148Z,right,shoulder_lift_joint,NULL,NULL,NULL,0,0,-0.5912718,0.8064724,NULL,HEADSET
2026-08-25T18:01:08.148Z,right,elbow_joint,-42.5,0,0,0,0,-0.5831853,0.8123391,NULL,HEADSET
2026-08-25T18:01:08.148Z,right,wrist_1_joint,-39.225,0,-10.915,0,0,0.9935111,0.1137351,NULL,HEADSET
2026-08-25T18:01:08.148Z,right,wrist_2_joint,0,-9.465002,0,0,0.4150418,0,0.9098024,NULL,HEADSET
2026-08-25T18:01:08.148Z,right,wrist_3_joint,0,0,-8.23,0,0,-0.458622,0.8886315,NULL,HEADSET
2026-08-25T18:01:08.148Z,right,gripper,NULL,NULL,NULL,0,0,0,1,0.3727022,HEADSET
2026-08-25T18:01:08.172Z,right,endEffector,0.2811183,0.09828515,0.4976287,0.5111136,-0.1293198,-0.7948811,0.3003384,NULL,HEADSET
2026-08-25T18:01:08.172Z,right,base,0.2994068,-0.5034183,0.7644958,0.04608749,0.9635883,-0.05320122,0.2579596,NULL,HEADSET
2026-08-25T18:01:08.172Z,right,shoulder_pan_joint,0,8.9159,0,0,-0.646909,0,0.7625673,NULL,HEADSET
2026-08-25T18:01:08.172Z,right,shoulder_lift_joint,NULL,NULL,NULL,0,0,-0.5916478,0.8061966,NULL,HEADSET
2026-08-25T18:01:08.172Z,right,elbow_joint,-42.5,0,0,0,0,-0.5829418,0.8125139,NULL,HEADSET
2026-08-25T18:01:08.172Z,right,wrist_1_joint,-39.225,0,-10.915,0,0,0.9934178,0.1145476,NULL,HEADSET
2026-08-25T18:01:08.172Z,right,wrist_2_joint,0,-9.465002,0,0,0.4151935,0,0.9097331,NULL,HEADSET
2026-08-25T18:01:08.172Z,right,wrist_3_joint,0,0,-8.23,0,0,-0.4573464,0.8892886,NULL,HEADSET
2026-08-25T18:01:08.172Z,right,gripper,NULL,NULL,NULL,0,0,0,1,0.3727021,HEADSET
2026-08-25T18:01:08.189Z,right,endEffector,0.2815241,0.1000541,0.4973041,0.5102856,-0.1301905,-0.7951222,0.3007325,NULL,HEADSET
2026-08-25T18:01:08.189Z,right,base,0.2995962,-0.5003139,0.7663626,0.0457174,0.9635788,-0.0549411,0.2576964,NULL,HEADSET
2026-08-25T18:01:08.189Z,right,shoulder_pan_joint,0,8.9159,0,0,-0.6471643,0,0.7623505,NULL,HEADSET
2026-08-25T18:01:08.189Z,right,shoulder_lift_joint,NULL,NULL,NULL,0,0,-0.5918241,0.8060672,NULL,HEADSET
2026-08-25T18:01:08.189Z,right,elbow_joint,-42.5,0,0,0,0,-0.5828488,0.8125806,NULL,HEADSET
2026-08-25T18:01:08.189Z,right,wrist_1_joint,-39.225,0,-10.915,0,0,0.9933723,0.1149411,NULL,HEADSET
2026-08-25T18:01:08.189Z,right,wrist_2_joint,0,-9.465002,0,0,0.4152746,0,0.9096961,NULL,HEADSET
2026-08-25T18:01:08.189Z,right,wrist_3_joint,0,0,-8.23,0,0,-0.4567182,0.8896115,NULL,HEADSET
2026-08-25T18:01:08.189Z,right,gripper,NULL,NULL,NULL,0,0,0,1,0.3719879,HEADSET
2026-08-25T18:01:08.213Z,right,endEffector,0.281979,0.1005928,0.4971838,0.50989,-0.130486,-0.795352,0.3006673,NULL,HEADSET
2026-08-25T18:01:08.213Z,right,base,0.2997205,-0.4991695,0.7672179,0.04566865,0.963594,-0.05577353,0.2574688,NULL,HEADSET
2026-08-25T18:01:08.213Z,right,shoulder_pan_joint,0,8.9159,0,0,-0.6474277,0,0.7621269,NULL,HEADSET
2026-08-25T18:01:08.213Z,right,shoulder_lift_joint,NULL,NULL,NULL,0,0,-0.5919903,0.8059451,NULL,HEADSET
2026-08-25T18:01:08.213Z,right,elbow_joint,-42.5,0,0,0,0,-0.5827838,0.8126273,NULL,HEADSET
2026-08-25T18:01:08.213Z,right,wrist_1_joint,-39.225,0,-10.915,0,0,0.9933289,0.1153154,NULL,HEADSET
2026-08-25T18:01:08.213Z,right,wrist_2_joint,0,-9.465002,0,0,0.4153766,0,0.9096496,NULL,HEADSET
2026-08-25T18:01:08.213Z,right,wrist_3_joint,0,0,-8.23,0,0,-0.4560785,0.8899395,NULL,HEADSET
2026-08-25T18:01:08.213Z,right,gripper,NULL,NULL,NULL,0,0,0,1,0.3721374,HEADSET
2026-08-25T18:01:08.231Z,right,endEffector,0.2831033,0.100612,0.4966078,0.5088369,-0.130537,-0.7959699,0.3007939,NULL,HEADSET
2026-08-25T18:01:08.231Z,right,base,0.3008401,-0.4985468,0.7674555,0.04569582,0.9637878,-0.05641387,0.2565981,NULL,HEADSET
2026-08-25T18:01:08.231Z,right,shoulder_pan_joint,0,8.9159,0,0,-0.6476987,0,0.7618966,NULL,HEADSET
2026-08-25T18:01:08.231Z,right,shoulder_lift_joint,NULL,NULL,NULL,0,0,-0.5921472,0.8058298,NULL,HEADSET
2026-08-25T18:01:08.231Z,right,elbow_joint,-42.5,0,0,0,0,-0.5827317,0.8126646,NULL,HEADSET
2026-08-25T18:01:08.231Z,right,wrist_1_joint,-39.225,0,-10.915,0,0,0.9932867,0.1156792,NULL,HEADSET
2026-08-25T18:01:08.231Z,right,wrist_2_joint,0,-9.465002,0,0,0.4154941,0,0.9095959,NULL,HEADSET
2026-08-25T18:01:08.231Z,right,wrist_3_joint,0,0,-8.23,0,0,-0.4554339,0.8902696,NULL,HEADSET
2026-08-25T18:01:08.231Z,right,gripper,NULL,NULL,NULL,0,0,0,1,0.3722815,HEADSET
2026-08-25T18:01:08.255Z,right,endEffector,0.2841697,0.1006088,0.4961728,0.5083994,-0.1298739,-0.796431,0.3006002,NULL,HEADSET
2026-08-25T18:01:08.255Z,right,base,0.3024008,-0.4982535,0.7671492,0.04543769,0.9640136,-0.05639594,0.255798,NULL,HEADSET
2026-08-25T18:01:08.255Z,right,shoulder_pan_joint,0,8.9159,0,0,-0.6479691,0,0.7616666,NULL,HEADSET
2026-08-25T18:01:08.255Z,right,shoulder_lift_joint,NULL,NULL,NULL,0,0,-0.5923019,0.8057161,NULL,HEADSET
2026-08-25T18:01:08.255Z,right,elbow_joint,-42.5,0,0,0,0,-0.5826963,0.81269,NULL,HEADSET
2026-08-25T18:01:08.255Z,right,wrist_1_joint,-39.225,0,-10.915,0,0,0.9932458,0.1160295,NULL,HEADSET
2026-08-25T18:01:08.255Z,right,wrist_2_joint,0,-9.465002,0,0,0.415624,0,0.9095365,NULL,HEADSET
2026-08-25T18:01:08.255Z,right,wrist_3_joint,0,0,-8.23,0,0,-0.4547895,0.890599,NULL,HEADSET
2026-08-25T18:01:08.255Z,right,gripper,NULL,NULL,NULL,0,0,0,1,0.3721253,HEADSET
2026-08-25T18:01:08.357Z,right,endEffector,0.286653,0.1011104,0.4948111,0.5062518,-0.1295505,-0.7976961,0.3010097,NULL,HEADSET
2026-08-25T18:01:08.357Z,right,base,0.3054238,-0.4969329,0.7667909,0.0452992,0.9644972,-0.05713198,0.2538289,NULL,HEADSET
2026-08-25T18:01:08.357Z,right,shoulder_pan_joint,0,8.9159,0,0,-0.6484997,0,0.7612149,NULL,HEADSET
2026-08-25T18:01:08.357Z,right,shoulder_lift_joint,NULL,NULL,NULL,0,0,-0.5925973,0.805499,NULL,HEADSET
2026-08-25T18:01:08.357Z,right,elbow_joint,-42.5,0,0,0,0,-0.5826582,0.8127173,NULL,HEADSET
2026-08-25T18:01:08.357Z,right,wrist_1_joint,-39.225,0,-10.915,0,0,0.9931676,0.1166967,NULL,HEADSET
2026-08-25T18:01:08.357Z,right,wrist_2_joint,0,-9.465002,0,0,0.415888,0,0.9094158,NULL,HEADSET
2026-08-25T18:01:08.357Z,right,wrist_3_joint,0,0,-8.23,0,0,-0.4534993,0.8912566,NULL,HEADSET
2026-08-25T18:01:08.357Z,right,gripper,NULL,NULL,NULL,0,0,0,1,0.3724791,HEADSET
